{"md5_checksum": "e3e34dba2d2ebed2c6a4a6dbda49b452", "sample": ["mgs138979", "https://api.mg-rast.org/sample/mgs138979"], "project_alpha_diversity": {"avg": 396.078485673021, "max": 498.19967560089, "stdv": 63.1817776552373, "min": 312.16307990822}, "name": "T5KO4_2012", "sequence_type": "WGS", "status": "public", "project": ["mgp6393", "https://api.mg-rast.org/project/mgp6393"], "job_id": 43000, "created": "2012-01-31 22:54:14", "url": "https://api.mg-rast.org/metagenome/mgm4481526.3?verbosity=full", "pipeline_version": "3.0", "id": "mgm4481526.3", "mixs": {"seq_method": "illumina", "longitude": -76.501893, "sequence_type": "WGS", "feature": "animal-associated habitat", "project_id": "mgp6393", "project_name": "TLR5KO_Metagenome", "PI_lastname": "Cornell", "location": "Ithaca, NY", "PI_firstname": "Ruth", "env_package_type": "host-associated", "country": "USA", "collection_date": "2011-08-02T12:00:00-0500", "latitude": 42.444015, "biome": "Temperate grasslands", "material": "feces"}, "pipeline_parameters": {"aa_pid": "90", "m5nr_annotation_version": "1", "screen_indexes": "h_sapiens_asm", "file_type": "fastq", "priority": "never", "min_qual": "15", "dereplicate": "yes", "max_lqb": "5", "m5nr_sims_version": "7", "prefix_length": "50", "m5rna_annotation_version": "1", "dynamic_trim": "no", "rna_pid": "97", "m5rna_sims_version": "7", "bowtie": "no", "fgs_type": "454", "assembled": "no"}, "mixs_compliant": 1, "project_metagenomes": ["4481524.3", "4481526.3", "4481527.3", "4481530.3", "4481562.3", "4481563.3", "4481574.3", "4481575.3", "4489569.3", "4489582.3"], "version": 1, "statistics": {}, "owner": "mgu18732", "library": ["mgl138981", "https://api.mg-rast.org/library/mgl138981"], "metadata": {"sample": {"name": "T5KO4_2012", "data": {"location": "Ithaca, NY", "collection_date": "2011-08-02", "country": "USA", "collection_time": "12:00:00", "biome": "Temperate grasslands", "latitude": 42.444015, "material": "feces", "env_package": "host-associated", "longitude": -76.501893, "feature": "animal-associated habitat", "sample_name": "T5KO4_2012", "collection_timezone": "UTC-5"}, "id": "mgs138979"}, "env_package": {"name": "T5KO4_2012: host-associated", "type": "host-associated", "id": "mge138980", "data": {"sample_name": "T5KO4_2012", "env_package": "host-associated", "body_site": "cecum"}}, "library": {"name": "T5KO4_2012", "type": "WGS", "data": {"sample_name": "T5KO4_2012", "file_name": "KO4_cleaned.fastq.fasta", "investigation_type": "metagenome", "metagenome_id": "4481526.3", "seq_meth": "illumina", "metagenome_name": "T5KO4_2012", "file_checksum": "e3e34dba2d2ebed2c6a4a6dbda49b452"}, "id": "mgl138981"}, "project": {"name": "TLR5KO_Metagenome", "id": "mgp6393", "data": {"PI_firstname": "Ruth", "PI_organization_country": "USA", "PI_email": "rel222@cornell.edu", "mgrast_id": "mgp6393", "PI_organization": "Cornell University", "PI_lastname": "Cornell", "project_name": "TLR5KO_Metagenome", "PI_organization_address": "467 Biotechnology Building, Ithaca, NY, 14853"}, "public": "TLR5KO_Metagenome"}}}