{"created": "2010-12-06 06:52:01", "mixs": {"location": "Rothamsted", "latitude": 51.481481, "material": "soil", "project_name": "Soil microbial community from Rothamsted, Park Grass (METASOIL project)", "env_package_type": "soil", "feature": "prairie", "country": "England", "PI_lastname": "Tom O Delmont", "biome": "Temperate grasslands", "collection_date": "2009-02-01T12:00:00-0000", "sequence_type": "WGS", "project_id": "mgp405", "seq_method": "454", "longitude": 0.222231, "PI_firstname": "Tim M Vogel and"}, "version": 1, "statistics": {}, "mixs_compliant": 0, "sequence_type": "WGS", "pipeline_version": "3.0", "sample": ["mgs109321", "https://api.mg-rast.org/sample/mgs109321"], "name": "METASOIL F2b Rothamsted 2009 February 0-21cm Indirect MPBIO1O1", "job_id": 12857, "owner": "mgu11652", "metadata": {"sample": {"id": "mgs109321", "data": {"longitude": 0.222231, "sample_name": "METASOIL F2b Rothamsted 2009 February 0-21cm Indirect MPBIO1O1", "env_package": "soil", "collection_date": "2009-02-01", "country": "England", "biome": "Temperate grasslands", "collection_time": "12:00:00", "collection_timezone": "UTC-0", "feature": "prairie", "location": "Rothamsted", "latitude": 51.481481, "material": "soil"}, "name": "METASOIL F2b Rothamsted 2009 February 0-21cm Indirect MPBIO1O1"}, "library": {"type": "WGS", "name": "METASOIL F2b Rothamsted 2009 February 0-21cm Indirect MPBIO1O1", "data": {"seq_meth": "454", "investigation_type": "metagenome", "file_checksum": "31568a196dfc13b9e3a2a871a8143b9e", "sample_name": "METASOIL F2b Rothamsted 2009 February 0-21cm Indirect MPBIO1O1", "metagenome_id": "4453254.3", "metagenome_name": "METASOIL F2b Rothamsted 2009 February 0-21cm Indirect MPBIO1O1"}, "id": "mgl109323"}, "project": {"public": "Soil microbial community from Rothamsted, Park Grass (METASOIL project)", "data": {"PI_lastname": "Tom O Delmont", "lastname": "Delmont", "PI_organization_country": "France", "PI_organization_address": "Ecully", "PI_organization": "Ecole centrale de Lyon", "email": "tomdelmont@hotmail.fr", "project_name": "Soil microbial community from Rothamsted, Park Grass (METASOIL project)", "mgrast_id": "mgp405", "PI_email": "timothy.vogel@ec-lyon.fr", "PI_firstname": "Tim M Vogel and", "firstname": "Tom", "project_description": "Metagenomic analyse of soil microbial communities from Rothamsted, UK.\nRelated article on http://www.ncbi.nlm.nih.gov/pubmed/22297556.\nMore information (including Metadata) on the project at http://www.genomenviron.org/Projects/METASOIL.html", "organization": "Ecole centrale de Lyon", "project_funding": "French National Research Agency (ANR) Projet ANR-08-GENM-025"}, "name": "Soil microbial community from Rothamsted, Park Grass (METASOIL project)", "id": "mgp405"}, "env_package": {"id": "mge109322", "type": "soil", "data": {"env_package": "soil", "sample_name": "METASOIL F2b Rothamsted 2009 February 0-21cm Indirect MPBIO1O1"}, "name": "METASOIL F2b Rothamsted 2009 February 0-21cm Indirect MPBIO1O1: soil"}}, "id": "mgm4453254.3", "md5_checksum": "31568a196dfc13b9e3a2a871a8143b9e", "project": ["mgp405", "https://api.mg-rast.org/project/mgp405"], "library": ["mgl109323", "https://api.mg-rast.org/library/mgl109323"], "pipeline_parameters": {"dereplicate": "yes", "fgs_type": "454", "screen_indexes": "h_sapiens", "m5nr_annotation_version": "1", "m5rna_annotation_version": "1", "assembled": "no", "aa_pid": "90", "rna_pid": "97", "file_type": "fna", "bowtie": "yes", "filter_ambig": "yes", "max_ambig": "5", "filter_ln_mult": "2.0", "priority": "never", "prefix_length": "50", "filter_ln": "yes", "m5nr_sims_version": "7", "m5rna_sims_version": "7"}, "project_alpha_diversity": {"avg": 603.087339105196, "max": 650.454442800207, "min": 540.408521458922, "stdv": 28.9576263798265}, "status": "public", "url": "https://api.mg-rast.org/metagenome/mgm4453254.3?verbosity=full", "project_metagenomes": ["4453261.3", "4453247.3", "4453246.3", "4453254.3", "4453256.3", "4453257.3", "4453274.3", "4453406.3", "4453407.3", "4453433.3", "4453434.3", "4453435.3", "4453436.3"]}