{"metadata": {"project": {"name": "Woodrat_foregut_metagenome_creosote", "id": "mgp9847", "public": "Woodrat_foregut_metagenome_creosote", "data": {"firstname": "Kevin", "project_description": "Metagenomic shotgun sequencing of foregut contents of N. lepida fed either a control diet of high-fiber rabbit chow, or a diet amended with 2% of extracted creosote resin.", "PI_organization_address": "257 South 1400 East", "lastname": "Kohl", "PI_firstname": "Kevin", "organization_address": "710 McClelland St", "organization": "University of Utah", "PI_organization": "University of Utah", "organization_country": "United States", "PI_lastname": "Kohl", "email": "kkohl78@gmail.com", "PI_email": "kkohl78@gmail.com", "project_name": "Woodrat_foregut_metagenome_creosote", "PI_organization_country": "USA"}}, "sample": {"name": "4484670.3", "id": "mgs192560", "data": {"collection_timezone": "UTC-7", "sample_name": "4484670.3", "feature": "organic feature", "biome": "Deserts and xeric shrubland biome", "collection_date": "2011-02-16", "material": "chyme", "location": "Salt Lake City UT", "longitude": -111.89105, "country": "USA", "collection_time": "08:00:00", "latitude": 40.76078, "env_package": "host-associated"}}, "env_package": {"data": {"host_common_name": "desert woodrat", "misc_param": "Neotoma lepida", "body_product": "foregut contents", "sample_name": "4484670.3", "diet": "creosote", "host_subject_id": "539", "env_package": "host-associated"}, "name": "4484670.3: host-associated", "id": "mge192561", "type": "host-associated"}, "library": {"data": {"seq_center": "University of Utah Core Facility", "seq_meth": "illumina", "file_name": "8872X1_111216_SN141_0431_AC09W4ACXX_8_ALL.txt.fasta", "metagenome_id": "4484670.3", "metagenome_name": "lepida_foregut_539_creosote_ALL", "sample_name": "4484670.3", "file_checksum": "5919951da9b327b7d53111ad3837b7c8", "investigation_type": "metagenome"}, "name": "lepida_foregut_539_creosote_ALL", "id": "mgl192562", "type": "WGS"}}, "job_id": 46212, "library": ["mgl192562", "https://api.mg-rast.org/library/mgl192562"], "sequence_type": "WGS", "id": "mgm4484670.3", "mixs": {"longitude": -111.89105, "project_id": "mgp9847", "env_package_type": "host-associated", "feature": "organic feature", "collection_date": "2011-02-16T08:00:00-0700", "biome": "Deserts and xeric shrubland biome", "material": "chyme", "sequence_type": "WGS", "PI_firstname": "Kevin", "location": "Salt Lake City UT", "PI_lastname": "Kohl", "latitude": 40.76078, "seq_method": "illumina", "project_name": "Woodrat_foregut_metagenome_creosote", "country": "USA"}, "url": "https://api.mg-rast.org/metagenome/mgm4484670.3?verbosity=full", "created": "2012-02-27 22:21:22", "project_metagenomes": ["4486239.3", "4484865.3", "4484859.3", "4484670.3", "4483943.3", "4483883.3", "4483800.3", "4482714.3"], "md5_checksum": "5919951da9b327b7d53111ad3837b7c8", "pipeline_version": "3.0", "statistics": {}, "owner": "mgu49909", "sample": ["mgs192560", "https://api.mg-rast.org/sample/mgs192560"], "version": 1, "pipeline_parameters": {"file_type": "fastq", "priority": "never", "fgs_type": "454", "m5rna_sims_version": "7", "m5rna_annotation_version": "1", "m5nr_annotation_version": "1", "screen_indexes": "a_thaliana", "rna_pid": "97", "assembled": "no", "bowtie": "yes", "prefix_length": "50", "max_lqb": "5", "dereplicate": "yes", "min_qual": "15", "dynamic_trim": "yes", "m5nr_sims_version": "7", "aa_pid": "90"}, "project": ["mgp9847", "https://api.mg-rast.org/project/mgp9847"], "status": "public", "mixs_compliant": 1, "name": "lepida_foregut_539_creosote_ALL", "project_alpha_diversity": {"max": 797.686510607398, "avg": 463.36318850334, "stdv": 219.457560854748, "min": 0}}