{"project": ["mgp16895", "https://api.mg-rast.org/project/mgp16895"], "url": "https://api.mg-rast.org/metagenome/mgm4466742.3?verbosity=full", "mixs": {"sequence_type": "WGS", "location": "Pacific Ocean", "biome": "coral reef", "env_package_type": "water", "seq_method": "454", "project_name": "Global Microbialization On Reefs", "longitude": -157.4981, "country": "Kiribati", "PI_lastname": "Rohwer", "PI_firstname": "Forest", "latitude": 2.0378, "feature": "coral reef", "collection_date": "2005-08-04T10:00:00-1000", "project_id": "mgp16895", "material": "water"}, "status": "public", "project_metagenomes": ["4466813.3", "4466742.3", "4466740.3", "4466841.3", "4449259.3", "4449268.3", "4442653.3", "4442652.3", "4442643.3"], "version": 1, "created": "2011-06-22 23:52:51", "sample": ["mgs470612", "https://api.mg-rast.org/sample/mgs470612"], "pipeline_version": "3.0", "id": "mgm4466742.3", "sequence_type": "WGS", "metadata": {"sample": {"id": "mgs470612", "data": {"depth": 10, "sample_name": "Kiritimati", "sample_id": "4466742.3", "biome": "coral reef", "collection_timezone": "UTC-10", "location": "Pacific Ocean", "feature": "coral reef", "collection_date": "2005-08-04", "material": "water", "collection_time": "10:00:00", "latitude": 2.0378, "env_package": "water", "longitude": -157.4981, "country": "Kiribati"}, "name": "Kiritimati"}, "env_package": {"id": "mge470613", "name": "Kiritimati: water", "data": {"sample_name": "Kiritimati", "env_package": "water"}, "type": "water"}, "project": {"public": "Global Microbialization On Reefs", "data": {"PI_firstname": "Forest", "project_description": "Metagenomes from watercolumn above coral reefs", "organization_url": "coralandphage.org", "email": "lwegley@gmail.com", "organization": "San Diego State University", "organization_country": "USA", "PI_organization_country": "USA", "PI_lastname": "Rohwer", "firstname": "Linda", "project_name": "Global Microbialization on Reefs", "organization_address": "LS301 Biology Department, San Diego State University, 5500 Campanile Drive, San Diego, CA 92182", "PI_organization_url": "coralandphage.org", "project_funding": "NSF", "envo_release": "2013-04-27", "lastname": "Kelly", "PI_organization": "San Diego State University", "PI_organization_address": "LS301 Biology Department, San Diego State University, 5500 Campanile Drive, San Diego, CA 92182", "PI_email": "frohwer@gmail.com"}, "name": "Global Microbialization On Reefs", "id": "mgp16895"}, "library": {"type": "WGS", "id": "mgl470614", "name": "CoralKiritimati2005BMic20050805_NP ", "data": {"metagenome_id": "4466742.3", "seq_meth": "454", "seq_center": "SDSU", "file_name": "CoralKiritimati2005BMic20050805_NPFinal.fasta", "file_checksum": "3f267288d40bf87618732245eacbbfcc", "metagenome_name": "CoralKiritimati2005BMic20050805_NP", "investigation_type": "metagenome", "seq_quality_check": "Prinseq", "seq_chem": "Titanium", "sample_name": "Kiritimati"}}}, "md5_checksum": "3f267288d40bf87618732245eacbbfcc", "mixs_compliant": 0, "job_id": 26339, "owner": "mgu333", "name": "CoralKiritimati2005BMic20050805_NP", "library": ["mgl470614", "https://api.mg-rast.org/library/mgl470614"], "pipeline_parameters": {"aa_pid": "90", "filter_ambig": "no", "dereplicate": "no", "max_ambig": "5", "filter_ln_mult": "-3.43", "priority": "never", "prefix_length": "50", "rna_pid": "97", "bowtie": "no", "m5nr_annotation_version": "1", "assembled": "no", "filter_ln": "no", "m5rna_sims_version": "7", "fgs_type": "454", "file_type": "fna", "m5nr_sims_version": "7", "screen_indexes": "h_sapiens_asm", "m5rna_annotation_version": "1"}, "project_alpha_diversity": {"stdv": 149.40546087881, "max": 536.002088402223, "min": 104.599259832891, "avg": 356.001397593201}, "statistics": {}}