{"id": "mgm4477983.3", "owner": "mgu49827", "statistics": {}, "status": "public", "mixs": {"material": "rhizosphere", "env_package_type": "plant-associated", "country": "Netherlands", "PI_firstname": "Jos", "biome": "terrestrial biome", "location": "wageningen", "PI_lastname": "Raaijmakers", "seq_method": "illumina", "latitude": 51.9673749, "collection_date": "2009-10-06T09:00:00ERROR timezone has no sign in (1)", "feature": "field", "sequence_type": "WGS", "project_id": "mgp4747", "longitude": 5.663678, "project_name": "Hoeven metatranscriptome"}, "project_alpha_diversity": {"avg": 570.395555136054, "stdv": 317.110157649563, "min": 59.3762830326442, "max": 913.922525876901}, "project": ["mgp4747", "https://api.mg-rast.org/project/mgp4747"], "url": "https://api.mg-rast.org/metagenome/mgm4477983.3?verbosity=full", "project_metagenomes": ["4481670.3", "4481669.3", "4481668.3", "4481667.3", "4481666.3", "4481665.3", "4477709.3", "4477703.3", "4477702.3", "4478287.3", "4478286.3", "4477704.3", "4479548.3", "4479547.3", "4478289.3", "4477983.3", "4480877.3", "4480797.3", "4480777.3", "4480766.3", "4480765.3", "4480759.3"], "sample": ["mgs268217", "https://api.mg-rast.org/sample/mgs268217"], "version": 1, "metadata": {"library": {"data": {"file_checksum": "2d067f18bbf29ea8254e75f5f3d3e533", "seq_center": "Vertis Biotech, Germany", "seq_make": "Illumina", "investigation_type": "metagenome", "metagenome_id": "4477983.3", "seq_model": "HiSeq", "metagenome_name": "mRNA_S", "file_name": "metaS_clustered95.fasta", "seq_meth": "illumina", "sample_name": "Merged mRNA_S"}, "id": "mgl268219", "name": "mRNA_S", "type": "WGS"}, "env_package": {"data": {"life_stage": "seedling", "fertilizer_regm": "Hoagland macronutrients", "sample_name": "Merged mRNA_S", "env_package": "plant-associated", "host_taxid": "161934", "plant_body_site": "rhizosphere", "fungicide_regm": "Hymexazol, Thiram seed coating", "phenotype": "healthy", "host_common_name": "sugarbeet", "infra_specific_rank": "Aligator", "air_temp_regm": "22", "climate_environment": "Growthchamber, 70% humidity, 16h daylight", "age": "21 days", "misc_param_1": "env_package: plant-associated"}, "id": "mge268218", "name": "Merged mRNA_S: plant-associated", "type": "plant-associated"}, "sample": {"name": "Merged mRNA_S", "data": {"biome": "terrestrial biome", "material": "rhizosphere", "ph": 5.8, "continent": "europe", "country": "Netherlands", "collection_date": "2009-10-06", "latitude": 51.9673749, "feature": "field", "collection_timezone": "UTC1", "location": "wageningen", "temperature": 22, "collection_time": "9:00:00", "sample_name": "Merged mRNA_S", "longitude": 5.663678, "env_package": "plant-associated"}, "id": "mgs268217"}, "project": {"data": {"lastname": "Chapelle", "PI_lastname": "Raaijmakers", "PI_organization_country": "Netherlands", "organization_country": "Netherlands", "PI_email": "jos.raaijmakers@wur.nl", "email": "emilie.chapelle@wur.nl", "organization_address": "Droevendaalsesteeg 1, Radix", "PI_firstname": "Jos", "organization_url": "http://www.wageningenur.nl/en/Expertise-Services/Chair-groups/Plant-Sciences/Laboratory-of-Phytopathology/Research/Bacterial-Ecology-Genomics.htm", "project_funding": "NWO / EU", "project_name": "Hoeven metatranscriptome", "PI_organization_url": "http://www.wageningenur.nl/en/Expertise-Services/Chair-groups/Plant-Sciences/Laboratory-of-Phytopathology/Research/Bacterial-Ecology-Genomics.htm", "firstname": "Emilie", "PI_organization_address": "Droevendaalsesteeg 1, Radix", "PI_organization": "Wageningen University", "project_description": "This project aim at comparing the soil metatranscriptome in the rhizosphere of sugarbeet plants grown in a suppressive soil in the presence (Sr) or absence (S) of the fungal pathogen Rhizoctonia solani.\nThe dataset comprises 3 biological replicates (pooled rhizosphere soil from 12 21-days-old sugarbeet plants) of each S and Sr treatments.", "organization": "Wageningen University"}, "id": "mgp4747", "name": "Hoeven metatranscriptome", "public": "Hoeven metatranscriptome"}}, "pipeline_version": "3.0", "name": "mRNA_S", "sequence_type": "WGS", "mixs_compliant": 1, "created": "2011-12-02 07:43:14", "library": ["mgl268219", "https://api.mg-rast.org/library/mgl268219"], "job_id": 37590, "pipeline_parameters": {"filter_ambig": "yes", "m5nr_sims_version": "7", "filter_ln": "no", "rna_pid": "97", "priority": "never", "aa_pid": "90", "m5rna_sims_version": "1", "m5rna_annotation_version": "1", "max_ambig": "5", "file_type": "fna", "assembled": "no", "screen_indexes": "h_sapiens_asm", "prefix_length": "50", "fgs_type": "454", "bowtie": "no", "filter_ln_mult": "-13.06", "dereplicate": "yes", "m5nr_annotation_version": "1"}, "md5_checksum": "2d067f18bbf29ea8254e75f5f3d3e533"}