{"url": "https://api.mg-rast.org/metagenome/mgm4449589.3?verbosity=full", "library": ["mgl363270", "https://api.mg-rast.org/library/mgl363270"], "version": 1, "metadata": {"library": {"id": "mgl363270", "name": "PolS1", "type": "WGS", "data": {"sample_name": "PolS1", "metagenome_id": "4449589.3", "investigation_type": "metagenome", "seq_meth": "454", "metagenome_name": "PolS1", "file_checksum": "1732a116e1f6a9848c6fccc24dccbe3a"}}, "env_package": {"type": "water", "data": {"env_package": "water", "sample_name": "PolS1"}, "id": "mge363269", "name": "PolS1: water"}, "sample": {"data": {"collection_time": "10:30:00", "location": "Genova Port", "feature": "harbor", "collection_timezone": "UTC+1", "sample_name": "PolS1", "longitude": -8.55, "material": "water", "collection_date": "2009-03-12", "env_package": "water", "country": "Italy", "biome": "sea", "latitude": 44.24}, "name": "PolS1", "id": "mgs363268"}, "project": {"data": {"firstname": "Veljo", "lastname": "Kisand", "email": "kisand@ut.ee", "PI_organization": "European Commission, DG Joint Research Centre", "PI_lastname": "Lettieri", "envo_release": "2013-04-27", "PI_organization_country": "Italy", "PI_firstname": "Teresa", "project_name": "Monitoring Mediterranean Sea", "PI_email": "teresa.lettieri@jrc.ec.europa.eu", "PI_organization_address": "Institute for Environment and Sustainability, Water  Resources Unit, TP 121, Via E.Fermi, 2749, 21027 Ispra (VA)"}, "public": "Monitoring Mediterranean Sea", "name": "Monitoring Mediterranean Sea", "id": "mgp2901"}}, "owner": "mgu23972", "md5_checksum": "1732a116e1f6a9848c6fccc24dccbe3a", "pipeline_version": "3.0", "sequence_type": "WGS", "job_id": 9318, "id": "mgm4449589.3", "sample": ["mgs363268", "https://api.mg-rast.org/sample/mgs363268"], "statistics": {}, "project": ["mgp2901", "https://api.mg-rast.org/project/mgp2901"], "project_alpha_diversity": {"avg": 497.585917807694, "max": 641.486448958875, "min": 388.994876606732, "stdv": 106.059947160785}, "mixs_compliant": 0, "status": "public", "pipeline_parameters": {"m5nr_annotation_version": "1", "fgs_type": "454", "prefix_length": "50", "m5nr_sims_version": "7", "m5rna_sims_version": "7", "max_ambig": "5", "filter_ln_mult": "2.0", "m5rna_annotation_version": "1", "rna_pid": "97", "priority": "never", "filter_ambig": "yes", "bowtie": "yes", "filter_ln": "yes", "file_type": "fna", "dereplicate": "yes", "aa_pid": "90", "screen_indexes": "h_sapiens", "assembled": "no"}, "name": "PolS1", "project_metagenomes": ["4451593.3", "4451102.3", "4449685.3", "4449589.3"], "mixs": {"PI_firstname": "Teresa", "seq_method": "454", "sequence_type": "WGS", "project_id": "mgp2901", "location": "Genova Port", "feature": "harbor", "PI_lastname": "Lettieri", "biome": "sea", "latitude": 44.24, "material": "water", "collection_date": "2009-03-12T10:30:00+0100", "project_name": "Monitoring Mediterranean Sea", "country": "Italy", "env_package_type": "water", "longitude": -8.55}, "created": "2010-07-08 12:28:10"}