{"metadata": {"project": {"public": "Cyanobacterial aggregates, aka Green Berries, from Little Sippwewissett Salt Marsh, Falmouth, MA- 454 Reads", "data": {"firstname": "Elizabeth", "organization": "UCSB", "PI_organization_country": "USA", "project_description": "454 Metagenomic reads from cyanobacterial aggregates from the Little Sippewissett Salt Marsh", "project_name": "Green_berry_reads", "organization_country": "USA", "PI_lastname": "Wilbanks", "envo_release": "2017-04-15", "PI_organization_address": "EEMB, Santa Barbara, CA, 93106", "PI_firstname": "Elizabeth", "lastname": "Wilbanks", "organization_address": "EEMB, Santa Barbara, CA, 93106", "project_funding": "NSF", "PI_organization": "UCSB", "email": "elizabeth.wilbanks@lifesci.ucsb.edu", "PI_email": "elizabeth.wilbanks@lifesci.ucsb.edu"}, "name": "Cyanobacterial aggregates, aka Green Berries, from Little Sippwewissett Salt Marsh, Falmouth, MA- 454 Reads", "id": "mgp31404"}, "env_package": {"type": "microbial mat|biofilm", "id": "mge579980", "name": "green_berry_1: microbial mat|biofilm", "data": {"env_package": "microbial mat|biofilm", "sample_name": "green_berry_1", "mgrast_id": "mge579980"}}, "library": {"id": "mgl579981", "data": {"investigation_type": "metagenome", "seq_meth": "454", "file_checksum": "a709d85da9d5498c0a48d2daf6e948d3", "sample_name": "green_berry_1", "mgrast_id": "mgl579981", "metagenome_id": "4454183.3", "metagenome_name": "Green Berry 454 Reads"}, "name": "Green Berry 454 Reads", "type": "WGS"}, "sample": {"id": "mgs579979", "data": {"altitude": 0, "country": "USA", "sample_size": "10 aggregates", "collection_time": "13:59:59", "biome": "marine salt marsh biome", "collection_timezone": "UTC-5:00", "material": "biofilm material", "collection_date": "2010-07-01", "depth": 0, "env_package": "microbial mat|biofilm", "elevation": 0, "longitude": -70.639233, "continent": "north america", "latitude": 41.575836, "location": "Little Sippewissett Salt Marsh", "sample_name": "green_berry_1", "mgrast_id": "mgs579979", "temperature": 25, "feature": "intertidal zone"}, "name": "green_berry_1"}}, "sequence_type": "WGS", "url": "https://api.mg-rast.org/metagenome/mgm4454183.3?verbosity=full", "mixs": {"project_name": "Cyanobacterial aggregates, aka Green Berries, from Little Sippwewissett Salt Marsh, Falmouth, MA- 454 Reads", "longitude": -70.639233, "location": "Little Sippewissett Salt Marsh", "latitude": 41.575836, "sequence_type": "WGS", "PI_firstname": "Elizabeth", "env_package_type": "microbial mat|biofilm", "seq_method": "454", "feature": "intertidal zone", "PI_lastname": "Wilbanks", "project_id": "mgp31404", "country": "USA", "material": "biofilm material", "biome": "marine salt marsh biome", "collection_date": "2010-07-01T13:59:59-0500"}, "owner": "mgu21462", "md5_checksum": "a709d85da9d5498c0a48d2daf6e948d3", "job_id": 13790, "project": ["mgp31404", "https://api.mg-rast.org/project/mgp31404"], "library": ["mgl579981", "https://api.mg-rast.org/library/mgl579981"], "sample": ["mgs579979", "https://api.mg-rast.org/sample/mgs579979"], "id": "mgm4454183.3", "pipeline_version": "3.0", "statistics": {}, "project_alpha_diversity": {"min": 246.553267720009, "stdv": 0, "avg": 246.553267720009, "max": 246.553267720009}, "pipeline_parameters": {"file_type": "fna", "screen_indexes": "h_sapiens", "fgs_type": "454", "filter_ln_mult": "2.0", "m5rna_sims_version": "7", "max_ambig": "5", "filter_ambig": "yes", "assembled": "no", "rna_pid": "97", "dereplicate": "yes", "bowtie": "yes", "priority": "never", "prefix_length": "50", "filter_ln": "yes", "m5nr_sims_version": "7", "m5rna_annotation_version": "1", "m5nr_annotation_version": "1", "aa_pid": "90"}, "status": "public", "version": 1, "created": "2011-01-21 18:12:09", "mixs_compliant": 0, "name": "Green Berry 454 Reads", "project_metagenomes": ["4454183.3"]}