{"job_id": 6314, "status": "public", "statistics": {}, "project_alpha_diversity": {"max": 494.111730444957, "min": 494.111730444957, "stdv": 0, "avg": 494.111730444957}, "mixs": {"location": "Eastern Irish Sea", "latitude": 23.7803, "project_name": "Irish_Sea_Metagenome", "PI_lastname": "McCarthy", "longitude": 9.0914, "seq_method": "454", "biome": "sea", "material": "water", "project_id": "mgp17602", "country": "United Kingdom", "PI_firstname": "Alan, J", "env_package_type": "water", "feature": "marine habitat", "sequence_type": "WGS", "collection_date": "2008-04-01T12:00:00Z"}, "library": ["mgl468582", "https://api.mg-rast.org/library/mgl468582"], "created": "2010-02-15 14:24:12", "md5_checksum": "1adce79b206432ffc42d98f85e810e45", "pipeline_parameters": {"aa_pid": "90", "screen_indexes": "h_sapiens", "assembled": "no", "max_ambig": "5", "filter_ln": "yes", "m5rna_sims_version": "7", "fgs_type": "454", "bowtie": "yes", "file_type": "fna", "m5nr_sims_version": "7", "dereplicate": "yes", "filter_ln_mult": "2.0", "m5rna_annotation_version": "1", "m5nr_annotation_version": "1", "prefix_length": "50", "rna_pid": "97", "filter_ambig": "yes", "priority": "never"}, "url": "https://api.mg-rast.org/metagenome/mgm4446437.3?verbosity=full", "mixs_compliant": 0, "metadata": {"library": {"name": "Irish_Sea_metagenome", "id": "mgl468582", "data": {"metagenome_id": "4446437.3", "sample_name": "Irish_Sea_metagenome", "metagenome_name": "Irish_Sea_metagenome", "file_checksum": "1adce79b206432ffc42d98f85e810e45", "seq_meth": "454", "investigation_type": "metagenome"}, "type": "WGS"}, "project": {"name": "Irish_Sea_Metagenome", "id": "mgp17602", "public": "Irish_Sea_Metagenome", "data": {"PI_firstname": "Alan, J", "project_name": "Irish_Sea_Metagenome", "PI_organization_address": "Institute of Integrative Biology, Biosciences Building, University of Liverpool, Crown Street, L69 7ZB", "PI_lastname": "McCarthy", "envo_release": "2013-04-27", "PI_email": "aj55m@liverpool.ac.uk", "PI_organization_country": "United Kingdom", "PI_organization": "The University of Liverpool"}}, "sample": {"id": "mgs468580", "name": "Irish_Sea_metagenome", "data": {"country": "United Kingdom", "biome": "sea", "longitude": 9.0914, "env_package": "water", "material": "water", "latitude": 23.7803, "location": "Eastern Irish Sea", "collection_date": "2008-04-01", "continent": "europe", "collection_timezone": "UTC", "sample_name": "Irish_Sea_metagenome", "collection_time": "12:00:00", "feature": "marine habitat"}}, "env_package": {"name": "Irish_Sea_metagenome: water", "id": "mge468581", "data": {"env_package": "water", "sample_name": "Irish_Sea_metagenome"}, "type": "water"}}, "sample": ["mgs468580", "https://api.mg-rast.org/sample/mgs468580"], "project_metagenomes": ["4446437.3"], "project": ["mgp17602", "https://api.mg-rast.org/project/mgp17602"], "owner": "mgu15652", "id": "mgm4446437.3", "version": 1, "name": "Irish_Sea_metagenome", "sequence_type": "WGS", "pipeline_version": "3.0"}