{"name": "CFLungPat001Rep3SDVir20060505", "pipeline_parameters": {"screen_indexes": "h_sapiens", "m5nr_annotation_version": "1", "file_type": "fna", "dereplicate": "yes", "priority": "never", "filter_ambig": "yes", "m5rna_sims_version": "7", "m5rna_annotation_version": "1", "rna_pid": "97", "aa_pid": "90", "fgs_type": "454", "assembled": "no", "bowtie": "yes", "prefix_length": "50", "m5nr_sims_version": "7", "max_ambig": "5", "filter_ln_mult": "2.0", "filter_ln": "yes"}, "id": "mgm4440441.3", "project_metagenomes": ["4440442.4", "4440442.5", "4440026.3", "4440051.3", "4440441.3"], "url": "https://api.mg-rast.org/metagenome/mgm4440441.3?verbosity=full", "project": ["mgp31", "https://api.mg-rast.org/project/mgp31"], "sample": ["mgs12549", "https://api.mg-rast.org/sample/mgs12549"], "statistics": {}, "pipeline_version": "3.0", "metadata": {"sample": {"name": "mgs12549", "id": "mgs12549", "data": {"samp_collect_device": "Sputum samples of approximately 10 ml were obtained from CF patients at the Adult cystic fibrosis Clinic by expectoration into a sterile cup, as directed by clinic staff. Since sputum expectoration is difficult in general for Non-CF individuals, all Non-CF subjects were first required to do an oral rinse with water to prevent excessive salivary contamination and then take five deep breaths to loosen lung secretions. Subjects were then instructed to cough deeply into a sterile cup. The deep breathing and coughing procedures were repeated until at least 1 ml of sputum was obtained.", "env_package": "human-associated", "collection_timezone": "UTC", "biome": "animal-associated habitat", "isol_growth_condt": "19816605", "metagenome_taxonomy": "human lung", "feature": "animal-associated habitat", "ebi_id": "ERS1937125", "location": "Adult cystic fibrosis Clinic at the University of California San Diego Medical Center", "latitude": 32.8781, "longitude": -117.1072, "geodetic_system": "wgs_84", "continent": "north_america", "country": "United States of America", "material": "animal-associated habitat", "samp_size": "10 ml of sputum", "collection_date": "2009-07-01"}}, "library": {"data": {"ebi_id": "ERX2187968", "metagenome_name": "CFLungPat001Rep3SDVir20060505", "gold_id": "Gm00009", "file_checksum": "58783a3076eefb688b8b67267e7450ea", "sequences_sequences_filtered": "Sequences with 80% identity over 80% of their length to human sequences were considered contaminating human genomic DNA and were removed prior to further bioinformatic analyses.", "metagenome_id": "4440441.3", "seq_center": "454 Life Sciences, Inc, Branford, CT", "investigation_type": "metagenome", "seq_meth": "454", "pubmed_id": "19816605, 18337718"}, "id": "mgl43794", "type": "WGS", "name": "mgl43794"}, "env_package": {"id": "mge43795", "data": {"organism_count": "10^9 VLPs per ml", "pulmonary_disord": "cystic fibrosis", "body_product": "lung sputum", "disease_stat": "non-exacerbated state", "body_site": "lung", "medic_hist_perform": "yes", "env_package": "human-associated", "host_subject_id": "CFLungPat001Rep3"}, "name": "mge43795", "type": "human-associated"}, "project": {"name": "Human Lung Healthy vs Cystic Fibrosis Metagenome", "public": "Human Lung Healthy vs Cystic Fibrosis Metagenome", "id": "mgp31", "data": {"PI_firstname": "Dana", "project_funding": "Cystic Foundation Research Inc. (www.cfri.org)", "PI_organization_country": "USA", "PI_lastname": "Willner", "PI_organization_url": "http://sdsu.edu", "ncbi_id": "28593,  28441, 39545", "ebi_id": "ERP104381", "PI_organization_address": "San Diego, CA", "PI_organization": "San Diego State University", "project_name": "Human Lung Healthy vs Cystic Fibrosis Metagenome", "project_description": "The human respiratory tract is constantly exposed to a wide variety of viruses, microbes and inorganic particulates from environmental air, water and food. Physical characteristics of inhaled particles and airway mucosal immunity determine which viruses and microbes will persist in the airways. Here we present the first metagenomic study of DNA viral communities in the airways of diseased and non-diseased individuals. We obtained sequences from sputum DNA viral communities in 5 individuals with cystic fibrosis (CF) and 5 individuals without the disease.These results have important clinical implications for CF, indicating that therapeutic measures may be more effective if used to change the respiratory environment, as opposed to shifting the taxonomic composition of resident microbiota.", "PI_email": "willner9@aol.com"}}}, "owner": "mgu172", "status": "public", "job_id": 339, "sequence_type": "WGS", "mixs": {"biome": "animal-associated habitat", "seq_method": "454", "project_name": "Human Lung Healthy vs Cystic Fibrosis Metagenome", "env_package_type": "human-associated", "feature": "animal-associated habitat", "sequence_type": "WGS", "project_id": "mgp31", "latitude": 32.8781, "location": "Adult cystic fibrosis Clinic at the University of California San Diego Medical Center", "longitude": -117.1072, "material": "animal-associated habitat", "PI_firstname": "Dana", "country": "United States of America", "PI_lastname": "Willner", "collection_date": "2009-07-01"}, "version": 1, "mixs_compliant": 1, "md5_checksum": "58783a3076eefb688b8b67267e7450ea", "created": "2007-12-27 05:47:22", "library": ["mgl43794", "https://api.mg-rast.org/library/mgl43794"], "project_alpha_diversity": {"stdv": 25.2609773873377, "max": 111.086831104172, "min": 36.5135279009653, "avg": 66.3296233642421}}