{"pipeline_version": "3.0", "pipeline_parameters": {"filter_ln_mult": "2.0", "filter_ambig": "yes", "bowtie": "yes", "screen_indexes": "h_sapiens", "m5rna_sims_version": "7", "rna_pid": "97", "m5nr_sims_version": "7", "prefix_length": "50", "file_type": "fna", "m5rna_annotation_version": "1", "m5nr_annotation_version": "1", "dereplicate": "yes", "fgs_type": "454", "filter_ln": "yes", "max_ambig": "5", "assembled": "no", "aa_pid": "90", "priority": "never"}, "sample": ["mgs470594", "https://api.mg-rast.org/sample/mgs470594"], "status": "public", "job_id": 8981, "url": "https://api.mg-rast.org/metagenome/mgm4449259.3?verbosity=full", "statistics": {}, "version": 1, "mixs_compliant": 0, "project": ["mgp16895", "https://api.mg-rast.org/project/mgp16895"], "project_metagenomes": ["4466813.3", "4466742.3", "4466740.3", "4466841.3", "4449259.3", "4449268.3", "4442653.3", "4442652.3", "4442643.3"], "name": "CoralBelizeMic_2", "created": "2010-06-23 21:43:58", "metadata": {"project": {"data": {"project_funding": "NSF", "project_description": "Metagenomes from watercolumn above coral reefs", "PI_organization_address": "LS301 Biology Department, San Diego State University, 5500 Campanile Drive, San Diego, CA 92182", "PI_lastname": "Rohwer", "PI_organization_url": "coralandphage.org", "email": "lwegley@gmail.com", "project_name": "Global Microbialization on Reefs", "organization_url": "coralandphage.org", "organization_country": "USA", "organization_address": "LS301 Biology Department, San Diego State University, 5500 Campanile Drive, San Diego, CA 92182", "PI_firstname": "Forest", "PI_organization_country": "USA", "organization": "San Diego State University", "firstname": "Linda", "PI_organization": "San Diego State University", "envo_release": "2013-04-27", "PI_email": "frohwer@gmail.com", "lastname": "Kelly"}, "name": "Global Microbialization On Reefs", "id": "mgp16895", "public": "Global Microbialization On Reefs"}, "env_package": {"name": "Belize: water", "data": {"env_package": "water", "sample_name": "Belize"}, "type": "water", "id": "mge470595"}, "library": {"id": "mgl470596", "type": "WGS", "data": {"seq_meth": "454", "investigation_type": "metagenome", "seq_center": "SDSU", "metagenome_id": "4449259.3", "seq_quality_check": "Prinseq", "metagenome_name": "CoralBelizeMic_2", "file_checksum": "cdd9a26aa59f9084d9e8da32d4aa2a41", "seq_chem": "Titanium", "sample_name": "Belize"}, "name": "CoralBelizeMic_2"}, "sample": {"name": "Belize", "data": {"env_package": "water", "sample_id": "4449259.3", "collection_time": "10:00:00", "depth": 12, "collection_timezone": "UTC-6", "material": "water", "country": "Belize", "longitude": -88.075555, "collection_date": "2000-09-18", "biome": "coral reef", "location": "Atlantic Ocean", "sample_name": "Belize", "feature": "coral reef", "latitude": 16.7758333}, "id": "mgs470594"}}, "project_alpha_diversity": {"min": 104.599259832891, "avg": 356.001397593201, "max": 536.002088402223, "stdv": 149.40546087881}, "id": "mgm4449259.3", "owner": "mgu18092", "md5_checksum": "cdd9a26aa59f9084d9e8da32d4aa2a41", "mixs": {"env_package_type": "water", "material": "water", "country": "Belize", "PI_lastname": "Rohwer", "project_name": "Global Microbialization On Reefs", "sequence_type": "WGS", "longitude": -88.075555, "collection_date": "2000-09-18T10:00:00-0600", "location": "Atlantic Ocean", "biome": "coral reef", "PI_firstname": "Forest", "seq_method": "454", "feature": "coral reef", "project_id": "mgp16895", "latitude": 16.7758333}, "sequence_type": "WGS", "library": ["mgl470596", "https://api.mg-rast.org/library/mgl470596"]}