{"job_id": 30458, "mixs_compliant": 0, "pipeline_version": "3.0", "sample": ["mgs191390", "https://api.mg-rast.org/sample/mgs191390"], "version": 1, "library": ["mgl191392", "https://api.mg-rast.org/library/mgl191392"], "project_metagenomes": ["4450243.3", "4460919.3", "4470861.3"], "project": ["mgp9664", "https://api.mg-rast.org/project/mgp9664"], "md5_checksum": "f1a15c76b93928dd6d51b3334945b350", "owner": "mgu24242", "metadata": {"project": {"data": {"PI_organization_address": "Rod. C\u00f4nego Dom\u00eanico Rangoni km. 270, Cubat\u00e3o, S\u00e3o Paulo, Brazil", "PI_lastname": "Karolski", "PI_organization_country": "Brazil", "lastname": "Karolski", "organization_country": "Brazil", "email": "brukarolski@gmail.com", "PI_email": "brukarolski@gmail.com", "PI_organization": "Bruno", "PI_firstname": "Bruno", "project_name": "Cubatao_metagenomic", "project_description": "BTEX degradation analysis using metagenomic approach", "firstname": "Bruno"}, "id": "mgp9664", "public": "Cubatao_metagenomic", "name": "Cubatao_metagenomic"}, "sample": {"id": "mgs191390", "data": {"location": "Cubatao", "feature": "oil spill", "biome": "terrestrial biome", "sample_name": "Cubatao_C", "continent": "south america", "material": "xylene contaminated soil", "collection_time": "11:14:00", "depth": 0.2, "longitude": -46.4375278, "collection_timezone": "UTC-3", "collection_date": "2011-02-21", "latitude": -23.8658333, "country": "Brazil", "env_package": "soil"}, "name": "Cubatao_C"}, "env_package": {"name": "Cubatao_C: soil", "type": "soil", "id": "mge191391", "data": {"env_package": "soil", "sample_name": "Cubatao_C"}}, "library": {"data": {"investigation_type": "metagenome", "file_name": "DNAcont_col1.sff.fasta", "metagenome_id": "4470861.3", "file_checksum": "f1a15c76b93928dd6d51b3334945b350", "sample_name": "Cubatao_C", "seq_meth": "454", "metagenome_name": "Cubatao_C"}, "id": "mgl191392", "name": "Cubatao_C", "type": "WGS"}}, "statistics": {}, "id": "mgm4470861.3", "sequence_type": "WGS", "created": "2011-08-21 21:18:42", "name": "Cubatao_C", "mixs": {"feature": "oil spill", "biome": "terrestrial biome", "location": "Cubatao", "PI_lastname": "Karolski", "project_id": "mgp9664", "material": "xylene contaminated soil", "env_package_type": "soil", "seq_method": "454", "longitude": -46.4375278, "project_name": "Cubatao_metagenomic", "sequence_type": "WGS", "country": "Brazil", "latitude": -23.8658333, "collection_date": "2011-02-21T11:14:00-0300", "PI_firstname": "Bruno"}, "project_alpha_diversity": {"stdv": 162.950666234973, "min": 328.866629180029, "max": 712.518642804236, "avg": 552.484472209182}, "pipeline_parameters": {"filter_ln_mult": "1.99", "filter_ambig": "yes", "max_ambig": "5", "prefix_length": "50", "m5rna_sims_version": "7", "dereplicate": "yes", "screen_indexes": "h_sapiens_asm", "bowtie": "no", "priority": "never", "file_type": "fna", "rna_pid": "97", "m5nr_sims_version": "7", "assembled": "no", "aa_pid": "90", "m5nr_annotation_version": "1", "filter_ln": "yes", "fgs_type": "454", "m5rna_annotation_version": "1"}, "status": "public", "url": "https://api.mg-rast.org/metagenome/mgm4470861.3?verbosity=full"}