{"pipeline_version": "3.0", "name": "NewVentVirome_dereplicated", "url": "https://api.mg-rast.org/metagenome/mgm4469452.3?verbosity=full", "metadata": {"library": {"id": "mgl189221", "type": "WGS", "name": "NewVentVirome_dereplicated", "data": {"metagenome_id": "4469452.3", "file_checksum": "7b4f67e89f7a802e3f4d7a650ff72359", "seq_center": "Broad Institute", "investigation_type": "metagenome", "metagenome_name": "NewVentVirome_dereplicated", "file_name": "newVentViromereads.fsa", "seq_meth": "454", "sample_name": "NewVentVirome_dereplicated"}}, "sample": {"data": {"samp_collect_device": "TFF filtration and concentration", "location": "Juan de Fuca Ridge", "collection_timezone": "UTC-7", "country": "Pacific Ocean", "collection_date": "2009-06-16", "collection_time": "21:15:00", "longitude": -129.0968333, "feature": "marine hydrothermal vent", "sample_name": "NewVentVirome_dereplicated", "continent": "north america", "biome": "marine black smoker biome", "depth": 2198, "temperature": 122, "env_package": "water", "latitude": 47.95, "material": "sea water"}, "name": "NewVentVirome_dereplicated", "id": "mgs189219"}, "env_package": {"name": "NewVentVirome_dereplicated: water", "data": {"sample_name": "NewVentVirome_dereplicated", "env_package": "water"}, "id": "mge189220", "type": "water"}, "project": {"id": "mgp7207", "public": "Hulk hydrothermal vent", "name": "Hulk hydrothermal vent", "data": {"PI_organization_address": "Box 357940 School of Oceanography Seattle WA 98195", "project_name": "HulkHydrothermalVent", "project_funding": "Gordon and Betty Moore Foundation (virome), NASA Astrobiology Institute (cellular metagenome)", "PI_email": "jbaross@u.washington.edu", "PI_organization": "University of Washington", "PI_organization_country": "USA", "PI_lastname": "Baross", "PI_firstname": "John"}}}, "sequence_type": "WGS", "mixs_compliant": 0, "project": ["mgp7207", "https://api.mg-rast.org/project/mgp7207"], "project_alpha_diversity": {"stdv": 57.153682309862, "avg": 575.885108723992, "max": 633.038791033854, "min": 518.73142641413}, "project_metagenomes": ["4469452.3", "4481541.3"], "sample": ["mgs189219", "https://api.mg-rast.org/sample/mgs189219"], "status": "public", "id": "mgm4469452.3", "created": "2011-08-01 21:35:20", "statistics": {}, "owner": "mgu20752", "pipeline_parameters": {"filter_ln": "yes", "aa_pid": "90", "priority": "never", "bowtie": "no", "prefix_length": "50", "fgs_type": "454", "max_ambig": "5", "rna_pid": "97", "file_type": "fna", "filter_ambig": "yes", "screen_indexes": "h_sapiens_asm", "m5rna_sims_version": "7", "m5nr_annotation_version": "1", "filter_ln_mult": "2.00", "m5nr_sims_version": "7", "m5rna_annotation_version": "1", "assembled": "no", "dereplicate": "yes"}, "job_id": 29049, "md5_checksum": "7b4f67e89f7a802e3f4d7a650ff72359", "library": ["mgl189221", "https://api.mg-rast.org/library/mgl189221"], "mixs": {"location": "Juan de Fuca Ridge", "project_id": "mgp7207", "seq_method": "454", "PI_firstname": "John", "env_package_type": "water", "collection_date": "2009-06-16T21:15:00-0700", "country": "Pacific Ocean", "feature": "marine hydrothermal vent", "PI_lastname": "Baross", "longitude": -129.0968333, "project_name": "Hulk hydrothermal vent", "sequence_type": "WGS", "latitude": 47.95, "material": "sea water", "biome": "marine black smoker biome"}, "version": 1}