{"name": "King2LIMic20070817", "sample": ["mgs470600", "https://api.mg-rast.org/sample/mgs470600"], "mixs_compliant": 0, "id": "mgm4442643.3", "owner": "mgu9", "project_alpha_diversity": {"max": 536.002088402223, "stdv": 149.40546087881, "avg": 356.001397593201, "min": 104.599259832891}, "project_metagenomes": ["4466813.3", "4466742.3", "4466740.3", "4466841.3", "4449259.3", "4449268.3", "4442653.3", "4442652.3", "4442643.3"], "library": ["mgl470602", "https://api.mg-rast.org/library/mgl470602"], "statistics": {}, "job_id": 2577, "sequence_type": "WGS", "project": ["mgp16895", "https://api.mg-rast.org/project/mgp16895"], "mixs": {"seq_method": "454", "collection_date": "2007-08-16T10:00:00-1000", "latitude": 6.3894, "biome": "coral reef", "PI_lastname": "Rohwer", "PI_firstname": "Forest", "project_id": "mgp16895", "location": "Pacific Ocean", "country": "USA", "material": "water", "env_package_type": "water", "feature": "coral reef", "sequence_type": "WGS", "project_name": "Global Microbialization On Reefs", "longitude": -162.3599}, "pipeline_parameters": {"aa_pid": "90", "priority": "never", "prefix_length": "50", "filter_ambig": "yes", "fgs_type": "454", "m5rna_annotation_version": "1", "bowtie": "yes", "assembled": "no", "dereplicate": "yes", "file_type": "fna", "rna_pid": "97", "filter_ln": "yes", "m5nr_sims_version": "7", "max_ambig": "5", "m5nr_annotation_version": "1", "m5rna_sims_version": "7", "filter_ln_mult": "2.0", "screen_indexes": "h_sapiens"}, "pipeline_version": "3.0", "md5_checksum": "6cbd7e56b7499d5d2dd8e7347ae80a10", "status": "public", "created": "2009-03-01 23:50:14", "metadata": {"library": {"name": "King2LIMic20070817", "data": {"seq_meth": "454", "file_checksum": "6cbd7e56b7499d5d2dd8e7347ae80a10", "sample_name": "King2", "seq_chem": "Titanium", "investigation_type": "metagenome", "seq_center": "SDSU", "seq_quality_check": "Prinseq", "metagenome_name": "King2LIMic20070817", "metagenome_id": "4442643.3"}, "id": "mgl470602", "type": "WGS"}, "env_package": {"data": {"sample_name": "King2", "env_package": "water"}, "type": "water", "id": "mge470601", "name": "King2: water"}, "project": {"name": "Global Microbialization On Reefs", "data": {"project_name": "Global Microbialization on Reefs", "PI_organization": "San Diego State University", "project_funding": "NSF", "PI_organization_url": "coralandphage.org", "lastname": "Kelly", "organization": "San Diego State University", "project_description": "Metagenomes from watercolumn above coral reefs", "email": "lwegley@gmail.com", "envo_release": "2013-04-27", "PI_organization_country": "USA", "PI_lastname": "Rohwer", "organization_url": "coralandphage.org", "PI_organization_address": "LS301 Biology Department, San Diego State University, 5500 Campanile Drive, San Diego, CA 92182", "PI_firstname": "Forest", "firstname": "Linda", "PI_email": "frohwer@gmail.com", "organization_address": "LS301 Biology Department, San Diego State University, 5500 Campanile Drive, San Diego, CA 92182", "organization_country": "USA"}, "public": "Global Microbialization On Reefs", "id": "mgp16895"}, "sample": {"id": "mgs470600", "data": {"collection_time": "10:00:00", "latitude": 6.3894, "biome": "coral reef", "collection_date": "2007-08-16", "env_package": "water", "collection_timezone": "UTC-10", "depth": 10, "location": "Pacific Ocean", "sample_name": "King2", "material": "water", "country": "USA", "longitude": -162.3599, "feature": "coral reef", "sample_id": "4442643.3"}, "name": "King2"}}, "url": "https://api.mg-rast.org/metagenome/mgm4442643.3?verbosity=full", "version": 1}