{"created": "2008-10-21 20:51:07", "sample": ["mgs17638", "https://api.mg-rast.org/sample/mgs17638"], "library": ["mgl51690", "https://api.mg-rast.org/library/mgl51690"], "pipeline_version": "3.5", "version": 1, "statistics": {}, "pipeline_parameters": {"m5rna_sims_version": "7", "m5rna_annotation_version": "1", "file_type": "fna", "rna_pid": "97", "aa_pid": "90", "dereplicate": "yes", "screen_indexes": "h_sapiens", "m5nr_annotation_version": "1", "bowtie": "yes", "max_ambig": "5", "filter_ln_mult": "2.0", "filter_ln": "yes", "prefix_length": "50", "priority": "never", "fgs_type": "454", "m5nr_sims_version": "7", "assembled": "no", "filter_ambig": "yes"}, "url": "https://api.mg-rast.org/metagenome/mgm4441571.3?verbosity=full", "sequence_type": "WGS", "owner": "mgu347", "metadata": {"sample": {"id": "mgs17638", "name": "mgs17638", "data": {"samp_size": "170 L", "continent": "na", "geodetic_system": "wgs_84", "material": "marine habitat", "longitude": -64.324, "location": "Sargasso Sea", "env_package": "water", "salinity": "3.66", "samp_mat_process": "filtering", "collection_date": "2003-02-26", "samp_collect_device": "Seawater (170 liters) from stations 11 and 13 was directly filtered through a 0.8&#956;m Supor membrane disc filter (Pall Life Sciences) followed in series by a 0.22&#956;m Supor membrane disc filter (Pall Life Sciences).", "biome": "marine habitat", "collection_timezone": "UTC", "country": "Bermuda", "latitude": 31.175, "temperature": 20, "depth": 5, "feature": "marine habitat", "isol_growth_condt": "15001713"}}, "library": {"type": "WGS", "data": {"sequences_sequences_assembled": "Assembled contigs", "seq_center": "Celera", "lib_size_mean": 818, "sequences_sequences_filtered": "Removed redundant contigs", "pubmed_id": "15001713", "gelatin_final_conc": "1", "sequences_sequences_predicted_genes": "Evidence in the form of protein alignments was used to determine the most likely coding frame.", "investigation_type": "metagenome", "seq_meth": "other", "metagenome_id": "4441571.3", "metagenome_name": "GS000a Shotgun - Open Ocean - Sargasso Sea - Sargasso Station 13 - Bermuda", "library_notes": "DNA was randomly sheared, end-polished with consecutive BAL31 nuclease and T4 DNA polymerase treatments, and size-selected by electrophoresis on 1% low-melting-point agarose. After ligation to Bst XI adapters (Invitrogen, catalog no.N408-18), DNA was purified by three rounds of gel electrophoresis to remove excess adapters, and the fragments, now with 3'-CACA overhangs, were inserted into Bst XI- linearized plasmid vector with 3'-TGTG overhangs. Fragments were cloned in a medium- copy pBR322 derivative.", "file_checksum": "cf71fa5ecb00923477e3fadafba6fab6"}, "id": "mgl51690", "name": "mgl51690"}, "project": {"id": "mgp27", "name": "Global Ocean Sampling Expedition", "data": {"project_description": "Marine microbes remain elusive and mysterious, even though they are the most abundant life form in the ocean, form the base of the marine food web, and drive energy and nutrient cycling. We know so little about the vast majority of microbes because only a small percentage can be cultivated and studied in the lab. Here we report on the Global Ocean Sampling expedition, an environmental metagenomics project that aims to shed light on the role of marine microbes by sequencing their DNA without first needing to isolate individual organisms. A total of 41 different samples were taken from a wide variety of aquatic habitats collected over 8,000 km. These samples, collected across a several-thousand km transect from the North Atlantic through the Panama Canal and ending in the South Pacific yielded an extensive dataset consisting of 7.7 million sequencing reads (6.3 billion bp).These sequencing reads provide an unprecedented look at the incredible diversity and heterogeneity in naturally occurring microbial populations. We have developed new bioinformatic methods to reconstitute large portions of both cultured and uncultured microbial genomes. Organism diversity is analyzed in relation to sampling locations and environmental pressures. Taken together, these data and analyses serve as a foundation for greatly expanding our understanding of individual microbial lineages and their evolution, the nature of marine microbial communities, and how they are impacted by and impact our world.\r\n\r\nAn additional metagenomic dataset includes sequencing results from a subset of 19 sites from the Venter Institute's Global Ocean Sampling (GOS ) Expedition. All samples were obtained from the surface, isolating DNA from two size fractions, 0.1 to 0.8 microns and 0.8 to 3.0 microns. Five sites were from coastal waters, the remainder from open ocean.\r\n\r\nTwelve sites are located along a transect between Cocos Island, Australia and Zanzibar Tanzania, in the portion of the Indian Ocean subject to reversing monsoons. Sampling occurred in August, the typical primary productivity peak for the region. Five sites are located along a transect further south, from Madagascar almost to South Africa.\r\n\r\nSampling along this transect occurred two months later, well past the primary productivity peak for the region. Both regions are quite oligotrophic. The dataset also includes two sites in and around Cook's Bay, Moorea, French Polynesia, which will contribute to the Moorea BIOCODE project.\r\n\r\nThe Indian Ocean is unique in that it is bordered by land masses to the north and thus insulated from the Arctic environment. High biological productivity in the northern hemisphere during summer months leads to formation of an intense oxygen minimum zone and high levels of associated denitrification in the Arabian Sea. Overall, the Indian Ocean is a net sink for fixed nitrogen and plays a significant role in the global oceanic nitrogen cycle. Low ratios of dissolved inorganic nitrogen relative to phosphorous, combined with characteristically intense surface stratification, commonly lead to nitrogen limitation in populations of surface microbes. Very little is known regarding the metabolic capabilities, gene complements, or types of selection that drive diversification and activity within Indian Ocean microbial populations.\r\n\r\nIndian Ocean microbial communities are poorly studied compared to other oceanic gyres. These 2.4 million reads from 17 of stations sampled within the northern and western portions Indian Ocean gyre will provide a basis for comparative analysis to microbial communities in other oceans (see Figure 2). We expect to make fundamental molecular-level discoveries leading to the identification and preliminary characterization of the genetic components that drive and regulate nutrient metabolism and microbial community structure and activity in the geochemically unique setting of the Indian Ocean and within tropical marine systems in general.", "PI_email": "dlgosdata@venterinstitute.org", "PI_organization_address": "5 Research Place, Rockville, MD", "PI_organization_country": "USA", "project_funding": "Moore Foundation, DOE, Venter Science Foundation", "project_name": "Global Ocean Sampling Expedition", "PI_firstname": "J. Craig", "PI_organization": "J. Craig Venter Institute", "PI_organization_url": "http://jcvi.org", "ncbi_id": "13694", "PI_lastname": "Venter"}, "public": "Global Ocean Sampling Expedition"}, "env_package": {"data": {"env_package": "water", "chlorophyll": "0.17 ug/kg", "tot_depth_water_col": ">4200 m", "misc_param": "filter size = 0.1 - 0.8"}, "id": "mge51691", "name": "mge51691", "type": "water"}}, "project_metagenomes": ["4441167.3", "4441662.3", "4441576.3", "4441148.3", "4441126.3", "4441121.3", "4441590.3", "4441132.3", "4441605.3", "4441572.3", "4441139.4", "4441129.3", "4441615.3", "4441583.3", "4441150.3", "4441601.3", "4441618.3", "4441591.3", "4441136.3", "4441131.3", "4441139.3", "4441580.3", "4441130.3", "4441594.3", "4441596.4", "4441155.3", "4441146.3", "4441592.3", "4441661.3", "4441606.3", "4441143.3", "4441584.3", "4441608.3", "4441617.3", "4441135.3", "4441609.3", "4441579.3", "4441125.3", "4441596.3", "4441153.3", "4441602.3", "4441578.3", "4441149.3", "4441152.3", "4441127.3", "4441147.3", "4441145.3", "4441573.3", "4441568.3", "4441586.3", "4441588.3", "4441133.3", "4441575.3", "4441156.3", "4441660.3", "4441151.3", "4441607.3", "4441124.3", "4441616.3", "4441613.3", "4441589.3", "4441582.3", "4441599.3", "4441603.3", "4441659.3", "4441581.3", "4441593.3", "4441658.3", "4441570.3", "4441614.3", "4441574.3", "4441610.3", "4441604.3", "4441144.3", "4441134.3", "4441598.3", "4441128.3", "4441585.3", "4441595.3", "4441587.3", "4441577.3", "4441611.3", "4441571.3", "4441600.3", "4442626.3", "4442708.3", "4442709.3", "4441597.3"], "name": "GS000a Shotgun - Open Ocean - Sargasso Sea - Sargasso Station 13 - Bermuda", "mixs_compliant": 0, "md5_checksum": "cf71fa5ecb00923477e3fadafba6fab6", "mixs": {"project_name": "Global Ocean Sampling Expedition", "seq_method": "other", "material": "marine habitat", "longitude": -64.324, "location": "Sargasso Sea", "PI_firstname": "J. Craig", "PI_lastname": "Venter", "sequence_type": "WGS", "collection_date": "2003-02-26", "biome": "marine habitat", "project_id": "mgp27", "env_package_type": "water", "latitude": 31.175, "country": "Bermuda", "feature": "marine habitat"}, "status": "public", "project": ["mgp27", "https://api.mg-rast.org/project/mgp27"], "project_alpha_diversity": {"stdv": 207.627785779029, "max": 970.926987694897, "avg": 425.029281945274, "min": 44.068677189944}, "job_id": 1458, "id": "mgm4441571.3"}