{"job_id": 14109, "owner": "mgu9202", "status": "public", "mixs": {"feature": "ocean", "material": "coastal water", "country": "Brazil", "env_package_type": "water", "latitude": -22.830467, "collection_date": "2010-02-23T10:30:00-0300", "sequence_type": "WGS", "biome": "estuarine biome", "PI_firstname": "Fabiano", "project_id": "mgp1929", "location": "Rio de Janeiro", "longitude": -43.246569, "PI_lastname": "Thompson", "project_name": "Guanabara Bay Metagenome", "seq_method": "454"}, "sequence_type": "WGS", "metadata": {"env_package": {"name": "GammaproteobacteriaPt34: water", "data": {"env_package": "water", "sample_name": "GammaproteobacteriaPt34"}, "id": "mge103908", "type": "water"}, "sample": {"data": {"temperature": 19, "country": "Brazil", "sample_name": "GammaproteobacteriaPt34", "material": "coastal water", "collection_timezone": "UTC-3", "misc_param": "subsample from BG Site 34-1 and BG Site 34-2", "depth": 1, "feature": "ocean", "biome": "estuarine biome", "collection_time": "10:30:00", "collection_date": "2010-02-23", "latitude": -22.830467, "longitude": -43.246569, "location": "Rio de Janeiro", "env_package": "water", "continent": "south america"}, "name": "GammaproteobacteriaPt34", "id": "mgs103907"}, "project": {"id": "mgp1929", "public": "Guanabara Bay Metagenome", "data": {"project_description": "Metagenomic snapshots of the Guanabara Bay, Rio de Janeiro, Brazil for the description of the microbial structure in complementation of the ecological survey", "project_funding": "CNPq/CAPES/FAPERJ", "organization_address": "Rio de Janeiro", "mgrast_id": "mgp1929", "PI_organization": "Federal University of Rio de Janeiro (UFRJ)", "email": "gustavo_biomed@yahoo.com", "PI_organization_address": "Rio de Janeiro", "firstname": "Gustavo", "project_name": "Guanabara Bay Metagenome", "lastname": "Gregoracci", "organization_country": "Brazil", "PI_lastname": "Thompson", "PI_organization_country": "Brazil", "PI_email": "fabiano.thompson@biologia.ufrj.br", "organization": "Federal University of Rio de Janeiro (UFRJ)", "PI_firstname": "Fabiano"}, "name": "Guanabara Bay Metagenome"}, "library": {"id": "mgl103909", "type": "WGS", "name": "GammaproteobacteriaPt34", "data": {"file_checksum": "5799e78d6ef0b05dc804a9d0a81e81ba", "metagenome_name": "GammaproteobacteriaPt34", "metagenome_id": "4454506.3", "sample_name": "GammaproteobacteriaPt34", "seq_meth": "454", "investigation_type": "metagenome"}}}, "sample": ["mgs103907", "https://api.mg-rast.org/sample/mgs103907"], "url": "https://api.mg-rast.org/metagenome/mgm4454506.3?verbosity=full", "created": "2011-02-06 17:53:30", "name": "GammaproteobacteriaPt34", "library": ["mgl103909", "https://api.mg-rast.org/library/mgl103909"], "project_alpha_diversity": {"stdv": 233.227285865519, "min": 154.271793800226, "avg": 462.159589296933, "max": 871.556007565905}, "project": ["mgp1929", "https://api.mg-rast.org/project/mgp1929"], "id": "mgm4454506.3", "version": 1, "statistics": {}, "pipeline_version": "3.0", "md5_checksum": "5799e78d6ef0b05dc804a9d0a81e81ba", "mixs_compliant": 0, "project_metagenomes": ["4454704.3", "4454702.3", "4454703.3", "4454701.3", "4454700.3", "4454699.3", "4454697.3", "4454698.3", "4454696.3", "4454694.3", "4454695.3", "4454693.3", "4454692.3", "4454691.3", "4454689.3", "4454688.3", "4454687.3", "4454686.3", "4454506.3", "4454505.3", "4454504.3", "4454503.3", "4454502.3", "4454501.3", "4453382.3", "4453381.3", "4453380.3", "4453379.3", "4453376.3", "4453375.3"], "pipeline_parameters": {"priority": "never", "filter_ln_mult": "2.0", "file_type": "fna", "dereplicate": "yes", "bowtie": "yes", "rna_pid": "97", "prefix_length": "50", "assembled": "no", "m5rna_sims_version": "7", "m5nr_sims_version": "7", "m5nr_annotation_version": "1", "m5rna_annotation_version": "1", "screen_indexes": "h_sapiens", "fgs_type": "454", "aa_pid": "90", "max_ambig": "5", "filter_ln": "yes", "filter_ambig": "yes"}}