{"md5_checksum": "fa3051046b3095006686587001e86e11", "pipeline_version": "3.0", "project_metagenomes": ["4479002.3", "4479001.3", "4479000.3", "4549977.3", "4550818.3", "4550819.3"], "created": "2011-12-16 17:10:05", "project_alpha_diversity": {"stdv": 283.663662404909, "min": 202.146776640014, "avg": 556.270540034524, "max": 1077.70998499075}, "id": "mgm4479000.3", "pipeline_parameters": {"bowtie": "no", "filter_ambig": "yes", "filter_ln_mult": "2.00", "screen_indexes": "h_sapiens_asm", "m5nr_annotation_version": "1", "aa_pid": "90", "m5rna_annotation_version": "1", "rna_pid": "97", "m5nr_sims_version": "7", "filter_ln": "yes", "assembled": "no", "priority": "never", "m5rna_sims_version": "7", "fgs_type": "454", "dereplicate": "yes", "prefix_length": "50", "max_ambig": "5", "file_type": "fna"}, "mixs_compliant": 0, "job_id": 39460, "mixs": {"feature": "shoreline", "longitude": -90.0684072, "sequence_type": "WGS", "seq_method": "illumina", "PI_lastname": "Lamendella", "latitude": 29.1782853, "material": "sand", "country": "USA", "env_package_type": "sediment", "location": "Elmer's Beach", "PI_firstname": "Regina", "project_id": "mgp7309", "project_name": "Elmer's Beach Metatrancriptomes", "collection_date": "2010-06-03T12:00:00-0600", "biome": "marine biome"}, "name": "RL01", "owner": "mgu1438", "library": ["mgl153010", "https://api.mg-rast.org/library/mgl153010"], "status": "public", "metadata": {"library": {"type": "WGS", "id": "mgl153010", "data": {"seq_meth": "illumina", "investigation_type": "metagenome", "file_name": "cat0101_assemble.fasta", "sample_name": "4479000.3", "seq_quality_check": "Sequences were trimmed using the CLC Genomics Workbench v5.0.1 with a quality score limit of 0.05. Sequences shorter than 50 bp in length and all adapter sequences were removed.", "file_checksum": "fa3051046b3095006686587001e86e11", "metagenome_id": "4479000.3", "metagenome_name": "RL01"}, "name": "RL01"}, "env_package": {"data": {"sample_name": "4479000.3", "env_package": "sediment"}, "name": "4479000.3: sediment", "type": "sediment", "id": "mge153009"}, "project": {"name": "Elmer's Beach Metatrancriptomes", "data": {"PI_organization_country": "USA", "project_name": "Elmer's Beach Metatrancriptomes", "PI_organization_address": "1700 Moore St Huntingdon Pa 16652", "PI_firstname": "Regina", "firstname": "Regina", "lastname": "Lamendella", "email": "lamendella@juniata.ed", "PI_organization": "Juniata College", "PI_email": "lamendella@juniata.ed", "project_description": "Metatranscriptomes from sand microbial communities contaminated by oil during the Deepwater Horizon spill", "PI_lastname": "Lamendella", "organization": "Juniata College"}, "public": "Elmer's Beach Metatrancriptomes", "id": "mgp7309"}, "sample": {"id": "mgs153008", "name": "4479000.3", "data": {"country": "USA", "material": "sand", "latitude": 29.1782853, "env_package": "sediment", "longitude": -90.0684072, "continent": "north america", "feature": "shoreline", "sample_id": "RL01", "biome": "marine biome", "collection_timezone": "UTC-6", "collection_date": "2010-06-03", "location": "Elmer's Beach", "sample_name": "4479000.3", "collection_time": "12:00:00"}}}, "url": "https://api.mg-rast.org/metagenome/mgm4479000.3?verbosity=full", "sample": ["mgs153008", "https://api.mg-rast.org/sample/mgs153008"], "project": ["mgp7309", "https://api.mg-rast.org/project/mgp7309"], "version": 1, "statistics": {}, "sequence_type": "WGS"}