{"owner": "mgu38692", "metadata": {"project": {"data": {"PI_organization_address": "Droevendaalsesteeg 10, 6708 PB Wageningen NL", "PI_organization": "NIOO", "project_name": "Impact of long term fertilization", "PI_organization_country": "Netherlands", "PI_lastname": "Kuramae", "PI_email": "E.Kuramae@nioo.knaw.nl", "PI_firstname": "Eiko"}, "name": "Impact of long term fertilization", "id": "mgp1008", "public": "Impact of long term fertilization"}, "env_package": {"id": "mge264183", "data": {"env_package": "soil", "sample_name": "201"}, "name": "201: soil", "type": "soil"}, "library": {"type": "WGS", "id": "mgl264184", "name": "201", "data": {"sample_name": "201", "metagenome_id": "4485394.3", "file_checksum": "38d030b7b37208994afaac03a5efcad2", "investigation_type": "metagenome", "file_name": "201extracted_clusters_unique.fa", "seq_meth": "454", "metagenome_name": "201"}}, "sample": {"name": "201", "data": {"latitude": 51.97, "material": "soil", "sample_name": "201", "collection_time": "13:00:00", "feature": "grassland", "location": "Wageningen", "env_package": "soil", "collection_date": "2011-09-20", "collection_timezone": "UTC-1", "biome": "terrestrial biome", "longitude": 5.64, "sample_id": "4485394.3", "country": "Netherlands"}, "id": "mgs264182"}}, "mixs_compliant": 0, "status": "public", "pipeline_version": "3.0", "version": 1, "url": "https://api.mg-rast.org/metagenome/mgm4485394.3?verbosity=full", "project": ["mgp1008", "https://api.mg-rast.org/project/mgp1008"], "pipeline_parameters": {"m5rna_sims_version": "7", "dereplicate": "no", "screen_indexes": "h_sapiens_asm", "fgs_type": "454", "aa_pid": "90", "m5rna_annotation_version": "1", "file_type": "fna", "bowtie": "no", "max_ambig": "5", "rna_pid": "97", "priority": "never", "m5nr_sims_version": "7", "filter_ln": "no", "assembled": "no", "prefix_length": "50", "m5nr_annotation_version": "1", "filter_ambig": "no", "filter_ln_mult": "-3.32"}, "statistics": {}, "id": "mgm4485394.3", "job_id": 46936, "name": "201", "mixs": {"feature": "grassland", "seq_method": "454", "PI_lastname": "Kuramae", "PI_firstname": "Eiko", "location": "Wageningen", "latitude": 51.97, "project_name": "Impact of long term fertilization", "env_package_type": "soil", "material": "soil", "sequence_type": "WGS", "country": "Netherlands", "project_id": "mgp1008", "biome": "terrestrial biome", "collection_date": "2011-09-20T13:00:00-0100", "longitude": 5.64}, "md5_checksum": "38d030b7b37208994afaac03a5efcad2", "created": "2012-03-06 15:01:25", "project_metagenomes": ["4485403.3", "4485402.3", "4485401.3", "4485400.3", "4485399.3", "4485398.3", "4485397.3", "4485396.3", "4485395.3", "4485394.3", "4485393.3", "4485392.3", "4485391.3", "4485390.3", "4485389.3"], "project_alpha_diversity": {"avg": 640.264546781084, "stdv": 33.8673232511824, "max": 730.214632072954, "min": 592.523888845411}, "library": ["mgl264184", "https://api.mg-rast.org/library/mgl264184"], "sample": ["mgs264182", "https://api.mg-rast.org/sample/mgs264182"], "sequence_type": "WGS"}