{"status": "public", "project": ["mgp4192", "https://api.mg-rast.org/project/mgp4192"], "mixs_compliant": 0, "id": "mgm4450124.3", "metadata": {"sample": {"name": "S2a", "data": {"collection_timezone": "UTC+2", "longitude": 13.6101833333333, "latitude": 80.5925, "feature": "peat soil", "env_package": "soil", "collection_time": "12:00:00", "location": "Ny \u00c3\u0085lesund, Svalbard", "collection_date": "2009-08-01", "material": "peat soil", "biome": "Tundra biome", "sample_name": "S2a", "country": "Norway"}, "id": "mgs108262"}, "library": {"data": {"seq_meth": "454", "metagenome_name": "S2a_metagenome", "sample_name": "S2a", "investigation_type": "metagenome", "file_checksum": "6c3e24b8ccc5816d3d463dc347506a5e", "metagenome_id": "4450124.3"}, "id": "mgl108264", "type": "WGS", "name": "S2a_metagenome"}, "project": {"id": "mgp4192", "data": {"PI_email": "mette.svenning@uit.no", "project_name": "Organic carbon transformations in high-Arctic peat soils: key functions and microorganisms", "PI_organization": "University of Troms\u00c3\u00b8", "PI_lastname": "Svenning", "PI_organization_country": "Norway", "PI_organization_address": "Dramsveien 201, 9037, Troms\u00c3\u00b8", "PI_firstname": "Mette"}, "name": "Organic carbon transformations in high-Arctic peat soils: key functions and microorganisms", "public": "Organic carbon transformations in high-Arctic peat soils: key functions and microorganisms"}, "env_package": {"type": "soil", "name": "S2a: soil", "data": {"sample_name": "S2a", "env_package": "soil"}, "id": "mge108263"}}, "project_alpha_diversity": {"max": 786.968886392106, "avg": 763.606978894591, "min": 729.747479578911, "stdv": 20.8781854970513}, "md5_checksum": "6c3e24b8ccc5816d3d463dc347506a5e", "mixs": {"sequence_type": "WGS", "feature": "peat soil", "seq_method": "454", "project_name": "Organic carbon transformations in high-Arctic peat soils: key functions and microorganisms", "longitude": 13.6101833333333, "latitude": 80.5925, "env_package_type": "soil", "country": "Norway", "PI_lastname": "Svenning", "PI_firstname": "Mette", "material": "peat soil", "biome": "Tundra biome", "location": "Ny \u00c3\u0085lesund, Svalbard", "project_id": "mgp4192", "collection_date": "2009-08-01T12:00:00+0200"}, "url": "https://api.mg-rast.org/metagenome/mgm4450124.3?verbosity=full", "name": "S2a_metagenome", "owner": "mgu24522", "created": "2010-07-27 08:26:21", "pipeline_parameters": {"m5rna_sims_version": "7", "filter_ln_mult": "2.0", "screen_indexes": "h_sapiens", "aa_pid": "90", "m5nr_sims_version": "7", "file_type": "fna", "m5rna_annotation_version": "1", "filter_ln": "yes", "filter_ambig": "yes", "dereplicate": "yes", "rna_pid": "97", "max_ambig": "5", "assembled": "no", "prefix_length": "50", "priority": "never", "m5nr_annotation_version": "1", "bowtie": "yes", "fgs_type": "454"}, "pipeline_version": "3.0", "sample": ["mgs108262", "https://api.mg-rast.org/sample/mgs108262"], "library": ["mgl108264", "https://api.mg-rast.org/library/mgl108264"], "job_id": 9857, "sequence_type": "WGS", "statistics": {}, "version": 1, "project_metagenomes": ["4450124.3", "4450123.3", "4450125.3", "4450126.3", "4450127.3", "4450249.3", "4450250.3"]}