{"job_id": 37671, "project_alpha_diversity": {"min": 539.324720307438, "max": 693.056468271845, "stdv": 35.0016630073723, "avg": 641.752377404847}, "created": "2011-12-02 13:16:55", "status": "public", "project": ["mgp7774", "https://api.mg-rast.org/project/mgp7774"], "owner": "mgu50120", "url": "https://api.mg-rast.org/metagenome/mgm4478037.3?verbosity=full", "sample": ["mgs159757", "https://api.mg-rast.org/sample/mgs159757"], "name": "8LM", "sequence_type": "WGS", "project_metagenomes": ["4477751.3", "4477749.3", "4477755.3", "4477757.3", "4478037.3", "4478030.3", "4477790.3", "4477789.3", "4478936.3", "4478934.3", "4478294.3", "4478292.3", "4478291.3", "4478290.3", "4478283.3", "4478222.3", "4478038.3", "4479311.3", "4478943.3", "4478941.3", "4478940.3", "4478939.3", "4478938.3", "4478937.3"], "version": 1, "metadata": {"sample": {"id": "mgs159757", "name": "8LM", "data": {"collection_date": "2009-10-28", "collection_time": "11:50:00", "location": "Amazonia", "longitude": -56.2533385, "country": "Brazil", "material": "rhizosphere", "collection_timezone": "UTC-11", "env_package": "soil", "biome": "Tropical and subtropical moist broadleaf forest biome", "latitude": -11.7412664, "feature": "agricultural soil", "sample_name": "8LM"}}, "project": {"id": "mgp7774", "name": "Soybean Rhizosphere from Amazon Soils", "public": "Soybean Rhizosphere from Amazon Soils", "data": {"PI_organization": "Center for Nuclear Energy in Agriculture CENA-USP", "PI_firstname": "Lucas William", "envo_release": "2013-04-27", "email": "lucaswmendes@gmail.com", "PI_organization_url": "www.cena.usp.br", "project_name": "Soybean Rhizosphere from Amazon Soils", "project_funding": "FAPESP", "organization_url": "www.cena.usp.br", "organization_address": "Avenida Centenario 303", "PI_organization_country": "Brazil", "PI_email": "lucaswmendes@gmail.com", "organization": "Center for Nuclear Energy in Agriculture CENA-USP", "firstname": "Lucas William", "organization_country": "Brazil", "PI_lastname": "Mendes", "lastname": "Mendes", "project_description": "The selection of the rhizospheric microbial community from the bulk soil reservoir under agricultural management of soybean in Amazon forest soils. [Reference: Mendes LW, Kuramae EE, Navarrete AA, van VEEN JA, Tsai SM. (2014). Taxonomical and functional microbial community selection in soybean rhizosphere. The ISME Journal 8:1577-1587, 2014]", "PI_organization_address": "Avenida Centen\u00e1rio 303, CEP 13400-970 Piracicaba-SP", "mgrast_id": "mgp7774"}}, "env_package": {"data": {"env_package": "soil", "sample_name": "8LM"}, "name": "8LM: soil", "id": "mge159758", "type": "soil"}, "library": {"data": {"file_name": "2011_12_01_EikoKuramae_8_SFF.sff.fasta", "sample_name": "8LM", "metagenome_name": "8LM", "investigation_type": "metagenome", "seq_meth": "454", "metagenome_id": "4478037.3", "file_checksum": "792b37e31b113044b6b287e957acd9ed"}, "name": "8LM", "id": "mgl159759", "type": "WGS"}}, "mixs_compliant": 0, "pipeline_parameters": {"rna_pid": "97", "dereplicate": "yes", "filter_ln_mult": "2.00", "m5nr_sims_version": "7", "fgs_type": "454", "m5rna_sims_version": "1", "screen_indexes": "h_sapiens_asm", "bowtie": "no", "aa_pid": "90", "filter_ln": "yes", "file_type": "fna", "assembled": "no", "m5rna_annotation_version": "1", "filter_ambig": "yes", "prefix_length": "50", "max_ambig": "5", "m5nr_annotation_version": "1", "priority": "never"}, "mixs": {"collection_date": "2009-10-28T11:50:00-1100", "PI_lastname": "Mendes", "longitude": -56.2533385, "location": "Amazonia", "sequence_type": "WGS", "country": "Brazil", "seq_method": "454", "material": "rhizosphere", "latitude": -11.7412664, "feature": "agricultural soil", "PI_firstname": "Lucas William", "project_id": "mgp7774", "env_package_type": "soil", "biome": "Tropical and subtropical moist broadleaf forest biome", "project_name": "Soybean Rhizosphere from Amazon Soils"}, "id": "mgm4478037.3", "pipeline_version": "3.0", "statistics": {}, "library": ["mgl159759", "https://api.mg-rast.org/library/mgl159759"], "md5_checksum": "792b37e31b113044b6b287e957acd9ed"}