{"status": "public", "job_id": 13042, "statistics": {}, "metadata": {"env_package": {"type": "soil", "name": "METASOIL J1b-10 Rothamsted 2010 July 0-21cm Direct MPBIO1O1: soil", "data": {"env_package": "soil", "sample_name": "METASOIL J1b-10 Rothamsted 2010 July 0-21cm Direct MPBIO1O1"}, "id": "mge109343"}, "sample": {"data": {"country": "England", "material": "soil", "collection_date": "2010-06-01", "longitude": 0.222231, "feature": "prairie", "biome": "Temperate grasslands", "location": "Rothamsted", "collection_time": "12:00:00", "sample_name": "METASOIL J1b-10 Rothamsted 2010 July 0-21cm Direct MPBIO1O1", "latitude": 51.481481, "env_package": "soil", "collection_timezone": "UTC-0"}, "id": "mgs109342", "name": "METASOIL J1b-10 Rothamsted 2010 July 0-21cm Direct MPBIO1O1"}, "library": {"type": "WGS", "name": "METASOIL J1b-10 Rothamsted 2010 July 0-21cm Direct MPBIO1O1", "data": {"sample_name": "METASOIL J1b-10 Rothamsted 2010 July 0-21cm Direct MPBIO1O1", "investigation_type": "metagenome", "metagenome_id": "4453436.3", "file_checksum": "3bbe055cd3fff6323679b0aa1e8e308b", "metagenome_name": "METASOIL J1b-10 Rothamsted 2010 July 0-21cm Direct MPBIO1O1", "seq_meth": "454"}, "id": "mgl109344"}, "project": {"public": "Soil microbial community from Rothamsted, Park Grass (METASOIL project)", "name": "Soil microbial community from Rothamsted, Park Grass (METASOIL project)", "data": {"lastname": "Delmont", "PI_firstname": "Tim M Vogel and", "PI_organization_address": "Ecully", "project_funding": "French National Research Agency (ANR) Projet ANR-08-GENM-025", "email": "tomdelmont@hotmail.fr", "project_description": "Metagenomic analyse of soil microbial communities from Rothamsted, UK.\nRelated article on http://www.ncbi.nlm.nih.gov/pubmed/22297556.\nMore information (including Metadata) on the project at http://www.genomenviron.org/Projects/METASOIL.html", "firstname": "Tom", "PI_lastname": "Tom O Delmont", "PI_organization": "Ecole centrale de Lyon", "mgrast_id": "mgp405", "organization": "Ecole centrale de Lyon", "project_name": "Soil microbial community from Rothamsted, Park Grass (METASOIL project)", "PI_organization_country": "France", "PI_email": "timothy.vogel@ec-lyon.fr"}, "id": "mgp405"}}, "project_alpha_diversity": {"stdv": 28.9576263798265, "avg": 603.087339105196, "max": 650.454442800207, "min": 540.408521458922}, "mixs": {"material": "soil", "collection_date": "2010-06-01T12:00:00-0000", "PI_lastname": "Tom O Delmont", "project_id": "mgp405", "longitude": 0.222231, "biome": "Temperate grasslands", "seq_method": "454", "latitude": 51.481481, "env_package_type": "soil", "PI_firstname": "Tim M Vogel and", "country": "England", "sequence_type": "WGS", "feature": "prairie", "location": "Rothamsted", "project_name": "Soil microbial community from Rothamsted, Park Grass (METASOIL project)"}, "created": "2010-12-14 10:52:36", "sample": ["mgs109342", "https://api.mg-rast.org/sample/mgs109342"], "version": 1, "mixs_compliant": 0, "id": "mgm4453436.3", "pipeline_parameters": {"m5nr_sims_version": "7", "priority": "never", "file_type": "fna", "m5rna_annotation_version": "1", "filter_ambig": "yes", "filter_ln_mult": "2.0", "screen_indexes": "h_sapiens", "assembled": "no", "aa_pid": "90", "prefix_length": "50", "dereplicate": "yes", "filter_ln": "yes", "m5nr_annotation_version": "1", "fgs_type": "454", "max_ambig": "5", "rna_pid": "97", "m5rna_sims_version": "7", "bowtie": "yes"}, "library": ["mgl109344", "https://api.mg-rast.org/library/mgl109344"], "url": "https://api.mg-rast.org/metagenome/mgm4453436.3?verbosity=full", "project_metagenomes": ["4453261.3", "4453247.3", "4453246.3", "4453254.3", "4453256.3", "4453257.3", "4453274.3", "4453406.3", "4453407.3", "4453433.3", "4453434.3", "4453435.3", "4453436.3"], "owner": "mgu11652", "pipeline_version": "3.0", "project": ["mgp405", "https://api.mg-rast.org/project/mgp405"], "md5_checksum": "3bbe055cd3fff6323679b0aa1e8e308b", "sequence_type": "WGS", "name": "METASOIL J1b-10 Rothamsted 2010 July 0-21cm Direct MPBIO1O1"}