{"mixs": {"material": "soil", "collection_date": "2009-02-01T12:00:00-0000", "project_name": "Soil microbial community from Rothamsted, Park Grass (METASOIL project)", "longitude": 0.222231, "sequence_type": "WGS", "feature": "prairie", "latitude": 51.481481, "seq_method": "454", "PI_lastname": "Tom O Delmont", "PI_firstname": "Tim M Vogel and", "project_id": "mgp405", "country": "England", "env_package_type": "soil", "biome": "Temperate grasslands", "location": "Rothamsted"}, "sample": ["mgs109312", "https://api.mg-rast.org/sample/mgs109312"], "name": "METASOIL F5 Rothamsted 2009 February 0-10cm Indirect Gram positive", "project_metagenomes": ["4453261.3", "4453247.3", "4453246.3", "4453254.3", "4453256.3", "4453257.3", "4453274.3", "4453406.3", "4453407.3", "4453433.3", "4453434.3", "4453435.3", "4453436.3"], "owner": "mgu11652", "url": "https://api.mg-rast.org/metagenome/mgm4453274.3?verbosity=full", "metadata": {"library": {"type": "WGS", "id": "mgl109314", "data": {"seq_meth": "454", "metagenome_name": "METASOIL F5 Rothamsted 2009 February 0-10cm Indirect Gram positive", "sample_name": "METASOIL F5 Rothamsted 2009 February 0-10cm Indirect Gram positive", "metagenome_id": "4453274.3", "investigation_type": "metagenome", "file_checksum": "2e0c63d5685d0137f9bacb8635f244bc"}, "name": "METASOIL F5 Rothamsted 2009 February 0-10cm Indirect Gram positive"}, "sample": {"data": {"biome": "Temperate grasslands", "location": "Rothamsted", "env_package": "soil", "latitude": 51.481481, "country": "England", "feature": "prairie", "sample_name": "METASOIL F5 Rothamsted 2009 February 0-10cm Indirect Gram positive", "collection_time": "12:00:00", "collection_date": "2009-02-01", "material": "soil", "collection_timezone": "UTC-0", "longitude": 0.222231}, "id": "mgs109312", "name": "METASOIL F5 Rothamsted 2009 February 0-10cm Indirect Gram positive"}, "env_package": {"type": "soil", "data": {"env_package": "soil", "sample_name": "METASOIL F5 Rothamsted 2009 February 0-10cm Indirect Gram positive"}, "id": "mge109313", "name": "METASOIL F5 Rothamsted 2009 February 0-10cm Indirect Gram positive: soil"}, "project": {"id": "mgp405", "data": {"lastname": "Delmont", "project_name": "Soil microbial community from Rothamsted, Park Grass (METASOIL project)", "PI_organization_address": "Ecully", "mgrast_id": "mgp405", "project_funding": "French National Research Agency (ANR) Projet ANR-08-GENM-025", "firstname": "Tom", "organization": "Ecole centrale de Lyon", "project_description": "Metagenomic analyse of soil microbial communities from Rothamsted, UK.\nRelated article on http://www.ncbi.nlm.nih.gov/pubmed/22297556.\nMore information (including Metadata) on the project at http://www.genomenviron.org/Projects/METASOIL.html", "PI_firstname": "Tim M Vogel and", "PI_lastname": "Tom O Delmont", "PI_organization_country": "France", "PI_organization": "Ecole centrale de Lyon", "email": "tomdelmont@hotmail.fr", "PI_email": "timothy.vogel@ec-lyon.fr"}, "name": "Soil microbial community from Rothamsted, Park Grass (METASOIL project)", "public": "Soil microbial community from Rothamsted, Park Grass (METASOIL project)"}}, "job_id": 12876, "pipeline_version": "3.0", "project_alpha_diversity": {"avg": 603.087339105196, "max": 650.454442800207, "min": 540.408521458922, "stdv": 28.9576263798265}, "library": ["mgl109314", "https://api.mg-rast.org/library/mgl109314"], "sequence_type": "WGS", "status": "public", "md5_checksum": "2e0c63d5685d0137f9bacb8635f244bc", "created": "2010-12-07 10:37:54", "pipeline_parameters": {"m5rna_annotation_version": "1", "m5nr_annotation_version": "1", "assembled": "no", "file_type": "fna", "aa_pid": "90", "filter_ambig": "yes", "priority": "never", "prefix_length": "50", "m5rna_sims_version": "7", "dereplicate": "yes", "filter_ln": "yes", "m5nr_sims_version": "7", "max_ambig": "5", "filter_ln_mult": "2.0", "screen_indexes": "h_sapiens", "rna_pid": "97", "bowtie": "yes", "fgs_type": "454"}, "mixs_compliant": 0, "project": ["mgp405", "https://api.mg-rast.org/project/mgp405"], "id": "mgm4453274.3", "version": 1, "statistics": {}}