{"project_metagenomes": ["4445845.3", "4445126.3", "4445129.3"], "mixs_compliant": 1, "pipeline_parameters": {"m5rna_sims_version": "7", "filter_ambig": "yes", "rna_pid": "97", "fgs_type": "454", "bowtie": "yes", "priority": "never", "assembled": "no", "m5nr_sims_version": "7", "file_type": "fna", "dereplicate": "yes", "m5nr_annotation_version": "1", "filter_ln": "yes", "aa_pid": "90", "screen_indexes": "h_sapiens", "m5rna_annotation_version": "1", "filter_ln_mult": "2.0", "max_ambig": "5", "prefix_length": "50"}, "sample": ["mgs100147", "https://api.mg-rast.org/sample/mgs100147"], "sequence_type": "WGS", "md5_checksum": "d38554b528a5339b66bcf4a1d62ed385", "statistics": {}, "metadata": {"sample": {"id": "mgs100147", "name": "McMurdo_sample", "data": {"env_package": "microbial mat|biofilm", "latitude": 78.016667, "longitude": 165.55, "sample_name": "McMurdo_sample", "feature": "microbial mat", "mgrast_id": "mgs100147", "location": "McMurdo Iceshelf", "biome": "freshwater biome", "material": "lake bottom mud", "collection_date": "2008-03-08", "country": "Antarctica", "collection_time": "08:00:00", "collection_timezone": "UTC-12"}}, "env_package": {"type": "microbial mat|biofilm", "id": "mge100148", "data": {"depth": 0, "misc_param_1": "env_package: microbial mat|biofilm", "elevation": 0, "mgrast_id": "mge100148", "sample_name": "McMurdo_sample", "env_package": "microbial mat|biofilm"}, "name": "McMurdo_sample: microbial mat|biofilm"}, "project": {"id": "mgp2964", "public": "Polar Microbial Mats", "data": {"PI_firstname": "Connie", "project_name": "Polar Micorboial Mats", "PI_organization": "Qu\u00c3\u00a9bec-Oc\u00c3\u00a9an, D\u00c3\u00a9partement de Biologie, and Institut de biologie int\u00c3\u00a9grative et des syst\u00c3\u00a8mes (IBIS) Universit\u00c3\u00a9 Laval", "PI_organization_address": "Institut de Biologie Integrative et des SystemesPavillon Charles-Eugene-Marchand 1030, avenue de la Medecine Quebec (Quebec) CanadaG1V 0A6 Office : 3241Tel : 418-656-2007", "project_description": "Pyrosequencing of microbial mats samples collected from freshwater ponds on the Markham Iceshelf, Ward Hunt Iceshelf in Arctic, and McMurdo Iceshelf in Antarctic.", "envo_release": "2017-04-15", "PI_email": "connie.lovejoy@bio.ulaval.ca", "mgrast_id": "mgp2964", "project_funding": "NSERC; Qu\u00c3\u00a9bec Oc\u00c3\u00a9an; IPY program, ArcticNet,Genome Canada, and Genome Qu\u00c3\u00a9bec", "PI_organization_country": "Canada", "PI_lastname": "Lovejoy"}, "name": "Polar Microbial Mats"}, "library": {"type": "WGS", "id": "mgl100149", "data": {"investigation_type": "metagenome", "metagenome_name": "McMurdo", "seq_meth": "454", "sample_name": "McMurdo_sample", "mgrast_id": "mgl100149", "metagenome_id": "4445845.3", "file_checksum": "d38554b528a5339b66bcf4a1d62ed385"}, "name": "McMurdo"}}, "library": ["mgl100149", "https://api.mg-rast.org/library/mgl100149"], "url": "https://api.mg-rast.org/metagenome/mgm4445845.3?verbosity=full", "project": ["mgp2964", "https://api.mg-rast.org/project/mgp2964"], "status": "public", "id": "mgm4445845.3", "job_id": 5740, "created": "2009-12-15 03:17:46", "project_alpha_diversity": {"min": 525.289173433993, "stdv": 30.0833013061905, "max": 585.455776046374, "avg": 555.372474740184}, "version": 1, "name": "McMurdo", "owner": "mgu968", "mixs": {"location": "McMurdo Iceshelf", "PI_lastname": "Lovejoy", "PI_firstname": "Connie", "country": "Antarctica", "project_id": "mgp2964", "seq_method": "454", "collection_date": "2008-03-08T08:00:00-1200", "biome": "freshwater biome", "env_package_type": "microbial mat|biofilm", "longitude": 165.55, "latitude": 78.016667, "feature": "microbial mat", "project_name": "Polar Microbial Mats", "sequence_type": "WGS", "material": "lake bottom mud"}, "pipeline_version": "3.0"}