{"md5_checksum": "237ea32934f96eaef5d8ea0b8f5bd20f", "sequence_type": "WGS", "project_metagenomes": ["4477904.3", "4477903.3", "4477902.3", "4477901.3", "4477900.3", "4477899.3", "4477877.3", "4477876.3", "4477875.3", "4477874.3", "4477873.3", "4477872.3", "4477807.3", "4477805.3", "4477804.3", "4477803.3"], "name": "CL1_r1", "mixs_compliant": 0, "project": ["mgp2997", "https://api.mg-rast.org/project/mgp2997"], "url": "https://api.mg-rast.org/metagenome/mgm4477877.3?verbosity=full", "pipeline_version": "3.0", "statistics": {}, "library": ["mgl92790", "https://api.mg-rast.org/library/mgl92790"], "mixs": {"PI_lastname": "Fierer", "env_package_type": "soil", "project_name": "cross-site soil metagen", "latitude": 34.617, "longitude": -81.667, "sequence_type": "WGS", "seq_method": "illumina", "project_id": "mgp2997", "biome": "Temperate coniferous forest biome", "feature": "slope", "PI_firstname": "Noah", "collection_date": "2010-01-10T12:00:00-0700", "country": "USA", "location": "Calhoun Experimental Forest, South Carolina, USA", "material": "bulk soil"}, "owner": "mgu29672", "pipeline_parameters": {"m5nr_annotation_version": "1", "m5rna_sims_version": "1", "max_lqb": "5", "file_type": "fastq", "screen_indexes": "h_sapiens_asm", "m5nr_sims_version": "7", "bowtie": "no", "fgs_type": "454", "dereplicate": "yes", "aa_pid": "90", "dynamic_trim": "no", "m5rna_annotation_version": "1", "prefix_length": "50", "priority": "never", "min_qual": "15", "assembled": "no", "rna_pid": "97"}, "status": "public", "project_alpha_diversity": {"min": 672.396823416176, "stdv": 84.9436421028179, "max": 1104.69554506166, "avg": 867.144394137914}, "id": "mgm4477877.3", "job_id": 37474, "sample": ["mgs92788", "https://api.mg-rast.org/sample/mgs92788"], "created": "2011-11-25 15:46:09", "version": 1, "metadata": {"library": {"data": {"metagenome_name": "CL1_r1", "investigation_type": "metagenome", "file_checksum": "237ea32934f96eaef5d8ea0b8f5bd20f", "file_name": "Noah3_110721_HWI-EAS137R_0379_s_7_1_sequence.fastq.fasta", "sample_name": "CL1_r1", "metagenome_id": "4477877.3", "seq_meth": "illumina"}, "id": "mgl92790", "name": "CL1_r1", "type": "WGS"}, "project": {"public": "cross-site soil metagen", "id": "mgp2997", "name": "cross-site soil metagen", "data": {"PI_organization": "University of Colorado", "PI_organization_address": "CIRES, UCB 216 Boulder CO 80309", "project_name": "cross-site soil metagen", "mgrast_id": "mgp2997", "PI_firstname": "Noah", "PI_organization_country": "USA", "PI_lastname": "Fierer", "PI_email": "noah.fierer@colorado.edu"}}, "sample": {"data": {"sample_name": "CL1", "biome": "Temperate coniferous forest biome", "longitude": -81.667, "latitude": 34.617, "collection_timezone": "UTC-7", "location": "Calhoun Experimental Forest, South Carolina, USA", "material": "bulk soil", "collection_date": "2010-01-10", "country": "USA", "collection_time": "12:00:00", "env_package": "soil", "feature": "slope"}, "id": "mgs92788", "name": "CL1"}, "env_package": {"data": {"sample_name": "CL1_r1", "env_package": "soil"}, "name": "CL1_r1: soil", "id": "mge92789", "type": "soil"}}}