{"pipeline_parameters": {"assembled": "no", "screen_indexes": "h_sapiens", "filter_ln_mult": "2.0", "rna_pid": "97", "prefix_length": "50", "m5rna_annotation_version": "1", "file_type": "fna", "priority": "never", "m5nr_sims_version": "7", "fgs_type": "454", "max_ambig": "5", "filter_ln": "yes", "filter_ambig": "yes", "m5rna_sims_version": "7", "dereplicate": "yes", "aa_pid": "90", "bowtie": "yes", "m5nr_annotation_version": "1"}, "sample": ["mgs15583", "https://api.mg-rast.org/sample/mgs15583"], "name": "6-1", "project_alpha_diversity": {"avg": null, "max": null, "min": null, "stdv": null}, "owner": "mgu13502", "created": "2010-01-19 14:03:52", "id": "mgm4446124.3", "metadata": {"env_package": {"name": "mge48953", "data": {"env_package": "human-associated", "age": "26 ; Second", "sex": "Male", "host_subject_id": "5", "profile_rating_demo 2": "bronze"}, "type": "human-associated", "id": "mge48953"}, "sample": {"name": "mgs15583", "data": {"country": "United States of America", "isol_growth_condt": "22158393", "material": "human-associated habitat", "latitude": 32.9, "continent": "north_america", "collection_time": "12:00:00", "collection_date": "2008-06-01", "feature": "human-associated habitat", "collection_timezone": "UTC", "biome": "human-associated habitat", "location": "California", "longitude": -117.2, "env_package": "human-associated"}, "id": "mgs15583"}, "project": {"public": "Project for: 6-1", "id": "mgp479", "data": {"organization_country": "United States of America", "project_description": "Analysis of Saliva Virome", "email": "pridedt9@gmail.com", "administrative-contact_PI_lastname": "Pride", "administrative-contact_PI_organization_country": "United States of America", "administrative-contact_PI_email": "pridedt9@gmail.com", "lastname": "Pride", "project_name": "Saliva Virome", "firstname": "David", "administrative-contact_PI_firstname": "David"}, "name": "Project for: 6-1"}, "library": {"type": "WGS", "name": "mgl48952", "data": {"seq_meth": "454", "file_checksum": "0503727c322d3f103f0b181cbb4859c2", "metagenome_name": "6-1", "pubmed_id": "22158393", "metagenome_id": "4446124.3", "investigation_type": "metagenome"}, "id": "mgl48952"}}, "url": "https://api.mg-rast.org/metagenome/mgm4446124.3?verbosity=full", "statistics": {}, "status": "public", "mixs": {"biome": "human-associated habitat", "project_name": "Project for: 6-1", "feature": "human-associated habitat", "collection_date": "2008-06-01T12:00:00Z", "longitude": -117.2, "env_package_type": "human-associated", "project_id": "mgp479", "sequence_type": "WGS", "seq_method": "454", "location": "California", "country": "United States of America", "material": "human-associated habitat", "latitude": 32.9, "PI_firstname": null, "PI_lastname": null}, "pipeline_version": "3.0", "library": ["mgl48952", "https://api.mg-rast.org/library/mgl48952"], "md5_checksum": "0503727c322d3f103f0b181cbb4859c2", "sequence_type": "WGS", "job_id": 6006, "project": ["mgp479", "https://api.mg-rast.org/project/mgp479"], "version": 1, "mixs_compliant": 1, "project_metagenomes": ["4446124.3"]}