{"pipeline_version": "3.0", "version": 1, "pipeline_parameters": {"priority": "never", "m5rna_annotation_version": "1", "file_type": "fna", "m5nr_annotation_version": "1", "bowtie": "yes", "m5rna_sims_version": "7", "screen_indexes": "h_sapiens", "aa_pid": "90", "filter_ambig": "yes", "rna_pid": "97", "filter_ln": "yes", "max_ambig": "5", "prefix_length": "50", "dereplicate": "yes", "m5nr_sims_version": "7", "filter_ln_mult": "2.0", "fgs_type": "454", "assembled": "no"}, "owner": "mgu18092", "url": "https://api.mg-rast.org/metagenome/mgm4449268.3?verbosity=full", "project_metagenomes": ["4466813.3", "4466742.3", "4466740.3", "4466841.3", "4449259.3", "4449268.3", "4442653.3", "4442652.3", "4442643.3"], "statistics": {}, "job_id": 8988, "library": ["mgl470599", "https://api.mg-rast.org/library/mgl470599"], "mixs": {"env_package_type": "water", "collection_date": "2001-05-17T10:00:00-0600", "country": "Mexico", "material": "water", "latitude": 20.8783, "biome": "coral reef", "PI_firstname": "Forest", "project_id": "mgp16895", "location": "Atlantic Ocean", "project_name": "Global Microbialization On Reefs", "feature": "coral reef", "PI_lastname": "Rohwer", "longitude": -86.85, "sequence_type": "WGS", "seq_method": "454"}, "mixs_compliant": 0, "id": "mgm4449268.3", "metadata": {"project": {"id": "mgp16895", "public": "Global Microbialization On Reefs", "name": "Global Microbialization On Reefs", "data": {"PI_organization_country": "USA", "email": "lwegley@gmail.com", "organization_country": "USA", "PI_organization_address": "LS301 Biology Department, San Diego State University, 5500 Campanile Drive, San Diego, CA 92182", "lastname": "Kelly", "project_name": "Global Microbialization on Reefs", "PI_lastname": "Rohwer", "organization": "San Diego State University", "organization_address": "LS301 Biology Department, San Diego State University, 5500 Campanile Drive, San Diego, CA 92182", "organization_url": "coralandphage.org", "project_description": "Metagenomes from watercolumn above coral reefs", "PI_email": "frohwer@gmail.com", "firstname": "Linda", "PI_organization_url": "coralandphage.org", "envo_release": "2013-04-27", "PI_organization": "San Diego State University", "project_funding": "NSF", "PI_firstname": "Forest"}}, "sample": {"name": "Cancun", "id": "mgs470597", "data": {"depth": 5, "material": "water", "latitude": 20.8783, "biome": "coral reef", "sample_id": "4449268.3", "collection_date": "2001-05-17", "collection_timezone": "UTC-6", "country": "Mexico", "feature": "coral reef", "collection_time": "10:00:00", "sample_name": "Cancun", "longitude": -86.85, "location": "Atlantic Ocean", "env_package": "water"}}, "library": {"type": "WGS", "data": {"seq_quality_check": "Prinseq", "metagenome_name": "CoralCancunMic_2", "seq_chem": "Titanium", "sample_name": "Cancun", "investigation_type": "metagenome", "metagenome_id": "4449268.3", "seq_center": "SDSU", "seq_meth": "454", "file_checksum": "15fad8cdfd8d21aa1185d2414fd0d03a"}, "name": "CoralCancunMic_2", "id": "mgl470599"}, "env_package": {"data": {"env_package": "water", "sample_name": "Cancun"}, "type": "water", "name": "Cancun: water", "id": "mge470598"}}, "sequence_type": "WGS", "status": "public", "created": "2010-06-23 21:48:02", "project_alpha_diversity": {"avg": 356.001397593201, "min": 104.599259832891, "max": 536.002088402223, "stdv": 149.40546087881}, "name": "CoralCancunMic_2", "md5_checksum": "15fad8cdfd8d21aa1185d2414fd0d03a", "sample": ["mgs470597", "https://api.mg-rast.org/sample/mgs470597"], "project": ["mgp16895", "https://api.mg-rast.org/project/mgp16895"]}