{"project_metagenomes": ["4508070.3", "4508177.3", "4517451.3", "4517505.3", "4520408.3", "4446970.3", "4446969.3", "4583147.3", "4447031.3", "4446575.3", "4446574.3", "4446573.3", "4446572.3", "4446571.3", "4446569.3"], "mixs": {"biome": "marine chemocline", "PI_lastname": "Sj\u00c3\u00b6ling", "material": "water", "PI_firstname": "Sara", "seq_method": "454", "longitude": 18.1426, "env_package_type": "water", "project_name": "Baltic Sea microbial communities", "collection_date": "2009-04-15T15:00:00+0100", "feature": "brackish water habitat", "latitude": 58.3591, "country": "Sweden", "sequence_type": "WGS", "project_id": "mgp2739", "location": "Landsort Deep, Baltic Sea"}, "pipeline_parameters": {"dereplicate": "yes", "prefix_length": "50", "rna_pid": "97", "fgs_type": "454", "filter_ln_mult": "2.0", "assembled": "no", "priority": "never", "m5rna_annotation_version": "1", "m5nr_annotation_version": "1", "screen_indexes": "h_sapiens", "filter_ambig": "yes", "bowtie": "yes", "file_type": "fna", "m5nr_sims_version": "7", "aa_pid": "90", "filter_ln": "yes", "m5rna_sims_version": "7", "max_ambig": "5"}, "created": "2010-03-15 09:56:37", "md5_checksum": "3bc322d5d5641e404918d8817e83d0be", "sequence_type": "WGS", "project": ["mgp2739", "https://api.mg-rast.org/project/mgp2739"], "url": "https://api.mg-rast.org/metagenome/mgm4446969.3?verbosity=full", "owner": "mgu1481", "project_alpha_diversity": {"min": 172.258209565559, "max": 1038.85775212978, "stdv": 241.542609917678, "avg": 677.463984683606}, "metadata": {"sample": {"data": {"material": "water", "env_package": "water", "sample_name": "75 m assembled", "biome": "marine chemocline", "collection_time": "15:00:00", "collection_timezone": "UTC+1", "country": "Sweden", "location": "Landsort Deep, Baltic Sea", "depth": 75, "continent": "europe", "longitude": 18.1426, "temperature": 5, "collection_date": "2009-04-15", "sample_id": "LD 75m", "latitude": 58.3591, "feature": "brackish water habitat"}, "id": "mgs131851", "name": "75 m assembled"}, "project": {"name": "Baltic Sea microbial communities", "id": "mgp2739", "data": {"organization_country": "Sweden", "PI_firstname": "Sara", "PI_email": "sara.sjoling@sh.se", "PI_organization_country": "Sweden", "email": "petter.thureborn@sh.se", "PI_lastname": "Sj\u00c3\u00b6ling", "project_funding": "\u00c3\u0096stersj\u00c3\u00b6stiftelsen", "PI_organization_address": "Alfred Nobels all\u00c3\u00a9 7, Flemingsberg - 141 89 Huddinge", "lastname": "Thureborn", "firstname": "Petter", "project_description": "Landsort Deep 2010, BY31", "PI_organization": "S\u00c3\u00b6dert\u00c3\u00b6rn University", "organization": "S\u00c3\u00b6dert\u00c3\u00b6rn University", "project_name": "Baltic Sea microbial communities"}, "public": "Baltic Sea microbial communities"}, "env_package": {"type": "water", "id": "mge131852", "data": {"sample_name": "75 m assembled", "env_package": "water"}, "name": "75 m assembled: water"}, "library": {"type": "WGS", "name": "75 m assembled", "id": "mgl131853", "data": {"file_checksum": "3bc322d5d5641e404918d8817e83d0be", "metagenome_id": "4446969.3", "metagenome_name": "75 m assembled", "seq_meth": "454", "sample_name": "75 m assembled", "investigation_type": "metagenome"}}}, "pipeline_version": "3.0", "job_id": 6824, "id": "mgm4446969.3", "library": ["mgl131853", "https://api.mg-rast.org/library/mgl131853"], "statistics": {}, "mixs_compliant": 0, "sample": ["mgs131851", "https://api.mg-rast.org/sample/mgs131851"], "status": "public", "version": 1, "name": "75 m assembled"}