{"name": "Fish -- Healthy gut bacteria", "pipeline_parameters": {"assembled": "no", "priority": "never", "bowtie": "yes", "m5rna_annotation_version": "1", "filter_ln_mult": "2.0", "fgs_type": "454", "filter_ambig": "yes", "prefix_length": "50", "m5rna_sims_version": "7", "screen_indexes": "h_sapiens", "m5nr_annotation_version": "1", "rna_pid": "97", "max_ambig": "5", "m5nr_sims_version": "7", "dereplicate": "yes", "filter_ln": "yes", "file_type": "fna", "aa_pid": "90"}, "statistics": {}, "md5_checksum": "32833fee8c0b2ed17db8bed7ad599c9a", "sample": ["mgs18466", "https://api.mg-rast.org/sample/mgs18466"], "created": "2008-11-05 19:32:53", "library": ["mgl51848", "https://api.mg-rast.org/library/mgl51848"], "job_id": 1597, "version": 1, "status": "public", "mixs": {"collection_date": "2006-05-04T12:00:00Z", "seq_method": "454", "project_name": "Aquacultured Fish (Kent State)", "project_id": "mgp21", "biome": "Small lake biome", "location": "San Diego University, San Diego, California", "material": "bodily fluid", "sequence_type": "WGS", "PI_lastname": "Angly", "feature": "animal-associated habitat", "env_package_type": "host-associated", "longitude": -116.097751, "PI_firstname": "Florent", "latitude": 33.537594, "country": "United States of America"}, "metadata": {"project": {"public": "Aquacultured Fish (Kent State)", "name": "Aquacultured Fish (Kent State)", "data": {"PI_organization_url": "http://bio.sdsu.edu", "project_description": "As part of the GAAS genomic tool execution and development, Adult hybrid striped bass were collected in April 2006 from a 5x2 m open\u00c2\u00adair aquaculture pond in San Diego, California, USA. Each fish was classified as healthy or morbid by veterinarians upon visual inspection. Fish were sacrificed with an overdose of MS\u00c2\u00ad222 (Finquel, Argent Laboratories), and examined for the presence of gross external and internal lesions to confirm preliminary diagnoses. Symptomatic fish had empty gut contents. Five symptomatic and five asymptomatic fish were selected and gut contents were collected by flushing aseptically with 10 mL of SM buffer. Samples were sonicated (15 seconds, 3 times) and then centrifuged at 150 x g for 20 minutes at 4\u00c2\u00b0C. The supernatant was then filtered (0.45 &#956;m and 0.2 &#956;m) to separate the microbial fraction (attached onto the filter) from the viruses (filtrate). Viral particles in the filtrate were purified using a CsCl step gradient and viral DNA was extracted as described by Thurber . Viral DNA was amplified with GenomiPhi (GE Healthcare, Piscataway, NJ) and ethanol precipitated. Approximately 10 &#956;g of each DNA sample was submitted for GS20 pyrosequencing at 454 Life Sciences to produce the FishHealGutKentSTVir20060504 and FishMorGutKentSTVir20060504 metagenomes (from healthy fish and morbid fish respectively). Duplicate sequences were removed and the metagenomes were submitted to NCBI (Genome Project 28397 and 28399).", "ncbi_id": "28389", "PI_organization_country": "USA", "ebi_id": "ERP104408", "PI_email": "forent.angly@gmail.com", "PI_lastname": "Angly", "project_name": "Aquacultured Fish (Kent State)", "PI_firstname": "Florent", "PI_organization_address": "San Diego, CA", "PI_organization": "Biology Department, San Diego State University"}, "id": "mgp21"}, "library": {"id": "mgl51848", "data": {"metagenome_name": "Fish -- Healthy gut bacteria", "seq_center": "455 Life Sciences, Inc, Branford, CT", "seq_meth": "454", "pubmed_id": "20011103, 18337719", "file_checksum": "32833fee8c0b2ed17db8bed7ad599c9a", "investigation_type": "metagenome", "sample_name": "FishHealthyGutBacteria", "lib_type": "random shotgun", "gold_id": "Gm00134", "metagenome_id": "4441695.3", "mgrast_id": "mgl51848"}, "name": "Fish -- Healthy gut bacteria", "type": "WGS"}, "sample": {"name": "FishHealthyGutBacteria", "id": "mgs18466", "data": {"feature": "animal-associated habitat", "samp_mat_process": "DNA extraction", "sample_name": "FishHealthyGutBacteria", "country": "United States of America", "isol_growth_condt": "20011103", "latitude": 33.537594, "longitude": -116.097751, "env_package": "host-associated", "mgrast_id": "mgs18466", "continent": "north america", "metagenome_taxonomy": "fish gut", "collection_date": "2006-05-04", "collection_time": "12:00:00", "material": "bodily fluid", "location": "San Diego University, San Diego, California", "biome": "Small lake biome", "samp_collect_device": "Adult hybrid striped bass were collected in April 2006 from a 5x2 m open\u00c2\u00adair aquaculture pond in San Diego, California, USA. Each fish was classified as healthy or morbid by veterinarians upon visual inspection. Fish were sacrificed with an overdose of MS\u00c2\u00ad222 (Finquel, Argent Laboratories), and examined for the presence of gross external and internal lesions to confirm preliminary diagnoses. Symptomatic fish had empty gut contents. Five symptomatic and five asymptomatic fish were selected and gut contents were collected by flushing aseptically with 10 mL of SM buffer. Samples were sonicated (15 seconds, 3 times) and then centrifuged at 150 x g for 20 minutes at 4\u00c2\u00b0C. The supernatant was then filtered (0.45 &#956;m and 0.2 &#956;m) to separate the microbial fraction (attached onto the filter) from the viruses (filtrate). Viral particles in the filtrate were purified using a CsCl step gradient and viral DNA was extracted as described by Thurber [5].", "collection_timezone": "UTC"}}, "env_package": {"type": "host-associated", "name": "FishHealthyGutBacteria: host-associated", "id": "mge51849", "data": {"life_stage": "Adult", "body_product": "gut contents", "mgrast_id": "mge51849", "env_package": "host-associated", "host_common_name": "striped bass", "misc_param_1": "env_package: host-associated", "host_taxid": "34816", "disease_stat": "healthy", "host_growth_cond": "5x2 m open\u00c2\u00adair aquaculture pond", "sample_name": "FishHealthyGutBacteria"}}}, "pipeline_version": "3.0", "owner": "mgu93", "mixs_compliant": 1, "url": "https://api.mg-rast.org/metagenome/mgm4441695.3?verbosity=full", "project_metagenomes": ["4440066.3", "4440062.3", "4440055.3", "4440056.3", "4440065.3", "4440063.3", "4440059.3", "4440064.3", "4441696.3", "4441695.3"], "project": ["mgp21", "https://api.mg-rast.org/project/mgp21"], "id": "mgm4441695.3", "project_alpha_diversity": {"stdv": 46.2465541848945, "min": 57.6775499450334, "max": 235.03940523201, "avg": 154.971972233003}, "sequence_type": "WGS"}