{"id": "mgm4454153.3", "md5_checksum": "2449fe32278946f1db7117d361523011", "sequence_type": "WGS", "pipeline_parameters": {"filter_ln": "yes", "max_ambig": "5", "m5nr_annotation_version": "1", "file_type": "fna", "assembled": "no", "priority": "never", "bowtie": "yes", "m5nr_sims_version": "7", "filter_ambig": "yes", "prefix_length": "50", "aa_pid": "90", "dereplicate": "yes", "fgs_type": "454", "m5rna_annotation_version": "1", "rna_pid": "97", "filter_ln_mult": "2.0", "screen_indexes": "h_sapiens", "m5rna_sims_version": "7"}, "url": "https://api.mg-rast.org/metagenome/mgm4454153.3?verbosity=full", "name": "pink berry consortia - Roche 454 FLX - ncbi SRA SRX332170", "metadata": {"project": {"public": "Project for: pink berry consortia metagenome - Roche 454 data", "data": {"email": "egwilbanks@ucdavis.edu", "PI_organization": "UC Davis", "PI_lastname": "Wilbanks", "PI_organization_country": "USA", "organization": "UC Davis", "lastname": "Wilbanks", "PI_firstname": "Elizabeth", "PI_organization_address": "1 Shields Ave, Davis, CA", "PI_organization_url": "www.ucdavis.edu", "project_description": "We investigate syntrophic sulfur cycling in the ?pink berry? consortia through an integrative, multidisciplinary study at the microbial scale. The pink berries are macroscopic, photosynthetic microbial aggregates composed primarily of two closely associated species: sulfide-oxidizing purple sulfur bacteria (PSB) of the family Chromatiaceae and sulfate reducing bacteria (SRB) from the Desulfobulbacaea. Metagenomic sequencing and the reconstruction of near-complete genomes for the PSB and SRB species reveals the genetic potential for sulfur cycling within the berries. This is the unassembled data from a portion of one 454 run and is equivalent to the data shown for NCBI SRX332170, under BioProject PRJNA214436.", "firstname": "Elizabeth", "mgrast_id": "mgp650", "project_name": "Project for: pink berry consortia metagenome - Roche 454 data", "PI_email": "egwilbanks@ucdavis.edu"}, "id": "mgp650", "name": "Project for: pink berry consortia metagenome - Roche 454 data"}, "sample": {"data": {"feature": "biofilm", "sample_name": "mgs25801", "env_package": "microbial mat|biofilm", "collection_timezone": "UTC", "biome": "biofilm", "longitude": -70.639233, "material": "biofilm", "elevation": 0, "country": "United States of America", "collection_time": "19:23:10", "altitude": 0, "latitude": 41.575836, "collection_date": "2010-07-01", "depth": 0.25, "mgrast_id": "mgs25801", "location": "USA:Cape Cod:Sippewissett Marsh"}, "name": "mgs25801", "id": "mgs25801"}, "library": {"data": {"file_checksum": "2449fe32278946f1db7117d361523011", "investigation_type": "metagenome", "mgrast_id": "mgl52884", "seq_meth": "454", "metagenome_id": "4454153.3", "metagenome_name": "pink berry consortia - Roche 454 FLX - ncbi SRA SRX332170", "sample_name": "mgs25801"}, "id": "mgl52884", "type": "WGS", "name": "pink berry consortia - Roche 454 FLX"}, "env_package": {"data": {"env_package": "microbial mat|biofilm", "sample_name": "mgs25801", "mgrast_id": "mge126780"}, "type": "microbial mat|biofilm", "name": "mgs25801: microbial mat|biofilm", "id": "mge126780"}}, "project": ["mgp650", "https://api.mg-rast.org/project/mgp650"], "mixs": {"PI_firstname": "Elizabeth", "collection_date": "2010-07-01T19:23:10Z", "latitude": 41.575836, "sequence_type": "WGS", "country": "United States of America", "location": "USA:Cape Cod:Sippewissett Marsh", "env_package_type": "microbial mat|biofilm", "project_name": "Project for: pink berry consortia metagenome - Roche 454 data", "PI_lastname": "Wilbanks", "seq_method": "454", "project_id": "mgp650", "feature": "biofilm", "material": "biofilm", "longitude": -70.639233, "biome": "biofilm"}, "sample": ["mgs25801", "https://api.mg-rast.org/sample/mgs25801"], "mixs_compliant": 0, "statistics": {}, "job_id": 13760, "pipeline_version": "3.0", "status": "public", "version": 1, "created": "2011-01-20 01:41:36", "project_alpha_diversity": {"stdv": 0, "max": 777.950851791045, "avg": 777.950851791045, "min": 777.950851791045}, "library": ["mgl52884", "https://api.mg-rast.org/library/mgl52884"], "owner": "mgu21462", "project_metagenomes": ["4454153.3"]}