{"sample": ["mgs192740", "https://api.mg-rast.org/sample/mgs192740"], "job_id": 26193, "library": ["mgl192742", "https://api.mg-rast.org/library/mgl192742"], "md5_checksum": "2cf93209b973f3c4c7be4ee486f24ca7", "version": 1, "project_metagenomes": ["4466846.3", "4466845.3", "4466844.3", "4466835.3", "4466825.3", "4466820.3", "4466814.3", "4466812.3", "4466810.3", "4466809.3", "4466745.3", "4466741.3", "4466739.3", "4466738.3", "4466737.3", "4466736.3", "4466599.3", "4466597.3", "4466596.3", "4466592.3", "4466582.3", "4466309.3"], "project_alpha_diversity": {"avg": 453.581479636971, "min": 256.005423264818, "max": 739.242402937356, "stdv": 120.439104940246}, "statistics": {}, "created": "2011-06-21 23:09:07", "pipeline_parameters": {"m5nr_sims_version": "7", "bowtie": "no", "max_ambig": "5", "aa_pid": "90", "filter_ln": "no", "m5rna_annotation_version": "1", "dereplicate": "no", "screen_indexes": "h_sapiens_asm", "filter_ambig": "no", "file_type": "fna", "rna_pid": "97", "prefix_length": "50", "m5nr_annotation_version": "1", "assembled": "no", "filter_ln_mult": "-3.19", "m5rna_sims_version": "7", "priority": "never", "fgs_type": "454"}, "project": ["mgp9220", "https://api.mg-rast.org/project/mgp9220"], "metadata": {"library": {"name": "CoralFlint2Mic20090330_NP", "type": "WGS", "data": {"file_checksum": "2cf93209b973f3c4c7be4ee486f24ca7", "metagenome_name": "CoralFlint2Mic20090330_NP", "seq_quality_check": "Prinseq", "seq_chem": "Titanium", "seq_center": "SDSU", "file_name": "CoralFlint2Mic20090330_NPFinal.fasta", "investigation_type": "metagenome", "metagenome_id": "4466596.3", "seq_meth": "454", "sample_name": "CoralFlint2Mic20090330_NP"}, "id": "mgl192742"}, "sample": {"id": "mgs192740", "data": {"country": "Kiribati", "env_package": "water", "collection_time": "10:00:00", "sample_id": "4466596.3", "longitude": -151.82739, "material": "water", "location": "Pacific Ocean", "depth": 30, "collection_date": "2009-03-30", "sample_name": "CoralFlint2Mic20090330_NP", "feature": "coral reef", "biome": "coral reef", "collection_timezone": "UTC-10", "latitude": -11.41924}, "name": "CoralFlint2Mic20090330_NP"}, "project": {"id": "mgp9220", "public": "Pacific Reef Microbiomes", "data": {"lastname": "Kelly", "organization_url": "coralandphage.org", "PI_organization_address": "LS301 Biology Department, San Diego State University, 5500 Campanile Drive, San Diego, CA 92182", "PI_organization_country": "USA", "PI_lastname": "Rohwer", "project_funding": "NSF", "email": "lwegley@gmail.com", "project_description": "Metagenomes from the Line Islands", "organization": "San Diego State University", "organization_country": "USA", "PI_organization_url": "coralandphage.org", "organization_address": "LS301 Biology Department, San Diego State University, 5500 Campanile Drive, San Diego, CA 92182", "PI_email": "forest@sunstroke.sdsu.edu", "project_name": "Pacific Reef Microbiomes", "PI_organization": "San Diego State University", "firstname": "Linda", "PI_firstname": "Forest"}, "name": "Pacific Reef Microbiomes"}, "env_package": {"id": "mge192741", "data": {"env_package": "water", "sample_name": "CoralFlint2Mic20090330_NP"}, "name": "CoralFlint2Mic20090330_NP: water", "type": "water"}}, "pipeline_version": "3.0", "mixs_compliant": 0, "status": "public", "url": "https://api.mg-rast.org/metagenome/mgm4466596.3?verbosity=full", "id": "mgm4466596.3", "owner": "mgu333", "mixs": {"sequence_type": "WGS", "project_name": "Pacific Reef Microbiomes", "latitude": -11.41924, "biome": "coral reef", "feature": "coral reef", "PI_firstname": "Forest", "seq_method": "454", "material": "water", "longitude": -151.82739, "country": "Kiribati", "project_id": "mgp9220", "collection_date": "2009-03-30T10:00:00-1000", "env_package_type": "water", "location": "Pacific Ocean", "PI_lastname": "Rohwer"}, "name": "CoralFlint2Mic20090330_NP", "sequence_type": "WGS"}