{"sequence_type": "WGS", "mixs_compliant": 0, "created": "2007-12-23 20:44:28", "library": ["mgl69208", "https://api.mg-rast.org/library/mgl69208"], "job_id": 317, "version": 1, "statistics": {}, "project_alpha_diversity": {"avg": 287.597157489909, "stdv": 214.92260101415, "min": 25.0416487709006, "max": 769.523606831403}, "owner": "mgu163", "mixs": {"project_id": "mgp11", "PI_firstname": "Beltran", "biome": "marine biome", "project_name": "Chula Vista, CA Solar Saltern Study", "material": "saline water", "env_package_type": "water", "latitude": 32.6, "PI_lastname": "Rodriguez-Brito", "location": "Chula Vista, CA", "seq_method": "454", "country": "United States of America", "feature": "saline evaporation pond", "longitude": -117.1072, "sequence_type": "WGS", "collection_date": "2005-11-28T00:00:00Z"}, "project_metagenomes": ["4440435.3", "4440426.3", "4440437.3", "4440427.3", "4440144.4", "4440145.4", "4440433.3", "4440419.3", "4440416.3", "4440425.3", "4440431.3", "4440417.3", "4440432.3", "4440434.3", "4440436.3", "4440421.3", "4440428.3", "4440324.3", "4440325.3", "4440420.3", "4440430.3", "4440429.3", "4440438.3", "4440090.3"], "sample": ["mgs69206", "https://api.mg-rast.org/sample/mgs69206"], "status": "public", "md5_checksum": "e6a1eb75d28ccc7ed100f319f4ce0e00", "pipeline_version": "3.0", "metadata": {"env_package": {"data": {"sample_name": "LowSalternSDbayVir20051128", "biomass": "1.53E8 VLPs/ml", "salinity": "6-8%", "env_package": "water"}, "type": "water", "id": "mge69207", "name": "LowSalternSDbayVir20051128: water"}, "sample": {"data": {"collection_time": "00:00:00", "sample_name": "LowSalternSDbayVir20051128", "samp_collect_device": "Water samples from the solar saltern of South Bay Salt Works (Chula Vista, CA, USA) were collected from three ponds with different salinities: low (6-8%), medium (12-14%), and high (27-30%). Salinity was measured with a hand refractometer. The time between samplings ranged from 1 day to ~1.33 years (Table 1). Viral and microbial fractions were isolated from each water sample by passage through a 0.2-&#956;m tangential flow filter (TFF, Millipore, Westborough, MA, USA). The filtrate and the retentate were collected in separate tanks. The virus-containing filtrate was concentrated to a final volume of ~500&#8201;ml using a 100-kDa TFF filter. Polyethylene glycol (PEG 8000) was added to a final concentration of 10% (w/v) and the mixture was incubated for 12-18&#8201;h at 4&#8201;\u00c2\u00b0C. The VLPs were pelleted by centrifuging for 2&#8201;h at 22&#8201;000&#8201;rpm in an SW41Ti swinging bucket rotor (RCF avg=53&#8201;000 \u00c3\u0097 g). The VLP pellet was resuspended in filtered (100&#8201;kDa) saltern water to a final volume of ~50&#8201;ml. The virus concentrate was loaded onto a cesium chloride density gradient, centrifuged, and the 1.5&#8201;g&#8201;ml&#8722;1 fraction was collected.", "location": "Chula Vista, CA", "env_package": "water", "feature": "saline evaporation pond", "country": "United States of America", "collection_date": "2005-11-28", "longitude": -117.1072, "biome": "marine biome", "isol_growth_condt": "20147985", "collection_timezone": "UTC", "misc_param": "geodetic_system: wgs_84", "continent": "north america", "latitude": 32.6, "material": "saline water"}, "id": "mgs69206", "name": "LowSalternSDbayVir20051128"}, "library": {"name": "LowSalternSDbayVir20051128", "id": "mgl69208", "data": {"pubmed_id": "18337718, 20147985", "file_name": "LowSalternSDbayVir20051128.fna", "investigation_type": "metagenome", "seq_center": "454 Life Sciences, Inc, Branford, CT", "file_checksum": "e6a1eb75d28ccc7ed100f319f4ce0e00", "misc_param": "sequences_sequences_filtered: Removed redundant contigs", "metagenome_id": "4440420.3", "lib_size_mean": 102.9, "metagenome_name": "LowSalternSDbayVir20051128", "gold_id": "Gm00134", "seq_meth": "454", "sample_name": "LowSalternSDbayVir20051128"}, "type": "WGS"}, "project": {"public": "Chula Vista, CA Solar Saltern Study", "id": "mgp11", "name": "Chula Vista, CA Solar Saltern Study", "data": {"PI_organization_address": "San Diego, CA", "PI_email": "beltran.rodriguezbrito@gmail.com", "ncbi_id": "28377, 28725", "PI_organization_url": "www.csrc.sdsu.edu/", "PI_organization": "Computational Science Research Center, San Diego State University", "PI_lastname": "Rodriguez-Brito", "project_funding": "NSF, Gordon and Betty Moore Foundation, ARCS Fellowship, NSF Postdoctoral Fellowship #DBI-0511948, ATP/Kent Sea Tech and EMBO ASTF366-2007 short-term fellowship.", "PI_firstname": "Beltran", "PI_organization_country": "USA", "project_description": "Water samples from the solar saltern of South Bay Salt Works (Chula Vista, CA, USA) were collected from three ponds with different salinities: low (6-8%), medium (12-14%), and high (27-30%). In this study, we used metagenomics to monitor the viral and microbial communities in this and 3 other distinctive, stable, human-controlled aquatic environments over time. The study environments included a freshwater aquaculture system and three solar saltern environments of differing salinity. Populations within the communities were monitored at both the coarse-grained level of species and the fine-grained level of strains. On the basis of our results, we propose a model for these stable aquatic environments that is consistent with a Kill-the-Winner cycling of predator and prey populations and in which sensitive microbial strains are killed off by viral predators and are replaced by phage-resistant strains of the same species.", "project_name": "Chula Vista, CA Solar Saltern Study"}}}, "pipeline_parameters": {"fgs_type": "454", "filter_ln": "yes", "assembled": "no", "screen_indexes": "h_sapiens", "file_type": "fna", "priority": "never", "aa_pid": "90", "filter_ln_mult": "2.0", "m5rna_sims_version": "7", "filter_ambig": "yes", "m5nr_sims_version": "7", "dereplicate": "yes", "rna_pid": "97", "max_ambig": "5", "m5nr_annotation_version": "1", "bowtie": "yes", "m5rna_annotation_version": "1", "prefix_length": "50"}, "name": "LowSalternSDbayVir20051128", "url": "https://api.mg-rast.org/metagenome/mgm4440420.3?verbosity=full", "id": "mgm4440420.3", "project": ["mgp11", "https://api.mg-rast.org/project/mgp11"]}