{"pipeline_parameters": {"priority": "never", "screen_indexes": "h_sapiens", "m5rna_sims_version": "7", "prefix_length": "50", "m5nr_sims_version": "7", "m5nr_annotation_version": "1", "file_type": "fna", "bowtie": "yes", "max_ambig": "5", "filter_ambig": "yes", "rna_pid": "97", "aa_pid": "90", "dereplicate": "yes", "filter_ln_mult": "2.0", "m5rna_annotation_version": "1", "fgs_type": "454", "assembled": "no", "filter_ln": "yes"}, "id": "mgm4446411.3", "library": ["mgl73676", "https://api.mg-rast.org/library/mgl73676"], "mixs": {"latitude": 36.166, "longitude": 139.651, "sequence_type": "WGS", "env_package_type": "water", "country": "Australia", "PI_lastname": "Jeffries", "material": "saline water", "feature": "marine pelagic feature", "location": "Coorong Lagoon", "biome": "estuarine biome", "collection_date": "2009-11-02T09:00:00+0930", "project_name": "Jeffries et al PLoS One", "PI_firstname": "Thomas", "seq_method": "454", "project_id": "mgp358"}, "project_metagenomes": ["4440984.3", "4441020.3", "4441021.3", "4441022.3", "4446342.3", "4446341.3", "4446406.3", "4446411.3", "4446412.3"], "project": ["mgp358", "https://api.mg-rast.org/project/mgp358"], "metadata": {"library": {"id": "mgl73676", "type": "WGS", "data": {"file_checksum": "ffea47abe5094158e943433246aa3f92", "investigation_type": "metagenome", "sample_name": "S2gnew", "metagenome_name": "S2gnew", "seq_meth": "454", "metagenome_id": "4446411.3"}, "name": "S2gnew"}, "env_package": {"id": "mge73675", "name": "S2gnew : water", "data": {"sample_name": "S2gnew", "env_package": "water"}, "type": "water"}, "sample": {"id": "mgs73674", "data": {"biome": "estuarine biome", "collection_date": "2009-11-02", "location": "Coorong Lagoon", "collection_time": "9:00:00", "material": "saline water", "feature": "marine pelagic feature", "country": "Australia", "sample_name": "S2gnew", "latitude": 36.166, "collection_timezone": "UTC+9:30", "longitude": 139.651, "env_package": "water"}, "name": "S2gnew "}, "project": {"public": "Jeffries et al PLoS One", "id": "mgp358", "name": "Jeffries et al PLoS One", "data": {"PI_organization": "Flinders University", "project_name": "Jeffries et al PLoS One", "PI_organization_address": "School Of Biological Sciences Flinders University GPO Boc 2100 SA 5001", "PI_firstname": "Thomas", "PI_lastname": "Jeffries", "PI_email": "jeffries.thomas@gmail.com", "PI_organization_country": "Australia"}}}, "owner": "mgu15962", "sequence_type": "WGS", "statistics": {}, "sample": ["mgs73674", "https://api.mg-rast.org/sample/mgs73674"], "url": "https://api.mg-rast.org/metagenome/mgm4446411.3?verbosity=full", "version": 1, "name": "S2gnew", "pipeline_version": "3.0", "md5_checksum": "ffea47abe5094158e943433246aa3f92", "status": "public", "created": "2010-02-10 06:18:11", "mixs_compliant": 0, "job_id": 6288, "project_alpha_diversity": {"stdv": 122.705695818549, "min": 514.625301430474, "max": 889.874953582374, "avg": 772.591540211783}}