{"owner": "mgu333", "project_alpha_diversity": {"stdv": 149.40546087881, "max": 536.002088402223, "avg": 356.001397593201, "min": 104.599259832891}, "metadata": {"env_package": {"name": "Tabuaeran: water", "data": {"sample_name": "Tabuaeran", "env_package": "water"}, "id": "mge470619", "type": "water"}, "project": {"public": "Global Microbialization On Reefs", "id": "mgp16895", "data": {"PI_organization_country": "USA", "PI_organization": "San Diego State University", "PI_organization_url": "coralandphage.org", "PI_lastname": "Rohwer", "project_description": "Metagenomes from watercolumn above coral reefs", "email": "lwegley@gmail.com", "PI_organization_address": "LS301 Biology Department, San Diego State University, 5500 Campanile Drive, San Diego, CA 92182", "project_funding": "NSF", "project_name": "Global Microbialization on Reefs", "organization_country": "USA", "envo_release": "2013-04-27", "organization_url": "coralandphage.org", "organization": "San Diego State University", "organization_address": "LS301 Biology Department, San Diego State University, 5500 Campanile Drive, San Diego, CA 92182", "lastname": "Kelly", "PI_email": "frohwer@gmail.com", "firstname": "Linda", "PI_firstname": "Forest"}, "name": "Global Microbialization On Reefs"}, "library": {"type": "WGS", "id": "mgl470620", "data": {"metagenome_name": "CoralTabuaeran2005Mic20050811_NP", "metagenome_id": "4466841.3", "investigation_type": "metagenome", "sample_name": "Tabuaeran", "seq_center": "SDSU", "seq_meth": "454", "file_checksum": "a313eeffe292caa264108da41a391f62", "seq_quality_check": "Prinseq", "seq_chem": "Titanium", "file_name": "CoralTabuaeran2005BMic20050811_NPFinal.fasta"}, "name": "CoralTabuaeran2005Mic20050811_NP"}, "sample": {"id": "mgs470618", "name": "Tabuaeran", "data": {"collection_timezone": "UTC-10", "country": "Kiribati", "depth": 10, "biome": "coral reef", "env_package": "water", "feature": "coral reef", "location": "Pacific Ocean", "collection_time": "10:00:00", "material": "water", "sample_id": "4466841.3", "sample_name": "Tabuaeran", "latitude": 3.8122, "longitude": -159.3386, "collection_date": "2005-08-12"}}}, "url": "https://api.mg-rast.org/metagenome/mgm4466841.3?verbosity=full", "pipeline_parameters": {"m5nr_sims_version": "7", "filter_ln": "no", "dereplicate": "no", "max_ambig": "5", "m5rna_sims_version": "7", "filter_ambig": "no", "prefix_length": "50", "m5nr_annotation_version": "1", "fgs_type": "454", "filter_ln_mult": "-3.71", "assembled": "no", "screen_indexes": "h_sapiens_asm", "rna_pid": "97", "bowtie": "no", "aa_pid": "90", "file_type": "fna", "priority": "never", "m5rna_annotation_version": "1"}, "project_metagenomes": ["4466813.3", "4466742.3", "4466740.3", "4466841.3", "4449259.3", "4449268.3", "4442653.3", "4442652.3", "4442643.3"], "name": "CoralTabuaeran2005Mic20050811_NP", "job_id": 26438, "mixs": {"material": "water", "location": "Pacific Ocean", "PI_firstname": "Forest", "latitude": 3.8122, "longitude": -159.3386, "project_name": "Global Microbialization On Reefs", "collection_date": "2005-08-12T10:00:00-1000", "seq_method": "454", "biome": "coral reef", "country": "Kiribati", "PI_lastname": "Rohwer", "feature": "coral reef", "env_package_type": "water", "project_id": "mgp16895", "sequence_type": "WGS"}, "mixs_compliant": 0, "version": 1, "project": ["mgp16895", "https://api.mg-rast.org/project/mgp16895"], "id": "mgm4466841.3", "md5_checksum": "a313eeffe292caa264108da41a391f62", "status": "public", "library": ["mgl470620", "https://api.mg-rast.org/library/mgl470620"], "created": "2011-06-23 19:42:41", "sequence_type": "WGS", "statistics": {}, "sample": ["mgs470618", "https://api.mg-rast.org/sample/mgs470618"], "pipeline_version": "3.0"}