{"metadata": {"library": {"name": "METASOIL F6 Rothamsted 2009 February 11-21cm Indirect in plug", "data": {"metagenome_id": "4453433.3", "file_checksum": "8a0dcb668843aaba811dd1f11d9b3d42", "metagenome_name": "METASOIL F6 Rothamsted 2009 February 11-21cm Indirect in plug", "seq_meth": "454", "sample_name": "METASOIL F6 Rothamsted 2009 February 11-21cm Indirect in plug", "investigation_type": "metagenome"}, "id": "mgl109335", "type": "WGS"}, "project": {"data": {"organization": "Ecole centrale de Lyon", "PI_email": "timothy.vogel@ec-lyon.fr", "project_description": "Metagenomic analyse of soil microbial communities from Rothamsted, UK.\nRelated article on http://www.ncbi.nlm.nih.gov/pubmed/22297556.\nMore information (including Metadata) on the project at http://www.genomenviron.org/Projects/METASOIL.html", "PI_organization": "Ecole centrale de Lyon", "project_name": "Soil microbial community from Rothamsted, Park Grass (METASOIL project)", "mgrast_id": "mgp405", "PI_lastname": "Tom O Delmont", "PI_organization_country": "France", "email": "tomdelmont@hotmail.fr", "PI_firstname": "Tim M Vogel and", "project_funding": "French National Research Agency (ANR) Projet ANR-08-GENM-025", "PI_organization_address": "Ecully", "lastname": "Delmont", "firstname": "Tom"}, "id": "mgp405", "name": "Soil microbial community from Rothamsted, Park Grass (METASOIL project)", "public": "Soil microbial community from Rothamsted, Park Grass (METASOIL project)"}, "sample": {"data": {"longitude": 0.222231, "country": "England", "env_package": "soil", "collection_time": "12:00:00", "collection_timezone": "UTC-0", "feature": "prairie", "collection_date": "2009-02-01", "biome": "Temperate grasslands", "location": "Rothamsted", "material": "soil", "sample_name": "METASOIL F6 Rothamsted 2009 February 11-21cm Indirect in plug", "latitude": 51.481481}, "id": "mgs109333", "name": "METASOIL F6 Rothamsted 2009 February 11-21cm Indirect in plug"}, "env_package": {"name": "METASOIL F6 Rothamsted 2009 February 11-21cm Indirect in plug: soil", "type": "soil", "id": "mge109334", "data": {"env_package": "soil", "sample_name": "METASOIL F6 Rothamsted 2009 February 11-21cm Indirect in plug"}}}, "created": "2010-12-14 09:30:06", "project_alpha_diversity": {"min": 540.408521458922, "max": 650.454442800207, "stdv": 28.9576263798265, "avg": 603.087339105196}, "pipeline_parameters": {"bowtie": "yes", "filter_ln": "yes", "prefix_length": "50", "priority": "never", "assembled": "no", "screen_indexes": "h_sapiens", "filter_ambig": "yes", "dereplicate": "yes", "max_ambig": "5", "m5rna_annotation_version": "1", "m5nr_annotation_version": "1", "fgs_type": "454", "rna_pid": "97", "m5rna_sims_version": "7", "filter_ln_mult": "2.0", "file_type": "fna", "aa_pid": "90", "m5nr_sims_version": "7"}, "name": "METASOIL F6 Rothamsted 2009 February 11-21cm Indirect in plug", "mixs": {"sequence_type": "WGS", "env_package_type": "soil", "biome": "Temperate grasslands", "latitude": 51.481481, "project_name": "Soil microbial community from Rothamsted, Park Grass (METASOIL project)", "feature": "prairie", "PI_lastname": "Tom O Delmont", "PI_firstname": "Tim M Vogel and", "longitude": 0.222231, "country": "England", "seq_method": "454", "location": "Rothamsted", "material": "soil", "project_id": "mgp405", "collection_date": "2009-02-01T12:00:00-0000"}, "version": 1, "owner": "mgu11652", "library": ["mgl109335", "https://api.mg-rast.org/library/mgl109335"], "pipeline_version": "3.0", "sequence_type": "WGS", "url": "https://api.mg-rast.org/metagenome/mgm4453433.3?verbosity=full", "md5_checksum": "8a0dcb668843aaba811dd1f11d9b3d42", "id": "mgm4453433.3", "project_metagenomes": ["4453261.3", "4453247.3", "4453246.3", "4453254.3", "4453256.3", "4453257.3", "4453274.3", "4453406.3", "4453407.3", "4453433.3", "4453434.3", "4453435.3", "4453436.3"], "project": ["mgp405", "https://api.mg-rast.org/project/mgp405"], "statistics": {}, "sample": ["mgs109333", "https://api.mg-rast.org/sample/mgs109333"], "mixs_compliant": 0, "job_id": 13039, "status": "public"}