{"name": "AlphaproteobacteriaPt1", "project": ["mgp1929", "https://api.mg-rast.org/project/mgp1929"], "owner": "mgu9202", "statistics": {}, "created": "2011-02-06 17:43:53", "metadata": {"env_package": {"name": "AlphaproteobacteriaPt1: water", "type": "water", "id": "mge103893", "data": {"sample_name": "AlphaproteobacteriaPt1", "env_package": "water"}}, "library": {"data": {"file_checksum": "3b39ee001b94bbde1b42376b1946c81f", "metagenome_name": "AlphaproteobacteriaPt1", "metagenome_id": "4454501.3", "seq_meth": "454", "sample_name": "AlphaproteobacteriaPt1", "investigation_type": "metagenome"}, "id": "mgl103894", "type": "WGS", "name": "AlphaproteobacteriaPt1"}, "project": {"name": "Guanabara Bay Metagenome", "data": {"PI_firstname": "Fabiano", "PI_organization_address": "Rio de Janeiro", "organization_country": "Brazil", "firstname": "Gustavo", "PI_lastname": "Thompson", "project_name": "Guanabara Bay Metagenome", "PI_organization_country": "Brazil", "project_description": "Metagenomic snapshots of the Guanabara Bay, Rio de Janeiro, Brazil for the description of the microbial structure in complementation of the ecological survey", "lastname": "Gregoracci", "mgrast_id": "mgp1929", "organization_address": "Rio de Janeiro", "project_funding": "CNPq/CAPES/FAPERJ", "email": "gustavo_biomed@yahoo.com", "PI_organization": "Federal University of Rio de Janeiro (UFRJ)", "PI_email": "fabiano.thompson@biologia.ufrj.br", "organization": "Federal University of Rio de Janeiro (UFRJ)"}, "public": "Guanabara Bay Metagenome", "id": "mgp1929"}, "sample": {"data": {"env_package": "water", "longitude": -43.145186, "biome": "ocean biome", "temperature": 20, "collection_time": "08:50:00", "feature": "ocean", "collection_timezone": "UTC-3", "misc_param": "subsample from BG Site 1-1 and BG Site 1-2", "collection_date": "2010-02-23", "location": "Rio de Janeiro", "depth": 1, "latitude": -22.923242, "material": "coastal water", "sample_name": "AlphaproteobacteriaPt1", "country": "Brazil", "continent": "south america"}, "id": "mgs103892", "name": "AlphaproteobacteriaPt1"}}, "mixs_compliant": 0, "url": "https://api.mg-rast.org/metagenome/mgm4454501.3?verbosity=full", "library": ["mgl103894", "https://api.mg-rast.org/library/mgl103894"], "mixs": {"PI_firstname": "Fabiano", "project_id": "mgp1929", "seq_method": "454", "country": "Brazil", "PI_lastname": "Thompson", "latitude": -22.923242, "material": "coastal water", "project_name": "Guanabara Bay Metagenome", "env_package_type": "water", "location": "Rio de Janeiro", "collection_date": "2010-02-23T08:50:00-0300", "feature": "ocean", "sequence_type": "WGS", "biome": "ocean biome", "longitude": -43.145186}, "pipeline_version": "3.0", "id": "mgm4454501.3", "sequence_type": "WGS", "sample": ["mgs103892", "https://api.mg-rast.org/sample/mgs103892"], "version": 1, "job_id": 14104, "status": "public", "project_alpha_diversity": {"min": 154.271793800226, "stdv": 233.227285865519, "max": 871.556007565905, "avg": 462.159589296933}, "md5_checksum": "3b39ee001b94bbde1b42376b1946c81f", "pipeline_parameters": {"max_ambig": "5", "aa_pid": "90", "m5nr_annotation_version": "1", "screen_indexes": "h_sapiens", "filter_ln_mult": "2.0", "m5rna_sims_version": "7", "m5rna_annotation_version": "1", "fgs_type": "454", "priority": "never", "filter_ambig": "yes", "bowtie": "yes", "rna_pid": "97", "filter_ln": "yes", "file_type": "fna", "dereplicate": "yes", "assembled": "no", "m5nr_sims_version": "7", "prefix_length": "50"}, "project_metagenomes": ["4454704.3", "4454702.3", "4454703.3", "4454701.3", "4454700.3", "4454699.3", "4454697.3", "4454698.3", "4454696.3", "4454694.3", "4454695.3", "4454693.3", "4454692.3", "4454691.3", "4454689.3", "4454688.3", "4454687.3", "4454686.3", "4454506.3", "4454505.3", "4454504.3", "4454503.3", "4454502.3", "4454501.3", "4453382.3", "4453381.3", "4453380.3", "4453379.3", "4453376.3", "4453375.3"]}