{"url": "https://api.mg-rast.org/metagenome/mgm4478939.3?verbosity=full", "project_metagenomes": ["4477751.3", "4477749.3", "4477755.3", "4477757.3", "4478037.3", "4478030.3", "4477790.3", "4477789.3", "4478936.3", "4478934.3", "4478294.3", "4478292.3", "4478291.3", "4478290.3", "4478283.3", "4478222.3", "4478038.3", "4479311.3", "4478943.3", "4478941.3", "4478940.3", "4478939.3", "4478938.3", "4478937.3"], "name": "20LM", "statistics": {}, "md5_checksum": "8463df74cef1336ffa4c62e286f12690", "status": "public", "pipeline_version": "3.0", "sequence_type": "WGS", "library": ["mgl159795", "https://api.mg-rast.org/library/mgl159795"], "metadata": {"library": {"type": "WGS", "data": {"file_name": "2011_12_02_EikoKuramae_20_LM_SFF.sff.fasta", "sample_name": "20LM", "metagenome_id": "4478939.3", "file_checksum": "8463df74cef1336ffa4c62e286f12690", "investigation_type": "metagenome", "seq_meth": "454", "metagenome_name": "20LM"}, "name": "20LM", "id": "mgl159795"}, "env_package": {"id": "mge159794", "name": "20LM: soil", "data": {"sample_name": "20LM", "env_package": "soil"}, "type": "soil"}, "sample": {"name": "20LM", "data": {"country": "Brazil", "feature": "agricultural soil", "sample_name": "20LM", "location": "Amazonia", "biome": "Tropical and subtropical moist broadleaf forest biome", "material": "rhizosphere", "longitude": -56.2533385, "latitude": -11.7412664, "collection_date": "2010-11-02", "collection_timezone": "UTC-23", "collection_time": "11:50:00", "env_package": "soil"}, "id": "mgs159793"}, "project": {"public": "Soybean Rhizosphere from Amazon Soils", "name": "Soybean Rhizosphere from Amazon Soils", "data": {"organization": "Center for Nuclear Energy in Agriculture CENA-USP", "project_description": "The selection of the rhizospheric microbial community from the bulk soil reservoir under agricultural management of soybean in Amazon forest soils. [Reference: Mendes LW, Kuramae EE, Navarrete AA, van VEEN JA, Tsai SM. (2014). Taxonomical and functional microbial community selection in soybean rhizosphere. The ISME Journal 8:1577-1587, 2014]", "project_name": "Soybean Rhizosphere from Amazon Soils", "PI_organization": "Center for Nuclear Energy in Agriculture CENA-USP", "organization_country": "Brazil", "PI_organization_address": "Avenida Centen\u00e1rio 303, CEP 13400-970 Piracicaba-SP", "email": "lucaswmendes@gmail.com", "organization_url": "www.cena.usp.br", "PI_organization_url": "www.cena.usp.br", "firstname": "Lucas William", "PI_lastname": "Mendes", "project_funding": "FAPESP", "lastname": "Mendes", "organization_address": "Avenida Centenario 303", "envo_release": "2013-04-27", "mgrast_id": "mgp7774", "PI_email": "lucaswmendes@gmail.com", "PI_firstname": "Lucas William", "PI_organization_country": "Brazil"}, "id": "mgp7774"}}, "pipeline_parameters": {"bowtie": "no", "priority": "never", "file_type": "fna", "aa_pid": "90", "m5nr_annotation_version": "1", "screen_indexes": "h_sapiens_asm", "rna_pid": "97", "fgs_type": "454", "m5nr_sims_version": "7", "filter_ln": "yes", "filter_ambig": "yes", "prefix_length": "50", "m5rna_annotation_version": "1", "assembled": "no", "dereplicate": "yes", "m5rna_sims_version": "7", "filter_ln_mult": "2.00", "max_ambig": "5"}, "created": "2011-12-14 11:46:48", "sample": ["mgs159793", "https://api.mg-rast.org/sample/mgs159793"], "owner": "mgu50120", "version": 1, "job_id": 39369, "project_alpha_diversity": {"min": 539.324720307438, "stdv": 35.0016630073723, "avg": 641.752377404847, "max": 693.056468271845}, "mixs": {"location": "Amazonia", "PI_lastname": "Mendes", "env_package_type": "soil", "feature": "agricultural soil", "country": "Brazil", "PI_firstname": "Lucas William", "project_id": "mgp7774", "project_name": "Soybean Rhizosphere from Amazon Soils", "collection_date": "2010-11-02T11:50:00ERROR tz_hour > 12 in (23)", "latitude": -11.7412664, "sequence_type": "WGS", "seq_method": "454", "material": "rhizosphere", "longitude": -56.2533385, "biome": "Tropical and subtropical moist broadleaf forest biome"}, "mixs_compliant": 0, "id": "mgm4478939.3", "project": ["mgp7774", "https://api.mg-rast.org/project/mgp7774"]}