{"job_id": 1598, "sample": ["mgs20522", "https://api.mg-rast.org/sample/mgs20522"], "name": "Fish -- Morbid gut bacteria", "project_alpha_diversity": {"max": 235.03940523201, "min": 57.6775499450334, "stdv": 46.2465541848945, "avg": 154.971972233003}, "project": ["mgp21", "https://api.mg-rast.org/project/mgp21"], "metadata": {"sample": {"data": {"collection_time": "12:00:00", "collection_date": "2006-05-04", "sample_name": "FishMorbidGutBacteria", "latitude": 33.537594, "material": "bodily fluid", "collection_timezone": "UTC", "samp_mat_process": "DNA extraction", "country": "United States of America", "feature": "animal-associated habitat", "samp_collect_device": "Adult hybrid striped bass were collected in April 2006 from a 5x2 m open\u00c2\u00adair aquaculture pond in San Diego, California, USA. Each fish was classified as healthy or morbid by veterinarians upon visual inspection. Fish were sacrificed with an overdose of MS\u00c2\u00ad222 (Finquel, Argent Laboratories), and examined for the presence of gross external and internal lesions to confirm preliminary diagnoses. Symptomatic fish had empty gut contents. Five symptomatic and five asymptomatic fish were selected and gut contents were collected by flushing aseptically with 10 mL of SM buffer. Samples were sonicated (15 seconds, 3 times) and then centrifuged at 150 x g for 20 minutes at 4\u00c2\u00b0C. The supernatant was then filtered (0.45 &#956;m and 0.2 &#956;m) to separate the microbial fraction (attached onto the filter) from the viruses (filtrate). Viral particles in the filtrate were purified using a CsCl step gradient and viral DNA was extracted as described by Thurber [5].", "biome": "Small lake biome", "env_package": "host-associated", "longitude": -116.097751, "continent": "north america", "mgrast_id": "mgs20522", "metagenome_taxonomy": "fish gut", "isol_growth_condt": "20011103", "location": "San Diego University, San Diego, California"}, "id": "mgs20522", "name": "FishMorbidGutBacteria"}, "library": {"name": "Fish -- Morbid gut bacteria", "type": "WGS", "id": "mgl52040", "data": {"sample_name": "FishMorbidGutBacteria", "metagenome_name": "Fish -- Morbid gut bacteria", "seq_meth": "454", "gold_id": "Gm00135", "metagenome_id": "4441696.3", "investigation_type": "metagenome", "file_checksum": "03e3737a1d3627cebac70ee6b600756b", "mgrast_id": "mgl52040", "lib_type": "random shotgun", "seq_center": "456 Life Sciences, Inc, Branford, CT", "pubmed_id": "20011103, 18337720"}}, "project": {"data": {"project_name": "Aquacultured Fish (Kent State)", "PI_organization_url": "http://bio.sdsu.edu", "ncbi_id": "28389", "project_description": "As part of the GAAS genomic tool execution and development, Adult hybrid striped bass were collected in April 2006 from a 5x2 m open\u00c2\u00adair aquaculture pond in San Diego, California, USA. Each fish was classified as healthy or morbid by veterinarians upon visual inspection. Fish were sacrificed with an overdose of MS\u00c2\u00ad222 (Finquel, Argent Laboratories), and examined for the presence of gross external and internal lesions to confirm preliminary diagnoses. Symptomatic fish had empty gut contents. Five symptomatic and five asymptomatic fish were selected and gut contents were collected by flushing aseptically with 10 mL of SM buffer. Samples were sonicated (15 seconds, 3 times) and then centrifuged at 150 x g for 20 minutes at 4\u00c2\u00b0C. The supernatant was then filtered (0.45 &#956;m and 0.2 &#956;m) to separate the microbial fraction (attached onto the filter) from the viruses (filtrate). Viral particles in the filtrate were purified using a CsCl step gradient and viral DNA was extracted as described by Thurber . Viral DNA was amplified with GenomiPhi (GE Healthcare, Piscataway, NJ) and ethanol precipitated. Approximately 10 &#956;g of each DNA sample was submitted for GS20 pyrosequencing at 454 Life Sciences to produce the FishHealGutKentSTVir20060504 and FishMorGutKentSTVir20060504 metagenomes (from healthy fish and morbid fish respectively). Duplicate sequences were removed and the metagenomes were submitted to NCBI (Genome Project 28397 and 28399).", "PI_lastname": "Angly", "PI_organization_address": "San Diego, CA", "PI_organization_country": "USA", "PI_organization": "Biology Department, San Diego State University", "PI_firstname": "Florent", "PI_email": "forent.angly@gmail.com", "ebi_id": "ERP104408"}, "id": "mgp21", "name": "Aquacultured Fish (Kent State)", "public": "Aquacultured Fish (Kent State)"}, "env_package": {"data": {"disease_stat": "sick", "mgrast_id": "mge52041", "life_stage": "Adult", "host_common_name": "striped bass", "misc_param_1": "env_package: host-associated", "sample_name": "FishMorbidGutBacteria", "env_package": "host-associated", "host_taxid": "34816", "body_product": "gut contents", "host_growth_cond": "5x2 m open\u00c2\u00adair aquaculture pond"}, "id": "mge52041", "type": "host-associated", "name": "FishMorbidGutBacteria: host-associated"}}, "library": ["mgl52040", "https://api.mg-rast.org/library/mgl52040"], "sequence_type": "WGS", "status": "public", "owner": "mgu93", "url": "https://api.mg-rast.org/metagenome/mgm4441696.3?verbosity=full", "project_metagenomes": ["4440066.3", "4440062.3", "4440055.3", "4440056.3", "4440065.3", "4440063.3", "4440059.3", "4440064.3", "4441696.3", "4441695.3"], "version": 1, "mixs_compliant": 1, "mixs": {"biome": "Small lake biome", "project_name": "Aquacultured Fish (Kent State)", "longitude": -116.097751, "country": "United States of America", "env_package_type": "host-associated", "feature": "animal-associated habitat", "PI_lastname": "Angly", "location": "San Diego University, San Diego, California", "PI_firstname": "Florent", "sequence_type": "WGS", "collection_date": "2006-05-04T12:00:00Z", "project_id": "mgp21", "latitude": 33.537594, "seq_method": "454", "material": "bodily fluid"}, "md5_checksum": "03e3737a1d3627cebac70ee6b600756b", "id": "mgm4441696.3", "pipeline_version": "3.0", "pipeline_parameters": {"m5rna_annotation_version": "1", "m5rna_sims_version": "7", "filter_ln": "yes", "dereplicate": "yes", "assembled": "no", "screen_indexes": "h_sapiens", "m5nr_sims_version": "7", "filter_ln_mult": "2.0", "bowtie": "yes", "file_type": "fna", "m5nr_annotation_version": "1", "rna_pid": "97", "filter_ambig": "yes", "priority": "never", "prefix_length": "50", "fgs_type": "454", "max_ambig": "5", "aa_pid": "90"}, "created": "2008-11-05 19:33:32", "statistics": {}}