{"sequence_type": "WGS", "version": 1, "sample": ["mgs138997", "https://api.mg-rast.org/sample/mgs138997"], "pipeline_parameters": {"fgs_type": "454", "dereplicate": "yes", "m5nr_annotation_version": "1", "assembled": "no", "m5nr_sims_version": "7", "aa_pid": "90", "prefix_length": "50", "priority": "never", "min_qual": "15", "m5rna_annotation_version": "1", "rna_pid": "97", "dynamic_trim": "no", "m5rna_sims_version": "7", "max_lqb": "5", "screen_indexes": "h_sapiens_asm", "bowtie": "no", "file_type": "fastq"}, "project": ["mgp6393", "https://api.mg-rast.org/project/mgp6393"], "created": "2012-02-01 22:21:54", "metadata": {"library": {"data": {"metagenome_id": "4481575.3", "sample_name": "WT3_2012", "investigation_type": "metagenome", "seq_meth": "illumina", "file_checksum": "b395fd621fa9c53c5759162c5c05462d", "metagenome_name": "WT3_2012", "file_name": "W3_cleaned.fastq.fasta"}, "id": "mgl138999", "name": "WT3_2012", "type": "WGS"}, "sample": {"data": {"biome": "Temperate grasslands", "collection_time": "12:00:00", "country": "USA", "material": "feces", "env_package": "host-associated", "feature": "animal-associated habitat", "collection_timezone": "UTC-5", "latitude": 42.444015, "sample_name": "WT3_2012", "collection_date": "2011-08-02", "location": "Ithaca, NY", "longitude": -76.501893}, "id": "mgs138997", "name": "WT3_2012"}, "env_package": {"name": "WT3_2012: host-associated", "type": "host-associated", "data": {"sample_name": "WT3_2012", "body_site": "cecum", "env_package": "host-associated"}, "id": "mge138998"}, "project": {"id": "mgp6393", "data": {"PI_email": "rel222@cornell.edu", "PI_organization_address": "467 Biotechnology Building, Ithaca, NY, 14853", "PI_firstname": "Ruth", "PI_organization_country": "USA", "PI_organization": "Cornell University", "mgrast_id": "mgp6393", "PI_lastname": "Cornell", "project_name": "TLR5KO_Metagenome"}, "public": "TLR5KO_Metagenome", "name": "TLR5KO_Metagenome"}}, "project_metagenomes": ["4481524.3", "4481526.3", "4481527.3", "4481530.3", "4481562.3", "4481563.3", "4481574.3", "4481575.3", "4489569.3", "4489582.3"], "pipeline_version": "3.0", "mixs": {"project_id": "mgp6393", "seq_method": "illumina", "biome": "Temperate grasslands", "material": "feces", "country": "USA", "PI_lastname": "Cornell", "feature": "animal-associated habitat", "env_package_type": "host-associated", "latitude": 42.444015, "PI_firstname": "Ruth", "collection_date": "2011-08-02T12:00:00-0500", "longitude": -76.501893, "sequence_type": "WGS", "location": "Ithaca, NY", "project_name": "TLR5KO_Metagenome"}, "statistics": {}, "owner": "mgu18732", "mixs_compliant": 1, "job_id": 43049, "library": ["mgl138999", "https://api.mg-rast.org/library/mgl138999"], "id": "mgm4481575.3", "project_alpha_diversity": {"min": 312.16307990822, "stdv": 63.1817776552373, "avg": 396.078485673021, "max": 498.19967560089}, "md5_checksum": "b395fd621fa9c53c5759162c5c05462d", "url": "https://api.mg-rast.org/metagenome/mgm4481575.3?verbosity=full", "status": "public", "name": "WT3_2012"}