{"mixs_compliant": 1, "md5_checksum": "315b6af86a6b00973a8fff796827c1d1", "statistics": {}, "version": 1, "project": ["mgp3718", "https://api.mg-rast.org/project/mgp3718"], "mixs": {"material": "waste water", "project_name": "Stanley WWTP activated sludge sample", "country": "Hong Kong", "location": "Aerobic activated sludge DNA from Stanley wastewater treatment plant of Hong Kong", "PI_firstname": "Tong", "project_id": "mgp3718", "PI_lastname": "Zhang", "seq_method": "illumina", "biome": "aquatic biome", "longitude": 114.22, "feature": "wastewater treatment plant", "latitude": 22.21, "collection_date": "2011-02-15T14:00:00+0800", "sequence_type": "WGS", "env_package_type": "wastewater|sludge"}, "sequence_type": "WGS", "url": "https://api.mg-rast.org/metagenome/mgm4467420.3?verbosity=full", "id": "mgm4467420.3", "status": "public", "pipeline_parameters": {"min_qual": "15", "assembled": "no", "m5nr_annotation_version": "1", "rna_pid": "97", "max_lqb": "5", "fgs_type": "454", "prefix_length": "50", "m5nr_sims_version": "7", "screen_indexes": "h_sapiens_asm", "m5rna_annotation_version": "1", "aa_pid": "90", "dynamic_trim": "yes", "m5rna_sims_version": "7", "priority": "never", "file_type": "fastq", "dereplicate": "no", "bowtie": "no"}, "project_metagenomes": ["4467420.3"], "owner": "mgu49263", "pipeline_version": "3.0", "created": "2011-07-02 01:10:53", "metadata": {"sample": {"name": "Stanley AS DNA -2", "id": "mgs101960", "data": {"collection_time": "14:00:00", "country": "Hong Kong", "continent": "asia", "location": "Aerobic activated sludge DNA from Stanley wastewater treatment plant of Hong Kong", "material": "waste water", "latitude": 22.21, "collection_timezone": "UTC+8", "collection_date": "2011-02-15", "feature": "wastewater treatment plant", "biome": "aquatic biome", "longitude": 114.22, "env_package": "wastewater|sludge", "sample_name": "Stanley AS DNA -2"}}, "env_package": {"type": "wastewater|sludge", "name": "Stanley AS DNA -2: wastewater|sludge", "id": "mge101961", "data": {"sample_name": "Stanley AS DNA -2", "env_package": "wastewater|sludge"}}, "project": {"name": "Stanley WWTP activated sludge sample", "public": "Stanley WWTP activated sludge sample", "data": {"PI_organization": "Department of Civil Engineering, The University of Hong Kong", "PI_lastname": "Zhang", "organization": "The University of Hong Kong", "PI_organization_url": "http://www.hku.hk", "firstname": "Ke", "project_description": "Activated sludge sample from a wastewater treatment plant of Hong Kong", "lastname": "Yu", "project_name": "Stanley WWTP activated sludge sample", "PI_organization_country": "Hong Kong", "organization_country": "Hong Kong", "email": "happyhelios@163.com", "PI_organization_address": "LG209, Composite Building, The University of Hong Kong", "PI_email": "zhangt@hku.hk", "organization_address": "LG209, Composite building, The University of Hong Kong, Pofulam road, Hong Kong", "organization_url": "http://www.hku.hk", "PI_firstname": "Tong"}, "id": "mgp3718"}, "library": {"data": {"metagenome_id": "4467420.3", "metagenome_name": "Stanley AS DNA -2", "investigation_type": "metagenome", "seq_meth": "illumina", "file_checksum": "315b6af86a6b00973a8fff796827c1d1", "sample_name": "Stanley AS DNA -2", "file_name": "SL_110417.clean.2.fq.fasta"}, "id": "mgl101962", "type": "WGS", "name": "Stanley AS DNA -2 "}}, "project_alpha_diversity": {"avg": 927.605031560769, "stdv": 0, "min": 927.605031560769, "max": 927.605031560769}, "name": "Stanley AS DNA -2", "job_id": 27017, "sample": ["mgs101960", "https://api.mg-rast.org/sample/mgs101960"], "library": ["mgl101962", "https://api.mg-rast.org/library/mgl101962"]}