{"created": "2007-12-24 01:30:38", "metadata": {"library": {"type": "WGS", "id": "mgl69178", "name": "HighSalternSDbayMicD200407", "data": {"pubmed_id": "18337718, 20147985", "seq_center": "454 Life Sciences, Inc, Branford, CT", "misc_param": "sequences_sequences_filtered: Removed redundant contigs", "metagenome_id": "4440438.3", "investigation_type": "metagenome", "gold_id": "Gm00134", "sample_name": "HighSalternSDbayMicD200407", "metagenome_name": "HighSalternSDbayMicD200407", "file_name": "HighSalternSDbayMicD200407.fna", "file_checksum": "3a9a21319a6d260d0ff0974289f71998", "seq_meth": "454"}}, "sample": {"id": "mgs69176", "name": "HighSalternSDbayMicD200407", "data": {"latitude": 32.6, "continent": "north america", "isol_growth_condt": "20147985", "misc_param": "salinity: 27-30 ; Percent", "feature": "saline evaporation pond", "collection_timezone": "UTC", "sample_name": "HighSalternSDbayMicD200407", "samp_collect_device": "Water samples from the solar saltern of South Bay Salt Works (Chula Vista, CA, USA) were collected from three ponds with different salinities: low (6-8%), medium (12-14%), and high (27-30%). Salinity was measured with a hand refractometer. The time between samplings ranged from 1 day to ~1.33 years (Table 1). Viral and microbial fractions were isolated from each water sample by passage through a 0.2-&#956;m tangential flow filter (TFF, Millipore, Westborough, MA, USA). The filtrate and the retentate were collected in separate tanks. The virus-containing filtrate was concentrated to a final volume of ~500&#8201;ml using a 100-kDa TFF filter. Polyethylene glycol (PEG 8000) was added to a final concentration of 10% (w/v) and the mixture was incubated for 12-18&#8201;h at 4&#8201;\u00c2\u00b0C. The VLPs were pelleted by centrifuging for 2&#8201;h at 22&#8201;000&#8201;rpm in an SW41Ti swinging bucket rotor (RCF avg=53&#8201;000 \u00c3\u0097 g). The VLP pellet was resuspended in filtered (100&#8201;kDa) saltern water to a final volume of ~50&#8201;ml. The virus concentrate was loaded onto a cesium chloride density gradient, centrifuged, and the 1.5&#8201;g&#8201;ml&#8722;1 fraction was collected.", "collection_date": "2004-07-01", "country": "United States of America", "material": "saline water", "env_package": "water", "collection_time": "00:00:00", "longitude": -117.1072, "biome": "marine biome", "location": "Chula Vista, CA"}}, "project": {"id": "mgp11", "name": "Chula Vista, CA Solar Saltern Study", "data": {"PI_email": "beltran.rodriguezbrito@gmail.com", "PI_lastname": "Rodriguez-Brito", "project_description": "Water samples from the solar saltern of South Bay Salt Works (Chula Vista, CA, USA) were collected from three ponds with different salinities: low (6-8%), medium (12-14%), and high (27-30%). In this study, we used metagenomics to monitor the viral and microbial communities in this and 3 other distinctive, stable, human-controlled aquatic environments over time. The study environments included a freshwater aquaculture system and three solar saltern environments of differing salinity. Populations within the communities were monitored at both the coarse-grained level of species and the fine-grained level of strains. On the basis of our results, we propose a model for these stable aquatic environments that is consistent with a Kill-the-Winner cycling of predator and prey populations and in which sensitive microbial strains are killed off by viral predators and are replaced by phage-resistant strains of the same species.", "ncbi_id": "28377, 28725", "PI_organization_url": "www.csrc.sdsu.edu/", "project_funding": "NSF, Gordon and Betty Moore Foundation, ARCS Fellowship, NSF Postdoctoral Fellowship #DBI-0511948, ATP/Kent Sea Tech and EMBO ASTF366-2007 short-term fellowship.", "PI_organization": "Computational Science Research Center, San Diego State University", "PI_organization_address": "San Diego, CA", "PI_organization_country": "USA", "PI_firstname": "Beltran", "project_name": "Chula Vista, CA Solar Saltern Study"}, "public": "Chula Vista, CA Solar Saltern Study"}, "env_package": {"name": "HighSalternSDbayMicD200407: water", "type": "water", "id": "mge69177", "data": {"sample_name": "HighSalternSDbayMicD200407", "salinity": "27-30%", "biomass": "6.69E7 cells/ml", "env_package": "water"}}}, "project_metagenomes": ["4440435.3", "4440426.3", "4440437.3", "4440427.3", "4440144.4", "4440145.4", "4440433.3", "4440419.3", "4440416.3", "4440425.3", "4440431.3", "4440417.3", "4440432.3", "4440434.3", "4440436.3", "4440421.3", "4440428.3", "4440324.3", "4440325.3", "4440420.3", "4440430.3", "4440429.3", "4440438.3", "4440090.3"], "md5_checksum": "3a9a21319a6d260d0ff0974289f71998", "library": ["mgl69178", "https://api.mg-rast.org/library/mgl69178"], "sequence_type": "WGS", "url": "https://api.mg-rast.org/metagenome/mgm4440438.3?verbosity=full", "id": "mgm4440438.3", "mixs_compliant": 0, "version": 1, "project_alpha_diversity": {"avg": 287.597157489909, "min": 25.0416487709006, "max": 769.523606831403, "stdv": 214.92260101415}, "pipeline_version": "3.0", "mixs": {"env_package_type": "water", "location": "Chula Vista, CA", "sequence_type": "WGS", "biome": "marine biome", "longitude": -117.1072, "seq_method": "454", "project_id": "mgp11", "material": "saline water", "country": "United States of America", "collection_date": "2004-07-01T00:00:00Z", "project_name": "Chula Vista, CA Solar Saltern Study", "PI_lastname": "Rodriguez-Brito", "feature": "saline evaporation pond", "latitude": 32.6, "PI_firstname": "Beltran"}, "sample": ["mgs69176", "https://api.mg-rast.org/sample/mgs69176"], "owner": "mgu163", "name": "HighSalternSDbayMicD200407", "status": "public", "statistics": {}, "project": ["mgp11", "https://api.mg-rast.org/project/mgp11"], "pipeline_parameters": {"m5nr_sims_version": "7", "aa_pid": "90", "m5rna_annotation_version": "1", "m5nr_annotation_version": "1", "filter_ln": "yes", "screen_indexes": "h_sapiens", "max_ambig": "5", "rna_pid": "97", "m5rna_sims_version": "7", "dereplicate": "yes", "file_type": "fna", "assembled": "no", "priority": "never", "fgs_type": "454", "filter_ln_mult": "2.0", "prefix_length": "50", "filter_ambig": "yes", "bowtie": "yes"}, "job_id": 335}