{"library": ["mgl103903", "https://api.mg-rast.org/library/mgl103903"], "statistics": {}, "version": 1, "project_metagenomes": ["4454704.3", "4454702.3", "4454703.3", "4454701.3", "4454700.3", "4454699.3", "4454697.3", "4454698.3", "4454696.3", "4454694.3", "4454695.3", "4454693.3", "4454692.3", "4454691.3", "4454689.3", "4454688.3", "4454687.3", "4454686.3", "4454506.3", "4454505.3", "4454504.3", "4454503.3", "4454502.3", "4454501.3", "4453382.3", "4453381.3", "4453380.3", "4453379.3", "4453376.3", "4453375.3"], "pipeline_parameters": {"bowtie": "yes", "max_ambig": "5", "filter_ln_mult": "2.0", "screen_indexes": "h_sapiens", "rna_pid": "97", "file_type": "fna", "fgs_type": "454", "priority": "never", "filter_ambig": "yes", "dereplicate": "yes", "m5rna_annotation_version": "1", "m5nr_annotation_version": "1", "assembled": "no", "aa_pid": "90", "filter_ln": "yes", "m5rna_sims_version": "7", "m5nr_sims_version": "7", "prefix_length": "50"}, "name": "GammaproteobacteriaPt1", "job_id": 14107, "status": "public", "mixs_compliant": 0, "project_alpha_diversity": {"avg": 462.159589296933, "max": 871.556007565905, "min": 154.271793800226, "stdv": 233.227285865519}, "created": "2011-02-06 17:50:49", "project": ["mgp1929", "https://api.mg-rast.org/project/mgp1929"], "metadata": {"env_package": {"data": {"sample_name": "GammaproteobacteriaPt1", "env_package": "water"}, "id": "mge103902", "type": "water", "name": "GammaproteobacteriaPt1: water"}, "library": {"type": "WGS", "name": "GammaproteobacteriaPt1", "data": {"metagenome_id": "4454504.3", "seq_meth": "454", "file_checksum": "5c19994e107caa3d8c589e287c68e169", "metagenome_name": "GammaproteobacteriaPt1", "investigation_type": "metagenome", "sample_name": "GammaproteobacteriaPt1"}, "id": "mgl103903"}, "sample": {"id": "mgs103901", "data": {"material": "coastal water", "collection_timezone": "UTC-3", "location": "Rio de Janeiro", "feature": "ocean", "longitude": -43.145186, "continent": "south america", "latitude": -22.923242, "env_package": "water", "country": "Brazil", "collection_time": "08:50:00", "sample_name": "GammaproteobacteriaPt1", "depth": 1, "collection_date": "2010-02-23", "biome": "ocean biome", "misc_param": "subsample from BG Site 1-1 and BG Site 1-2", "temperature": 20}, "name": "GammaproteobacteriaPt1"}, "project": {"name": "Guanabara Bay Metagenome", "public": "Guanabara Bay Metagenome", "data": {"organization": "Federal University of Rio de Janeiro (UFRJ)", "firstname": "Gustavo", "PI_firstname": "Fabiano", "email": "gustavo_biomed@yahoo.com", "lastname": "Gregoracci", "organization_country": "Brazil", "PI_email": "fabiano.thompson@biologia.ufrj.br", "PI_organization": "Federal University of Rio de Janeiro (UFRJ)", "PI_organization_address": "Rio de Janeiro", "project_name": "Guanabara Bay Metagenome", "PI_lastname": "Thompson", "project_description": "Metagenomic snapshots of the Guanabara Bay, Rio de Janeiro, Brazil for the description of the microbial structure in complementation of the ecological survey", "mgrast_id": "mgp1929", "project_funding": "CNPq/CAPES/FAPERJ", "PI_organization_country": "Brazil", "organization_address": "Rio de Janeiro"}, "id": "mgp1929"}}, "owner": "mgu9202", "pipeline_version": "3.0", "sample": ["mgs103901", "https://api.mg-rast.org/sample/mgs103901"], "sequence_type": "WGS", "id": "mgm4454504.3", "md5_checksum": "5c19994e107caa3d8c589e287c68e169", "url": "https://api.mg-rast.org/metagenome/mgm4454504.3?verbosity=full", "mixs": {"latitude": -22.923242, "seq_method": "454", "project_id": "mgp1929", "country": "Brazil", "project_name": "Guanabara Bay Metagenome", "collection_date": "2010-02-23T08:50:00-0300", "biome": "ocean biome", "env_package_type": "water", "PI_lastname": "Thompson", "material": "coastal water", "sequence_type": "WGS", "PI_firstname": "Fabiano", "location": "Rio de Janeiro", "feature": "ocean", "longitude": -43.145186}}