{"job_id": 43438, "created": "2012-02-07 23:17:45", "library": ["mgl86907", "https://api.mg-rast.org/library/mgl86907"], "version": 1, "url": "https://api.mg-rast.org/metagenome/mgm4481964.3?verbosity=full", "mixs": {"longitude": -106.767658, "seq_method": "illumina", "feature": "freshwater habitat", "project_name": "Tongue_all_2011", "material": "sediment", "biome": "Small river biome", "project_id": "mgp305", "location": "Southeastern Montana", "env_package_type": "sediment", "PI_lastname": "Gibbons", "PI_firstname": "Sean", "country": "USA", "latitude": 45.139111, "collection_date": "2011-04-06T16:00:00-0700", "sequence_type": "WGS"}, "id": "mgm4481964.3", "mixs_compliant": 0, "metadata": {"sample": {"name": "cg2_up_s_2", "data": {"temperature": 5.2, "country": "USA", "latitude": 45.139111, "collection_date": "2011-04-06", "biome": "Small river biome", "collection_time": "16:00:00", "location": "Southeastern Montana", "collection_timezone": "UTC-7", "material": "sediment", "longitude": -106.767658, "feature": "freshwater habitat", "env_package": "sediment", "sample_name": "cg2_up_s_2", "ph": 8.21}, "id": "mgs86905"}, "library": {"id": "mgl86907", "name": "cg2_up_s_2", "type": "WGS", "data": {"sample_name": "cg2_up_s_2", "seq_meth": "illumina", "metagenome_name": "cg2_up_s_2", "investigation_type": "metagenome", "file_name": "SL7480_cg2_up_s_2_raw_lane_1.fastq.fasta", "file_checksum": "6be6672df9d3e850f22954b44ad6e32e", "metagenome_id": "4481964.3"}}, "project": {"public": "Tongue_all_2011", "id": "mgp305", "name": "Tongue_all_2011", "data": {"project_description": "Metagenomics of Tongue River sediments", "project_funding": "EPSCoR", "project_name": "Tongue_all_2011", "PI_email": "sgibbons@uchicago.edu", "PI_firstname": "Sean", "PI_organization": "University of Chicago", "PI_organization_address": "GCIS W101A, 929 E. 57th St. Chicago, IL 60637", "PI_lastname": "Gibbons", "PI_organization_country": "USA"}}, "env_package": {"name": "cg2_up_s_2: sediment", "type": "sediment", "data": {"sample_name": "cg2_up_s_2", "ph": "8.21", "misc_param": "690", "env_package": "sediment", "diss_oxygen": "99", "salinity": "0.3"}, "id": "mge86906"}}, "sample": ["mgs86905", "https://api.mg-rast.org/sample/mgs86905"], "status": "public", "md5_checksum": "6be6672df9d3e850f22954b44ad6e32e", "name": "cg2_up_s_2", "owner": "mgu49698", "project_metagenomes": ["4481986.3", "4481985.3", "4481984.3", "4481983.3", "4481982.3", "4481981.3", "4481980.3", "4481979.3", "4481978.3", "4481977.3", "4481976.3", "4481975.3", "4481974.3", "4481972.3", "4481971.3", "4481970.3", "4481969.3", "4481968.3", "4481967.3", "4481965.3", "4481957.3", "4481956.3", "4481964.3", "4481963.3", "4481966.3"], "sequence_type": "WGS", "pipeline_parameters": {"m5rna_annotation_version": "1", "bowtie": "no", "m5nr_annotation_version": "1", "m5nr_sims_version": "7", "file_type": "fastq", "dereplicate": "yes", "aa_pid": "90", "min_qual": "15", "prefix_length": "50", "rna_pid": "97", "priority": "never", "m5rna_sims_version": "7", "dynamic_trim": "yes", "max_lqb": "5", "screen_indexes": "h_sapiens_asm", "assembled": "no", "fgs_type": "454"}, "statistics": {}, "project": ["mgp305", "https://api.mg-rast.org/project/mgp305"], "project_alpha_diversity": {"min": 939.224819401587, "stdv": 28.8002101663488, "avg": 989.598321396076, "max": 1040.92360750008}, "pipeline_version": "3.0"}