{"md5_checksum": "c45ff04caac06ff540c418add7d68b41", "project_alpha_diversity": {"avg": 426.077116971919, "stdv": 303.449481795871, "min": 196.69493230709, "max": 854.87048886}, "job_id": 2372, "project": ["mgp2321", "https://api.mg-rast.org/project/mgp2321"], "id": "mgm4442467.3", "pipeline_parameters": {"bowtie": "yes", "m5rna_sims_version": "7", "file_type": "fna", "assembled": "no", "priority": "never", "max_ambig": "5", "m5nr_sims_version": "7", "filter_ambig": "yes", "aa_pid": "90", "rna_pid": "97", "m5nr_annotation_version": "1", "m5rna_annotation_version": "1", "screen_indexes": "h_sapiens", "fgs_type": "454", "filter_ln_mult": "2.0", "prefix_length": "50", "dereplicate": "yes", "filter_ln": "yes"}, "project_metagenomes": ["4442467.3", "4442466.3", "4441363.3"], "pipeline_version": "3.0", "sample": ["mgs80161", "https://api.mg-rast.org/sample/mgs80161"], "url": "https://api.mg-rast.org/metagenome/mgm4442467.3?verbosity=full", "owner": "mgu712", "version": 1, "statistics": {}, "created": "2009-02-10 19:53:18", "metadata": {"library": {"data": {"seq_meth": "454", "file_checksum": "c45ff04caac06ff540c418add7d68b41", "seq_center": "Langebio", "investigation_type": "metagenome", "metagenome_id": "4442467.3", "sample_name": "4442467.3", "metagenome_name": "Red Mat Cuatro Cienegas Coahuila, Mexico (contigs)"}, "name": "Red Mat Cuatro Cienegas Coahuila, Mexico (contigs)", "id": "mgl80163", "type": "WGS"}, "env_package": {"data": {"sample_name": "4442467.3", "env_package": "microbial mat|biofilm"}, "type": "microbial mat|biofilm", "id": "mge80162", "name": "4442467.3: microbial mat|biofilm"}, "sample": {"data": {"altitude": 745, "depth": 1, "feature": "alkaline salt lake", "temperature": 30, "collection_time": "10:00:00", "env_package": "microbial mat|biofilm", "collection_timezone": "UTC-6", "biome": "Tropical/Subtropical Desert Division (320)", "collection_date": "2008-07-01", "continent": "north america", "isol_growth_condt": "22920515, 22920516", "country": "Mexico", "ph": 5.5, "sample_id": "Red Mat Cuatro Cienegas Coahuila, Mexico (contigs)", "material": "surface water", "elevation": 0, "sample_name": "4442467.3", "longitude": -102.0198056, "latitude": 26.8713889, "location": "Cuatro Cienegas"}, "id": "mgs80161", "name": "4442467.3"}, "project": {"id": "mgp2321", "name": "Comparative metagenomics of two microbial mats at Cuatro Cienegas basin", "public": "Comparative metagenomics of two microbial mats at Cuatro Cienegas basin", "data": {"project_name": "Comparative metagenomics of two microbial mats at Cuatro Cienegas basin", "PI_firstname": "Valeria", "PI_organization_url": "http://web.ecologia.unam.mx", "organization_country": "Mexico", "email": "ldalcaraz@gmail.com", "PI_organization_country": "Mexico", "organization": "Instituto de Ecolog\u00c3\u00ada, UNAM", "organization_url": "http://web.ecologia.unam.mx", "lastname": "Alcaraz", "PI_email": "souza@servidor.unam.mx", "project_description": "The Cuatro Cienegas Basin (CCB) is an oasis in the desert of Mexico characterized by low phosphorus availability and by its great diversity of microbial mats. We compared the metagenomes of two aquatic microbial mats from the CCB with different nutrient limitations. We observed that the red mat was P-limited and dominated by Pseudomonas, while the green mat was N-limited and had higher species richness, with Proteobacteria and Cyanobacteria as the most abundant phyla. From their gene content, we deduced that both mats were very metabolically diverse despite their use of different strategies to cope with their respective environments. The red mat was found to be mostly heterotrophic, while the green mat was more autotrophic. The red mat had a higher number of transporters in general, including transporters of cellobiose and osmoprotectants. We suggest that generalists with plastic genomes dominate the red mat, while specialists with minimal genomes dominate the green mat. Nutrient limitation was a common scenario on the early planet; despite this, biogeochemical cycles were performed, and as a result the planet changed. The metagenomes of microbial mats from the CCB show the different strategies a community can use to cope with oligotrophy and persist.", "PI_organization_address": "Apartado Postal 70-275 Ciudad Universitaria, UNAM 04510 Mexico, D.F., Mexico", "PI_organization": "Instituto de Ecologia, UNAM", "PI_lastname": "Souza", "organization_address": "Apartado Postal 70-275 Ciudad Universitaria, UNAM 04510 M\u00c3\u00a9xico, D.F.", "project_funding": "Conacyt", "firstname": "Luis David"}}}, "name": "Red Mat Cuatro Cienegas Coahuila, Mexico (contigs)", "library": ["mgl80163", "https://api.mg-rast.org/library/mgl80163"], "status": "public", "sequence_type": "WGS", "mixs": {"material": "surface water", "project_name": "Comparative metagenomics of two microbial mats at Cuatro Cienegas basin", "location": "Cuatro Cienegas", "longitude": -102.0198056, "latitude": 26.8713889, "project_id": "mgp2321", "sequence_type": "WGS", "country": "Mexico", "PI_firstname": "Valeria", "collection_date": "2008-07-01T10:00:00-0600", "biome": "Tropical/Subtropical Desert Division (320)", "seq_method": "454", "PI_lastname": "Souza", "env_package_type": "microbial mat|biofilm", "feature": "alkaline salt lake"}, "mixs_compliant": 0}