{"metadata": {"env_package": {"id": "mge295965", "name": "A2: soil", "data": {"env_package": "soil", "sample_name": "A2"}, "type": "soil"}, "sample": {"name": "A2", "id": "mgs295964", "data": {"collection_date": "2009-01-01", "env_package": "soil", "location": "active layer", "depth": -0.3, "country": "USA", "collection_time": "12:00:00", "longitude": -157.833252, "latitude": 64.677812, "sample_name": "A2", "feature": "permafrost", "material": "soil", "collection_timezone": "UTC-10", "biome": "Tundra biome"}}, "project": {"name": "Permafrost_thaw", "id": "mgp11953", "data": {"PI_organization_country": "Finland", "mgrast_id": "mgp11953", "PI_organization": "University of Helsinki", "project_name": "Permafrost_thaw", "PI_lastname": "Hultman", "PI_organization_address": "PO Box 65, 00014 University of Helsinki", "PI_firstname": "Jenni", "PI_email": "jenni.hultman@gmail.com"}, "public": "Permafrost_thaw"}, "library": {"name": "A2_DNA_1163.5.1212ONE", "id": "mgl295967", "type": "WGS", "data": {"metagenome_id": "4470255.3", "investigation_type": "metagenome", "file_name": "1163.5.1212.one.fasta", "file_checksum": "089666b3429adc5fd387d611e093315a", "seq_meth": "illumina", "sample_name": "A2", "metagenome_name": "A2_DNA_1163.5.1212ONE"}}}, "url": "https://api.mg-rast.org/metagenome/mgm4470255.3?verbosity=full", "project_alpha_diversity": {"min": 254.546180883004, "stdv": 205.198938795964, "avg": 927.508742795344, "max": 1149.14473948877}, "job_id": 29852, "sample": ["mgs295964", "https://api.mg-rast.org/sample/mgs295964"], "library": ["mgl295967", "https://api.mg-rast.org/library/mgl295967"], "pipeline_version": "3.0", "project_metagenomes": ["4491569.3", "4491397.3", "4491383.3", "4491382.3", "4491237.3", "4470382.3", "4470381.3", "4470378.3", "4470334.3", "4470315.3", "4470255.3", "4470254.3", "4470253.3", "4470010.3", "4470009.3", "4469540.3", "4469539.3", "4469538.3", "4469455.3", "4469454.3", "4469453.3", "4469340.3", "4469339.3", "4469338.3", "4469328.3"], "id": "mgm4470255.3", "mixs_compliant": 0, "sequence_type": "WGS", "statistics": {}, "project": ["mgp11953", "https://api.mg-rast.org/project/mgp11953"], "status": "public", "mixs": {"PI_lastname": "Hultman", "env_package_type": "soil", "biome": "Tundra biome", "material": "soil", "project_id": "mgp11953", "sequence_type": "WGS", "latitude": 64.677812, "PI_firstname": "Jenni", "seq_method": "illumina", "feature": "permafrost", "country": "USA", "project_name": "Permafrost_thaw", "longitude": -157.833252, "collection_date": "2009-01-01T12:00:00-1000", "location": "active layer"}, "name": "A2_DNA_1163.5.1212ONE", "pipeline_parameters": {"dereplicate": "no", "bowtie": "no", "m5nr_sims_version": "7", "m5rna_sims_version": "7", "aa_pid": "90", "m5nr_annotation_version": "1", "filter_ln_mult": "2.0", "prefix_length": "50", "max_ambig": "5", "m5rna_annotation_version": "1", "assembled": "no", "file_type": "fna", "filter_ln": "yes", "filter_ambig": "no", "rna_pid": "97", "screen_indexes": "h_sapiens_asm", "fgs_type": "454", "priority": "never"}, "created": "2011-08-05 21:42:36", "owner": "mgu12752", "md5_checksum": "089666b3429adc5fd387d611e093315a", "version": 1}