{"status": "public", "sequence_type": "WGS", "project": ["mgp11", "https://api.mg-rast.org/project/mgp11"], "statistics": {}, "mixs": {"longitude": -117.1072, "PI_firstname": "Beltran", "project_name": "Chula Vista, CA Solar Saltern Study", "sequence_type": "WGS", "country": "United States of America", "latitude": 32.6, "PI_lastname": "Rodriguez-Brito", "collection_date": "2005-11-28T00:00:00Z", "feature": "saline evaporation pond", "biome": "marine biome", "material": "saline water", "seq_method": "454", "env_package_type": "water", "project_id": "mgp11", "location": "Chula Vista, CA"}, "mixs_compliant": 0, "version": 1, "project_metagenomes": ["4440435.3", "4440426.3", "4440437.3", "4440427.3", "4440144.4", "4440145.4", "4440433.3", "4440419.3", "4440416.3", "4440425.3", "4440431.3", "4440417.3", "4440432.3", "4440434.3", "4440436.3", "4440421.3", "4440428.3", "4440324.3", "4440325.3", "4440420.3", "4440430.3", "4440429.3", "4440438.3", "4440090.3"], "md5_checksum": "2bcba72d0bd3d814daa309768b0e8c77", "library": ["mgl69166", "https://api.mg-rast.org/library/mgl69166"], "url": "https://api.mg-rast.org/metagenome/mgm4440419.3?verbosity=full", "job_id": 316, "project_alpha_diversity": {"max": 769.523606831403, "min": 25.0416487709006, "stdv": 214.92260101415, "avg": 287.597157489909}, "created": "2007-12-23 20:44:28", "pipeline_version": "3.0", "name": "HighSalternSDbayMic20051128", "pipeline_parameters": {"bowtie": "yes", "m5nr_annotation_version": "1", "assembled": "no", "m5rna_sims_version": "7", "priority": "never", "max_ambig": "5", "prefix_length": "50", "dereplicate": "yes", "filter_ln_mult": "2.0", "aa_pid": "90", "rna_pid": "97", "file_type": "fna", "filter_ambig": "yes", "m5rna_annotation_version": "1", "m5nr_sims_version": "7", "fgs_type": "454", "screen_indexes": "h_sapiens", "filter_ln": "yes"}, "sample": ["mgs69164", "https://api.mg-rast.org/sample/mgs69164"], "metadata": {"env_package": {"data": {"salinity": "27-30%", "biomass": "6.69E7 cells/ml", "sample_name": "HighSalternSDbayMic20051128", "env_package": "water"}, "type": "water", "id": "mge69165", "name": "HighSalternSDbayMic20051128: water"}, "library": {"data": {"metagenome_name": "HighSalternSDbayMic20051128", "sample_name": "HighSalternSDbayMic20051128", "seq_center": "454 Life Sciences, Inc, Branford, CT", "seq_meth": "454", "investigation_type": "metagenome", "file_name": "HighSalternSDbayMic20051128.fna", "metagenome_id": "4440419.3", "gold_id": "Gm00134", "misc_param": "sequences_sequences_filtered: Removed redundant contigs", "pubmed_id": "18337718, 20147985", "lib_size_mean": 103.7, "file_checksum": "2bcba72d0bd3d814daa309768b0e8c77"}, "type": "WGS", "id": "mgl69166", "name": "HighSalternSDbayMic20051128"}, "sample": {"data": {"continent": "north america", "samp_collect_device": "Water samples from the solar saltern of South Bay Salt Works (Chula Vista, CA, USA) were collected from three ponds with different salinities: low (6-8%), medium (12-14%), and high (27-30%). Salinity was measured with a hand refractometer. The time between samplings ranged from 1 day to ~1.33 years (Table 1). Viral and microbial fractions were isolated from each water sample by passage through a 0.2-&#956;m tangential flow filter (TFF, Millipore, Westborough, MA, USA). The filtrate and the retentate were collected in separate tanks.", "latitude": 32.6, "misc_param": "geodetic_system: wgs_84", "country": "United States of America", "longitude": -117.1072, "collection_time": "00:00:00", "location": "Chula Vista, CA", "isol_growth_condt": "20147985", "biome": "marine biome", "material": "saline water", "collection_date": "2005-11-28", "collection_timezone": "UTC", "feature": "saline evaporation pond", "sample_name": "HighSalternSDbayMic20051128", "env_package": "water"}, "name": "HighSalternSDbayMic20051128", "id": "mgs69164"}, "project": {"data": {"PI_organization": "Computational Science Research Center, San Diego State University", "PI_email": "beltran.rodriguezbrito@gmail.com", "PI_firstname": "Beltran", "PI_lastname": "Rodriguez-Brito", "PI_organization_country": "USA", "ncbi_id": "28377, 28725", "project_funding": "NSF, Gordon and Betty Moore Foundation, ARCS Fellowship, NSF Postdoctoral Fellowship #DBI-0511948, ATP/Kent Sea Tech and EMBO ASTF366-2007 short-term fellowship.", "project_name": "Chula Vista, CA Solar Saltern Study", "PI_organization_address": "San Diego, CA", "project_description": "Water samples from the solar saltern of South Bay Salt Works (Chula Vista, CA, USA) were collected from three ponds with different salinities: low (6-8%), medium (12-14%), and high (27-30%). In this study, we used metagenomics to monitor the viral and microbial communities in this and 3 other distinctive, stable, human-controlled aquatic environments over time. The study environments included a freshwater aquaculture system and three solar saltern environments of differing salinity. Populations within the communities were monitored at both the coarse-grained level of species and the fine-grained level of strains. On the basis of our results, we propose a model for these stable aquatic environments that is consistent with a Kill-the-Winner cycling of predator and prey populations and in which sensitive microbial strains are killed off by viral predators and are replaced by phage-resistant strains of the same species.", "PI_organization_url": "www.csrc.sdsu.edu/"}, "name": "Chula Vista, CA Solar Saltern Study", "public": "Chula Vista, CA Solar Saltern Study", "id": "mgp11"}}, "owner": "mgu163", "id": "mgm4440419.3"}