{"sample": ["mgs264185", "https://api.mg-rast.org/sample/mgs264185"], "name": "193", "job_id": 46935, "id": "mgm4485393.3", "version": 1, "url": "https://api.mg-rast.org/metagenome/mgm4485393.3?verbosity=full", "status": "public", "project": ["mgp1008", "https://api.mg-rast.org/project/mgp1008"], "project_alpha_diversity": {"stdv": 33.8673232511824, "avg": 640.264546781084, "max": 730.214632072954, "min": 592.523888845411}, "mixs": {"env_package_type": "soil", "material": "soil", "feature": "grassland", "biome": "terrestrial biome", "country": "Netherlands", "PI_firstname": "Eiko", "sequence_type": "WGS", "collection_date": "2011-09-20T13:00:00-0100", "PI_lastname": "Kuramae", "project_name": "Impact of long term fertilization", "latitude": 51.97, "location": "Wageningen", "seq_method": "454", "longitude": 5.64, "project_id": "mgp1008"}, "created": "2012-03-06 15:00:56", "sequence_type": "WGS", "md5_checksum": "8c949624f402605ed41482ff75fd52e6", "pipeline_version": "3.0", "mixs_compliant": 0, "project_metagenomes": ["4485403.3", "4485402.3", "4485401.3", "4485400.3", "4485399.3", "4485398.3", "4485397.3", "4485396.3", "4485395.3", "4485394.3", "4485393.3", "4485392.3", "4485391.3", "4485390.3", "4485389.3"], "metadata": {"library": {"data": {"metagenome_name": "193", "file_name": "193extracted_clusters_unique.fa", "file_checksum": "8c949624f402605ed41482ff75fd52e6", "seq_meth": "454", "sample_name": "193", "investigation_type": "metagenome", "metagenome_id": "4485393.3"}, "name": "193", "id": "mgl264187", "type": "WGS"}, "env_package": {"name": "193: soil", "data": {"sample_name": "193", "env_package": "soil"}, "id": "mge264186", "type": "soil"}, "sample": {"name": "193", "data": {"env_package": "soil", "country": "Netherlands", "biome": "terrestrial biome", "feature": "grassland", "material": "soil", "sample_name": "193", "collection_timezone": "UTC-1", "collection_time": "13:00:00", "longitude": 5.64, "sample_id": "4485393.3", "location": "Wageningen", "latitude": 51.97, "collection_date": "2011-09-20"}, "id": "mgs264185"}, "project": {"public": "Impact of long term fertilization", "id": "mgp1008", "data": {"PI_email": "E.Kuramae@nioo.knaw.nl", "PI_organization": "NIOO", "PI_organization_country": "Netherlands", "PI_organization_address": "Droevendaalsesteeg 10, 6708 PB Wageningen NL", "PI_firstname": "Eiko", "project_name": "Impact of long term fertilization", "PI_lastname": "Kuramae"}, "name": "Impact of long term fertilization"}}, "pipeline_parameters": {"dereplicate": "no", "m5nr_sims_version": "7", "screen_indexes": "h_sapiens_asm", "m5rna_sims_version": "7", "priority": "never", "m5nr_annotation_version": "1", "filter_ln": "no", "fgs_type": "454", "max_ambig": "5", "aa_pid": "90", "bowtie": "no", "assembled": "no", "prefix_length": "50", "filter_ambig": "no", "filter_ln_mult": "-3.29", "file_type": "fna", "rna_pid": "97", "m5rna_annotation_version": "1"}, "statistics": {}, "library": ["mgl264187", "https://api.mg-rast.org/library/mgl264187"], "owner": "mgu38692"}