{"url": "https://api.mg-rast.org/metagenome/mgm4477804.3?verbosity=full", "job_id": 37401, "created": "2011-11-24 17:14:31", "statistics": {}, "project": ["mgp2997", "https://api.mg-rast.org/project/mgp2997"], "mixs_compliant": 0, "name": "KP1_r1", "status": "public", "metadata": {"project": {"name": "cross-site soil metagen", "data": {"PI_email": "noah.fierer@colorado.edu", "mgrast_id": "mgp2997", "PI_firstname": "Noah", "PI_organization_address": "CIRES, UCB 216 Boulder CO 80309", "project_name": "cross-site soil metagen", "PI_organization": "University of Colorado", "PI_organization_country": "USA", "PI_lastname": "Fierer"}, "id": "mgp2997", "public": "cross-site soil metagen"}, "env_package": {"id": "mge92813", "type": "soil", "data": {"sample_name": "KP1_r1", "env_package": "soil"}, "name": "KP1_r1: soil"}, "library": {"name": "KP1_r1", "data": {"seq_meth": "illumina", "metagenome_id": "4477804.3", "sample_name": "KP1_r1", "file_checksum": "3cd45562c075fe90f86295a4dc2d697e", "file_name": "Noah11_110721_HWI-EAS137R_0379_s_5_1_sequence.fastq.fasta", "investigation_type": "metagenome", "metagenome_name": "KP1_r1"}, "type": "WGS", "id": "mgl92814"}, "sample": {"data": {"country": "USA", "collection_date": "2010-01-10", "biome": "Temperate grasslands, savannas, and shrubland biome", "latitude": 39.1, "location": "Konza Prairie LTER, Kansas, USA", "longitude": -96.6, "collection_timezone": "UTC-7", "material": "bulk soil", "sample_name": "KP1", "env_package": "soil", "feature": "slope", "collection_time": "12:00:00"}, "name": "KP1", "id": "mgs92812"}}, "project_metagenomes": ["4477904.3", "4477903.3", "4477902.3", "4477901.3", "4477900.3", "4477899.3", "4477877.3", "4477876.3", "4477875.3", "4477874.3", "4477873.3", "4477872.3", "4477807.3", "4477805.3", "4477804.3", "4477803.3"], "pipeline_parameters": {"rna_pid": "97", "m5nr_annotation_version": "1", "assembled": "no", "fgs_type": "454", "m5rna_sims_version": "1", "max_lqb": "5", "aa_pid": "90", "file_type": "fastq", "min_qual": "15", "screen_indexes": "h_sapiens_asm", "dereplicate": "yes", "m5rna_annotation_version": "1", "dynamic_trim": "no", "prefix_length": "50", "m5nr_sims_version": "7", "bowtie": "no", "priority": "never"}, "owner": "mgu29672", "md5_checksum": "3cd45562c075fe90f86295a4dc2d697e", "pipeline_version": "3.0", "id": "mgm4477804.3", "library": ["mgl92814", "https://api.mg-rast.org/library/mgl92814"], "sequence_type": "WGS", "mixs": {"biome": "Temperate grasslands, savannas, and shrubland biome", "project_name": "cross-site soil metagen", "collection_date": "2010-01-10T12:00:00-0700", "country": "USA", "PI_lastname": "Fierer", "env_package_type": "soil", "location": "Konza Prairie LTER, Kansas, USA", "seq_method": "illumina", "project_id": "mgp2997", "latitude": 39.1, "longitude": -96.6, "feature": "slope", "material": "bulk soil", "sequence_type": "WGS", "PI_firstname": "Noah"}, "version": 1, "sample": ["mgs92812", "https://api.mg-rast.org/sample/mgs92812"], "project_alpha_diversity": {"min": 672.396823416176, "stdv": 84.9436421028179, "max": 1104.69554506166, "avg": 867.144394137914}}