{"url": "https://api.mg-rast.org/metagenome/mgm4467058.3?verbosity=full", "job_id": 26655, "metadata": {"library": {"type": "WGS", "name": "Taihu Bloom Shotgun Metagenome", "data": {"file_name": "taihuallreads1.fasta", "seq_meth": "454", "investigation_type": "metagenome", "sample_name": "Taihu", "file_checksum": "765bd37437fc297042e70df7b6c00f43", "metagenome_id": "4467058.3", "metagenome_name": "Taihu Bloom Shotgun Metagenome"}, "id": "mgl74830"}, "env_package": {"id": "mge74829", "name": "Taihu: water", "data": {"sample_name": "Taihu", "env_package": "water"}, "type": "water"}, "project": {"data": {"PI_lastname": "Wilhelm", "PI_organization": "University of Tennessee, Department of Microbiology", "project_funding": "This work was supported by National Science Foundation grants IOS 0841918 and CBET 0826838 to SWW and a Wallace-Dean Graduate Fellowship through the University of Tennessee to MMS.", "project_description": "454 titanium shotgun sequencing of Microcystis bloom surface scum samples", "PI_firstname": "Steven", "PI_organization_country": "United States of America", "project_name": "Freshwater Microcystis Bloom Metagenomes", "PI_organization_address": "M409 WLS University of Tennessee, Knoxville, TN, 37996", "PI_email": "wilhelm@utk.edu"}, "name": "Freshwater Microcystis Bloom Metagenomes", "id": "mgp1207", "public": "Freshwater Microcystis Bloom Metagenomes"}, "sample": {"id": "mgs74828", "data": {"material": "water", "latitude": 31.26, "biome": "Large lake biome", "sample_name": "Taihu", "longitude": 120.12, "env_package": "water", "temperature": 24.1, "collection_time": "16:30:00", "feature": "lake", "country": "People's Republic of China", "collection_date": "2008-05-30", "ph": 8.11, "depth": 0, "continent": "asia", "location": "Jiangsu and Zheijiang Provinces", "collection_timezone": "UTC+8", "sample_id": "Taihu Bloom Shotgun Metagenome"}, "name": "Taihu"}}, "library": ["mgl74830", "https://api.mg-rast.org/library/mgl74830"], "id": "mgm4467058.3", "created": "2011-06-27 16:02:27", "project_metagenomes": ["4467058.3", "4467059.3"], "mixs_compliant": 0, "mixs": {"PI_lastname": "Wilhelm", "collection_date": "2008-05-30T16:30:00+0800", "country": "People's Republic of China", "seq_method": "454", "project_name": "Freshwater Microcystis Bloom Metagenomes", "project_id": "mgp1207", "location": "Jiangsu and Zheijiang Provinces", "env_package_type": "water", "biome": "Large lake biome", "material": "water", "latitude": 31.26, "feature": "lake", "sequence_type": "WGS", "PI_firstname": "Steven", "longitude": 120.12}, "pipeline_version": "3.0", "name": "Taihu Bloom Shotgun Metagenome", "pipeline_parameters": {"screen_indexes": "h_sapiens_asm", "filter_ln_mult": "1.99", "m5rna_sims_version": "7", "assembled": "no", "file_type": "fna", "max_ambig": "8", "bowtie": "no", "filter_ambig": "yes", "m5nr_annotation_version": "1", "filter_ln": "yes", "aa_pid": "90", "rna_pid": "97", "fgs_type": "454", "m5nr_sims_version": "7", "prefix_length": "50", "dereplicate": "yes", "m5rna_annotation_version": "1", "priority": "never"}, "version": 1, "status": "public", "md5_checksum": "765bd37437fc297042e70df7b6c00f43", "project_alpha_diversity": {"max": 445.9702583575, "avg": 277.205176295811, "stdv": 168.765082061688, "min": 108.440094234123}, "sequence_type": "WGS", "project": ["mgp1207", "https://api.mg-rast.org/project/mgp1207"], "statistics": {}, "sample": ["mgs74828", "https://api.mg-rast.org/sample/mgs74828"], "owner": "mgu35492"}