{"sequence_type": "WGS", "mixs": {"project_name": "Soil microbial community from Rothamsted, Park Grass (METASOIL project)", "env_package_type": "soil", "collection_date": "2009-06-01T12:00:00-0000", "seq_method": "454", "longitude": 0.222231, "sequence_type": "WGS", "biome": "Temperate grasslands", "feature": "prairie", "latitude": 51.481481, "project_id": "mgp405", "PI_firstname": "Tim M Vogel and", "country": "England", "location": "Rothamsted", "PI_lastname": "Tom O Delmont", "material": "soil"}, "pipeline_parameters": {"fgs_type": "454", "screen_indexes": "h_sapiens", "m5rna_annotation_version": "1", "prefix_length": "50", "rna_pid": "97", "m5rna_sims_version": "7", "file_type": "fna", "filter_ambig": "yes", "max_ambig": "5", "priority": "never", "filter_ln_mult": "2.0", "m5nr_annotation_version": "1", "m5nr_sims_version": "7", "dereplicate": "yes", "bowtie": "yes", "filter_ln": "yes", "assembled": "no", "aa_pid": "90"}, "name": "METASOIL J7 Rothamsted 2009 July 0-21cm Direct MoBIO", "version": 1, "project_metagenomes": ["4453261.3", "4453247.3", "4453246.3", "4453254.3", "4453256.3", "4453257.3", "4453274.3", "4453406.3", "4453407.3", "4453433.3", "4453434.3", "4453435.3", "4453436.3"], "statistics": {}, "url": "https://api.mg-rast.org/metagenome/mgm4453406.3?verbosity=full", "status": "public", "md5_checksum": "2a4bc5c85b7f911385e50e6964871f41", "job_id": 13012, "created": "2010-12-13 15:23:59", "project_alpha_diversity": {"stdv": 28.9576263798265, "max": 650.454442800207, "min": 540.408521458922, "avg": 603.087339105196}, "owner": "mgu11652", "pipeline_version": "3.0", "mixs_compliant": 0, "sample": ["mgs109315", "https://api.mg-rast.org/sample/mgs109315"], "library": ["mgl109317", "https://api.mg-rast.org/library/mgl109317"], "project": ["mgp405", "https://api.mg-rast.org/project/mgp405"], "metadata": {"sample": {"data": {"feature": "prairie", "collection_timezone": "UTC-0", "latitude": 51.481481, "biome": "Temperate grasslands", "longitude": 0.222231, "env_package": "soil", "collection_date": "2009-06-01", "collection_time": "12:00:00", "material": "soil", "sample_name": "METASOIL J7 Rothamsted 2009 July 0-21cm Direct MoBIO", "location": "Rothamsted", "country": "England"}, "id": "mgs109315", "name": "METASOIL J7 Rothamsted 2009 July 0-21cm Direct MoBIO"}, "library": {"data": {"investigation_type": "metagenome", "metagenome_id": "4453406.3", "metagenome_name": "METASOIL J7 Rothamsted 2009 July 0-21cm Direct MoBIO", "seq_meth": "454", "sample_name": "METASOIL J7 Rothamsted 2009 July 0-21cm Direct MoBIO", "file_checksum": "2a4bc5c85b7f911385e50e6964871f41"}, "name": "METASOIL J7 Rothamsted 2009 July 0-21cm Direct MoBIO", "type": "WGS", "id": "mgl109317"}, "env_package": {"id": "mge109316", "type": "soil", "name": "METASOIL J7 Rothamsted 2009 July 0-21cm Direct MoBIO: soil", "data": {"sample_name": "METASOIL J7 Rothamsted 2009 July 0-21cm Direct MoBIO", "env_package": "soil"}}, "project": {"name": "Soil microbial community from Rothamsted, Park Grass (METASOIL project)", "id": "mgp405", "public": "Soil microbial community from Rothamsted, Park Grass (METASOIL project)", "data": {"PI_organization": "Ecole centrale de Lyon", "project_name": "Soil microbial community from Rothamsted, Park Grass (METASOIL project)", "PI_organization_country": "France", "project_description": "Metagenomic analyse of soil microbial communities from Rothamsted, UK.\nRelated article on http://www.ncbi.nlm.nih.gov/pubmed/22297556.\nMore information (including Metadata) on the project at http://www.genomenviron.org/Projects/METASOIL.html", "mgrast_id": "mgp405", "PI_email": "timothy.vogel@ec-lyon.fr", "PI_firstname": "Tim M Vogel and", "project_funding": "French National Research Agency (ANR) Projet ANR-08-GENM-025", "lastname": "Delmont", "firstname": "Tom", "PI_lastname": "Tom O Delmont", "PI_organization_address": "Ecully", "organization": "Ecole centrale de Lyon", "email": "tomdelmont@hotmail.fr"}}}, "id": "mgm4453406.3"}