{"job_id": 19779, "metadata": {"env_package": {"name": "Station P32: water", "data": {"chlorophyll": "0.58 mg m-3", "samp_store_temp": "-80", "sample_name": "Station P32", "env_package": "water"}, "id": "mge88799", "type": "water"}, "sample": {"id": "mgs88798", "name": "Station P32", "data": {"sample_name": "Station P32", "location": "Puget Sound, WA", "temperature": 11.48, "biome": "estuarine biome", "material": "water", "country": "United States of America", "longitude": -122.434722, "depth": 5, "latitude": 47.333333, "feature": "estuarine bulk water", "collection_time": "14:05:00", "collection_timezone": "UTC-8", "env_package": "water", "collection_date": "2010-10-30"}}, "library": {"type": "WGS", "name": "Station P32", "data": {"metagenome_name": "Station P32", "seq_meth": "454", "investigation_type": "metagenome", "file_checksum": "c7f8c8f54302fc9ffc0f5722dc0d3c3d", "metagenome_id": "4460182.3", "file_name": "p32.fa", "sample_name": "Station P32"}, "id": "mgl88800"}, "project": {"public": "Puget Sound", "name": "Puget Sound", "data": {"PI_firstname": "Elaine", "PI_lastname": "Faustman", "PI_organization": "University of Washington", "project_name": "Puget Sound", "PI_email": "faustman@uw.edu", "PI_organization_address": "4225 Roosevelt Way NE Seattle, WA 98105", "PI_organization_country": "USA"}, "id": "mgp2706"}}, "md5_checksum": "c7f8c8f54302fc9ffc0f5722dc0d3c3d", "statistics": {}, "version": 1, "id": "mgm4460182.3", "url": "https://api.mg-rast.org/metagenome/mgm4460182.3?verbosity=full", "owner": "mgu40782", "project_alpha_diversity": {"max": 737.04439045492, "min": 465.872655007285, "avg": 618.227776812093, "stdv": 82.0273980149213}, "sequence_type": "WGS", "name": "Station P32", "library": ["mgl88800", "https://api.mg-rast.org/library/mgl88800"], "mixs": {"PI_lastname": "Faustman", "country": "United States of America", "env_package_type": "water", "PI_firstname": "Elaine", "material": "water", "seq_method": "454", "biome": "estuarine biome", "sequence_type": "WGS", "project_id": "mgp2706", "location": "Puget Sound, WA", "collection_date": "2010-10-30T14:05:00-0800", "project_name": "Puget Sound", "latitude": 47.333333, "feature": "estuarine bulk water", "longitude": -122.434722}, "project": ["mgp2706", "https://api.mg-rast.org/project/mgp2706"], "pipeline_parameters": {"filter_ambig": "yes", "screen_indexes": "h_sapiens_asm", "m5rna_annotation_version": "1", "m5nr_annotation_version": "1", "m5rna_sims_version": "7", "priority": "never", "filter_ln": "yes", "bowtie": "no", "aa_pid": "90", "dereplicate": "yes", "fgs_type": "454", "filter_ln_mult": "2.00", "prefix_length": "50", "assembled": "no", "rna_pid": "97", "file_type": "fna", "max_ambig": "5", "m5nr_sims_version": "7"}, "status": "public", "sample": ["mgs88798", "https://api.mg-rast.org/sample/mgs88798"], "created": "2011-05-19 16:11:16", "mixs_compliant": 0, "project_metagenomes": ["4460190.3", "4460189.3", "4460188.3", "4460182.3", "4460180.3", "4460179.3", "4460178.3"], "pipeline_version": "3.0"}