{"mixs": {"project_name": "Permafrost_thaw", "collection_date": "2009-01-01T12:00:00-1000", "longitude": -157.833252, "project_id": "mgp11953", "PI_firstname": "Jenni", "feature": "permafrost", "env_package_type": "soil", "country": "USA", "PI_lastname": "Hultman", "latitude": 64.677812, "sequence_type": "WGS", "location": "permafrost", "material": "soil", "seq_method": "illumina", "biome": "Tundra biome"}, "job_id": 29137, "project": ["mgp11953", "https://api.mg-rast.org/project/mgp11953"], "mixs_compliant": 0, "version": 1, "sequence_type": "WGS", "md5_checksum": "f6c5043335a257b707871a400fb8eb7a", "statistics": {}, "project_metagenomes": ["4491569.3", "4491397.3", "4491383.3", "4491382.3", "4491237.3", "4470382.3", "4470381.3", "4470378.3", "4470334.3", "4470315.3", "4470255.3", "4470254.3", "4470253.3", "4470010.3", "4470009.3", "4469540.3", "4469539.3", "4469538.3", "4469455.3", "4469454.3", "4469453.3", "4469340.3", "4469339.3", "4469338.3", "4469328.3"], "id": "mgm4469540.3", "created": "2011-08-02 19:18:43", "pipeline_version": "3.0", "pipeline_parameters": {"m5nr_sims_version": "7", "priority": "never", "dynamic_trim": "no", "aa_pid": "90", "m5rna_annotation_version": "1", "fgs_type": "454", "m5nr_annotation_version": "1", "file_type": "fastq", "m5rna_sims_version": "7", "bowtie": "no", "screen_indexes": "h_sapiens_asm", "assembled": "no", "max_lqb": "5", "prefix_length": "50", "dereplicate": "no", "min_qual": "15", "rna_pid": "97"}, "url": "https://api.mg-rast.org/metagenome/mgm4469540.3?verbosity=full", "status": "public", "owner": "mgu12752", "project_alpha_diversity": {"max": 1149.14473948877, "avg": 927.508742795344, "min": 254.546180883004, "stdv": 205.198938795964}, "library": ["mgl295986", "https://api.mg-rast.org/library/mgl295986"], "sample": ["mgs295984", "https://api.mg-rast.org/sample/mgs295984"], "name": "P1_DNA_1141.4.1206ONE", "metadata": {"sample": {"name": "P1", "id": "mgs295984", "data": {"collection_date": "2009-01-01", "longitude": -157.833252, "country": "USA", "collection_time": "12:00:00", "depth": -0.7, "feature": "permafrost", "latitude": 64.677812, "collection_timezone": "UTC-10", "sample_name": "P1", "material": "soil", "env_package": "soil", "location": "permafrost", "biome": "Tundra biome"}}, "library": {"name": "P1_DNA_1141.4.1206ONE", "id": "mgl295986", "data": {"metagenome_name": "P1_DNA_1141.4.1206ONE", "investigation_type": "metagenome", "file_checksum": "f6c5043335a257b707871a400fb8eb7a", "file_name": "1141.4.1206.sep.fastq.one.fasta", "metagenome_id": "4469540.3", "seq_meth": "illumina", "sample_name": "P1"}, "type": "WGS"}, "project": {"name": "Permafrost_thaw", "public": "Permafrost_thaw", "data": {"PI_firstname": "Jenni", "PI_organization_country": "Finland", "project_name": "Permafrost_thaw", "PI_organization_address": "PO Box 65, 00014 University of Helsinki", "PI_organization": "University of Helsinki", "PI_lastname": "Hultman", "PI_email": "jenni.hultman@gmail.com", "mgrast_id": "mgp11953"}, "id": "mgp11953"}, "env_package": {"id": "mge295985", "type": "soil", "data": {"sample_name": "P1", "env_package": "soil"}, "name": "P1: soil"}}}