{"name": "10LM", "metadata": {"library": {"name": "10LM", "type": "WGS", "data": {"sample_name": "10LM", "file_name": "2011_12_01_EikoKuramae_10_SFF.sff.fasta", "investigation_type": "metagenome", "file_checksum": "3b93478698d0d5247c319952418b5699", "metagenome_name": "10LM", "metagenome_id": "4478038.3", "seq_meth": "454"}, "id": "mgl159765"}, "env_package": {"id": "mge159764", "name": "10LM: soil", "data": {"sample_name": "10LM", "env_package": "soil"}, "type": "soil"}, "project": {"id": "mgp7774", "name": "Soybean Rhizosphere from Amazon Soils", "public": "Soybean Rhizosphere from Amazon Soils", "data": {"project_name": "Soybean Rhizosphere from Amazon Soils", "PI_firstname": "Lucas William", "mgrast_id": "mgp7774", "project_funding": "FAPESP", "firstname": "Lucas William", "PI_email": "lucaswmendes@gmail.com", "envo_release": "2013-04-27", "organization_country": "Brazil", "organization": "Center for Nuclear Energy in Agriculture CENA-USP", "email": "lucaswmendes@gmail.com", "organization_address": "Avenida Centenario 303", "organization_url": "www.cena.usp.br", "PI_organization_url": "www.cena.usp.br", "PI_organization_country": "Brazil", "project_description": "The selection of the rhizospheric microbial community from the bulk soil reservoir under agricultural management of soybean in Amazon forest soils. [Reference: Mendes LW, Kuramae EE, Navarrete AA, van VEEN JA, Tsai SM. (2014). Taxonomical and functional microbial community selection in soybean rhizosphere. The ISME Journal 8:1577-1587, 2014]", "PI_organization_address": "Avenida Centen\u00e1rio 303, CEP 13400-970 Piracicaba-SP", "lastname": "Mendes", "PI_organization": "Center for Nuclear Energy in Agriculture CENA-USP", "PI_lastname": "Mendes"}}, "sample": {"id": "mgs159763", "name": "10LM", "data": {"env_package": "soil", "latitude": -11.7412664, "collection_date": "2009-10-28", "longitude": -56.2533385, "biome": "Tropical and subtropical moist broadleaf forest biome", "sample_name": "10LM", "collection_timezone": "UTC-13", "country": "Brazil", "location": "Amazonia", "collection_time": "11:30:00", "feature": "agricultural soil", "material": "bulk soil"}}}, "pipeline_version": "3.0", "md5_checksum": "3b93478698d0d5247c319952418b5699", "mixs_compliant": 0, "pipeline_parameters": {"file_type": "fna", "m5rna_annotation_version": "1", "m5rna_sims_version": "1", "filter_ln_mult": "2.00", "max_ambig": "5", "fgs_type": "454", "m5nr_sims_version": "7", "dereplicate": "yes", "aa_pid": "90", "prefix_length": "50", "m5nr_annotation_version": "1", "assembled": "no", "bowtie": "no", "priority": "never", "screen_indexes": "h_sapiens_asm", "rna_pid": "97", "filter_ambig": "yes", "filter_ln": "yes"}, "mixs": {"location": "Amazonia", "project_name": "Soybean Rhizosphere from Amazon Soils", "project_id": "mgp7774", "country": "Brazil", "PI_firstname": "Lucas William", "feature": "agricultural soil", "material": "bulk soil", "seq_method": "454", "collection_date": "2009-10-28T11:30:00ERROR tz_hour > 12 in (13)", "latitude": -11.7412664, "biome": "Tropical and subtropical moist broadleaf forest biome", "longitude": -56.2533385, "sequence_type": "WGS", "PI_lastname": "Mendes", "env_package_type": "soil"}, "url": "https://api.mg-rast.org/metagenome/mgm4478038.3?verbosity=full", "id": "mgm4478038.3", "status": "public", "statistics": {}, "created": "2011-12-02 13:27:07", "sequence_type": "WGS", "project_metagenomes": ["4477751.3", "4477749.3", "4477755.3", "4477757.3", "4478037.3", "4478030.3", "4477790.3", "4477789.3", "4478936.3", "4478934.3", "4478294.3", "4478292.3", "4478291.3", "4478290.3", "4478283.3", "4478222.3", "4478038.3", "4479311.3", "4478943.3", "4478941.3", "4478940.3", "4478939.3", "4478938.3", "4478937.3"], "project_alpha_diversity": {"avg": 641.752377404847, "min": 539.324720307438, "stdv": 35.0016630073723, "max": 693.056468271845}, "owner": "mgu50120", "project": ["mgp7774", "https://api.mg-rast.org/project/mgp7774"], "library": ["mgl159765", "https://api.mg-rast.org/library/mgl159765"], "version": 1, "job_id": 37672, "sample": ["mgs159763", "https://api.mg-rast.org/sample/mgs159763"]}