{"statistics": {}, "status": "public", "version": 1, "library": ["mgl159804", "https://api.mg-rast.org/library/mgl159804"], "owner": "mgu50120", "project": ["mgp7774", "https://api.mg-rast.org/project/mgp7774"], "sequence_type": "WGS", "mixs_compliant": 0, "pipeline_version": "3.0", "name": "23LM", "job_id": 39372, "md5_checksum": "ac1d3ada2585f17c24f33b22c690244f", "sample": ["mgs159802", "https://api.mg-rast.org/sample/mgs159802"], "metadata": {"library": {"id": "mgl159804", "type": "WGS", "data": {"sample_name": "23LM", "investigation_type": "metagenome", "metagenome_name": "23LM", "metagenome_id": "4478941.3", "seq_meth": "454", "file_name": "2011_12_02_EikoKuramae_23_LM_SFF.sff.fasta", "file_checksum": "ac1d3ada2585f17c24f33b22c690244f"}, "name": "23LM"}, "env_package": {"type": "soil", "id": "mge159803", "data": {"env_package": "soil", "sample_name": "23LM"}, "name": "23LM: soil"}, "project": {"id": "mgp7774", "data": {"PI_organization_country": "Brazil", "PI_firstname": "Lucas William", "envo_release": "2013-04-27", "PI_organization_address": "Avenida Centen\u00e1rio 303, CEP 13400-970 Piracicaba-SP", "organization": "Center for Nuclear Energy in Agriculture CENA-USP", "project_name": "Soybean Rhizosphere from Amazon Soils", "organization_url": "www.cena.usp.br", "lastname": "Mendes", "mgrast_id": "mgp7774", "firstname": "Lucas William", "project_description": "The selection of the rhizospheric microbial community from the bulk soil reservoir under agricultural management of soybean in Amazon forest soils. [Reference: Mendes LW, Kuramae EE, Navarrete AA, van VEEN JA, Tsai SM. (2014). Taxonomical and functional microbial community selection in soybean rhizosphere. The ISME Journal 8:1577-1587, 2014]", "email": "lucaswmendes@gmail.com", "PI_lastname": "Mendes", "PI_email": "lucaswmendes@gmail.com", "organization_country": "Brazil", "PI_organization_url": "www.cena.usp.br", "organization_address": "Avenida Centenario 303", "project_funding": "FAPESP", "PI_organization": "Center for Nuclear Energy in Agriculture CENA-USP"}, "name": "Soybean Rhizosphere from Amazon Soils", "public": "Soybean Rhizosphere from Amazon Soils"}, "sample": {"id": "mgs159802", "name": "23LM", "data": {"sample_name": "23LM", "location": "Amazonia", "collection_time": "11:40:00", "feature": "agricultural soil", "env_package": "soil", "collection_timezone": "UTC-26", "material": "bulk soil", "latitude": -11.7412664, "collection_date": "2010-11-02", "biome": "Tropical and subtropical moist broadleaf forest biome", "country": "Brazil", "longitude": -56.2533385}}}, "mixs": {"material": "bulk soil", "country": "Brazil", "longitude": -56.2533385, "seq_method": "454", "project_name": "Soybean Rhizosphere from Amazon Soils", "latitude": -11.7412664, "collection_date": "2010-11-02T11:40:00ERROR tz_hour > 12 in (26)", "project_id": "mgp7774", "env_package_type": "soil", "feature": "agricultural soil", "PI_firstname": "Lucas William", "biome": "Tropical and subtropical moist broadleaf forest biome", "location": "Amazonia", "sequence_type": "WGS", "PI_lastname": "Mendes"}, "url": "https://api.mg-rast.org/metagenome/mgm4478941.3?verbosity=full", "pipeline_parameters": {"aa_pid": "90", "filter_ln": "yes", "bowtie": "no", "file_type": "fna", "m5nr_sims_version": "7", "fgs_type": "454", "m5rna_annotation_version": "1", "max_ambig": "5", "dereplicate": "yes", "filter_ln_mult": "2.00", "assembled": "no", "rna_pid": "97", "m5rna_sims_version": "7", "screen_indexes": "h_sapiens_asm", "prefix_length": "50", "filter_ambig": "yes", "m5nr_annotation_version": "1", "priority": "never"}, "id": "mgm4478941.3", "project_alpha_diversity": {"max": 693.056468271845, "min": 539.324720307438, "avg": 641.752377404847, "stdv": 35.0016630073723}, "created": "2011-12-14 11:47:29", "project_metagenomes": ["4477751.3", "4477749.3", "4477755.3", "4477757.3", "4478037.3", "4478030.3", "4477790.3", "4477789.3", "4478936.3", "4478934.3", "4478294.3", "4478292.3", "4478291.3", "4478290.3", "4478283.3", "4478222.3", "4478038.3", "4479311.3", "4478943.3", "4478941.3", "4478940.3", "4478939.3", "4478938.3", "4478937.3"]}