{"sample": ["mgs92785", "https://api.mg-rast.org/sample/mgs92785"], "pipeline_parameters": {"bowtie": "no", "assembled": "no", "max_lqb": "5", "min_qual": "15", "fgs_type": "454", "rna_pid": "97", "prefix_length": "50", "dereplicate": "yes", "priority": "never", "screen_indexes": "h_sapiens_asm", "file_type": "fastq", "m5nr_annotation_version": "1", "dynamic_trim": "no", "m5rna_sims_version": "1", "aa_pid": "90", "m5nr_sims_version": "7", "m5rna_annotation_version": "1"}, "url": "https://api.mg-rast.org/metagenome/mgm4477899.3?verbosity=full", "statistics": {}, "mixs": {"PI_lastname": "Fierer", "country": "USA", "biome": "Temperate coniferous forest biome", "latitude": 35.967, "feature": "slope", "project_id": "mgp2997", "location": "Duke Forest, North Carolina, USA", "sequence_type": "WGS", "PI_firstname": "Noah", "collection_date": "2010-01-10T12:00:00-0700", "project_name": "cross-site soil metagen", "material": "bulk soil", "longitude": -79.083, "env_package_type": "soil", "seq_method": "illumina"}, "created": "2011-11-26 16:01:40", "version": 1, "owner": "mgu29672", "name": "DF1_r1", "id": "mgm4477899.3", "md5_checksum": "c0043a9d5c5d46713b00bdeb8629ab44", "metadata": {"library": {"name": "DF1_r1", "type": "WGS", "data": {"metagenome_name": "DF1_r1", "file_checksum": "c0043a9d5c5d46713b00bdeb8629ab44", "file_name": "Noah4_110721_HWI-EAS137R_0379_s_5_1_sequence.fastq.fasta", "seq_meth": "illumina", "sample_name": "DF1_r1", "investigation_type": "metagenome", "metagenome_id": "4477899.3"}, "id": "mgl92787"}, "env_package": {"type": "soil", "name": "DF1_r1: soil", "data": {"sample_name": "DF1_r1", "env_package": "soil"}, "id": "mge92786"}, "project": {"name": "cross-site soil metagen", "id": "mgp2997", "public": "cross-site soil metagen", "data": {"PI_organization_country": "USA", "mgrast_id": "mgp2997", "PI_organization": "University of Colorado", "project_name": "cross-site soil metagen", "PI_email": "noah.fierer@colorado.edu", "PI_organization_address": "CIRES, UCB 216 Boulder CO 80309", "PI_lastname": "Fierer", "PI_firstname": "Noah"}}, "sample": {"name": "DF1", "data": {"longitude": -79.083, "sample_name": "DF1", "material": "bulk soil", "collection_date": "2010-01-10", "env_package": "soil", "collection_time": "12:00:00", "location": "Duke Forest, North Carolina, USA", "feature": "slope", "latitude": 35.967, "biome": "Temperate coniferous forest biome", "country": "USA", "collection_timezone": "UTC-7"}, "id": "mgs92785"}}, "project_alpha_diversity": {"min": 672.396823416176, "avg": 867.144394137914, "stdv": 84.9436421028179, "max": 1104.69554506166}, "project_metagenomes": ["4477904.3", "4477903.3", "4477902.3", "4477901.3", "4477900.3", "4477899.3", "4477877.3", "4477876.3", "4477875.3", "4477874.3", "4477873.3", "4477872.3", "4477807.3", "4477805.3", "4477804.3", "4477803.3"], "library": ["mgl92787", "https://api.mg-rast.org/library/mgl92787"], "mixs_compliant": 0, "job_id": 37496, "status": "public", "sequence_type": "WGS", "pipeline_version": "3.0", "project": ["mgp2997", "https://api.mg-rast.org/project/mgp2997"]}