{"owner": "mgu9202", "sample": ["mgs103949", "https://api.mg-rast.org/sample/mgs103949"], "sequence_type": "WGS", "project_metagenomes": ["4454704.3", "4454702.3", "4454703.3", "4454701.3", "4454700.3", "4454699.3", "4454697.3", "4454698.3", "4454696.3", "4454694.3", "4454695.3", "4454693.3", "4454692.3", "4454691.3", "4454689.3", "4454688.3", "4454687.3", "4454686.3", "4454506.3", "4454505.3", "4454504.3", "4454503.3", "4454502.3", "4454501.3", "4453382.3", "4453381.3", "4453380.3", "4453379.3", "4453376.3", "4453375.3"], "id": "mgm4454700.3", "pipeline_parameters": {"bowtie": "yes", "m5rna_annotation_version": "1", "filter_ln": "yes", "screen_indexes": "h_sapiens", "prefix_length": "50", "m5nr_sims_version": "7", "dereplicate": "yes", "filter_ambig": "yes", "filter_ln_mult": "2.0", "m5nr_annotation_version": "1", "max_ambig": "5", "file_type": "fna", "assembled": "no", "rna_pid": "97", "m5rna_sims_version": "7", "priority": "never", "fgs_type": "454", "aa_pid": "90"}, "mixs": {"project_id": "mgp1929", "country": "Brazil", "latitude": -22.864633, "feature": "ocean", "project_name": "Guanabara Bay Metagenome", "collection_date": "2010-02-23T09:15:00-0300", "material": "coastal water", "location": "Rio de Janeiro", "seq_method": "454", "PI_firstname": "Fabiano", "PI_lastname": "Thompson", "env_package_type": "water", "sequence_type": "WGS", "longitude": -43.160464, "biome": "estuarine biome"}, "project": ["mgp1929", "https://api.mg-rast.org/project/mgp1929"], "pipeline_version": "3.0", "mixs_compliant": 0, "version": 1, "project_alpha_diversity": {"stdv": 233.227285865519, "min": 154.271793800226, "max": 871.556007565905, "avg": 462.159589296933}, "job_id": 14301, "created": "2011-02-13 00:56:20", "status": "public", "name": "BetaprotPt7", "library": ["mgl103951", "https://api.mg-rast.org/library/mgl103951"], "statistics": {}, "url": "https://api.mg-rast.org/metagenome/mgm4454700.3?verbosity=full", "metadata": {"library": {"type": "WGS", "id": "mgl103951", "name": "BetaprotPt7", "data": {"seq_meth": "454", "file_checksum": "9e1e83937bd9595cd13fa739ee77bd0b", "metagenome_id": "4454700.3", "investigation_type": "metagenome", "metagenome_name": "BetaprotPt7", "sample_name": "BetaprotPt7"}}, "env_package": {"data": {"sample_name": "BetaprotPt7", "env_package": "water"}, "type": "water", "id": "mge103950", "name": "BetaprotPt7: water"}, "project": {"id": "mgp1929", "name": "Guanabara Bay Metagenome", "data": {"organization_country": "Brazil", "organization_address": "Rio de Janeiro", "project_name": "Guanabara Bay Metagenome", "PI_organization_country": "Brazil", "firstname": "Gustavo", "organization": "Federal University of Rio de Janeiro (UFRJ)", "email": "gustavo_biomed@yahoo.com", "mgrast_id": "mgp1929", "PI_organization_address": "Rio de Janeiro", "PI_organization": "Federal University of Rio de Janeiro (UFRJ)", "PI_email": "fabiano.thompson@biologia.ufrj.br", "PI_lastname": "Thompson", "PI_firstname": "Fabiano", "project_description": "Metagenomic snapshots of the Guanabara Bay, Rio de Janeiro, Brazil for the description of the microbial structure in complementation of the ecological survey", "project_funding": "CNPq/CAPES/FAPERJ", "lastname": "Gregoracci"}, "public": "Guanabara Bay Metagenome"}, "sample": {"data": {"sample_name": "BetaprotPt7", "continent": "south america", "country": "Brazil", "collection_time": "09:15:00", "latitude": -22.864633, "feature": "ocean", "misc_param": "subsample from BG Site 7-1 and BG Site 7-2", "collection_date": "2010-02-23", "material": "coastal water", "location": "Rio de Janeiro", "temperature": 27, "collection_timezone": "UTC-3", "env_package": "water", "depth": 1, "biome": "estuarine biome", "longitude": -43.160464}, "id": "mgs103949", "name": "BetaprotPt7"}}, "md5_checksum": "9e1e83937bd9595cd13fa739ee77bd0b"}