{"pipeline_version": "3.0", "library": ["mgl192751", "https://api.mg-rast.org/library/mgl192751"], "metadata": {"env_package": {"id": "mge192750", "name": "CoralJarvis4RampMic20100404_NPFinal: water", "type": "water", "data": {"env_package": "water", "sample_name": "CoralJarvis4RampMic20100404_NPFinal"}}, "sample": {"id": "mgs192749", "name": "CoralJarvis4RampMic20100404_NPFinal", "data": {"biome": "coral reef", "location": "Pacific Ocean", "collection_time": "10:00:00", "latitude": -0.38188, "country": "USA", "longitude": -159.998, "material": "water", "feature": "coral reef", "sample_id": "4466736.3", "collection_date": "2010-04-04", "env_package": "water", "sample_name": "CoralJarvis4RampMic20100404_NPFinal", "collection_timezone": "UTC-10", "depth": 30}}, "library": {"name": "CoralJarvis4RampMic20100404_NPFinal", "id": "mgl192751", "data": {"metagenome_id": "4466736.3", "sample_name": "CoralJarvis4RampMic20100404_NPFinal", "seq_chem": "Titanium", "metagenome_name": "CoralJarvis4RampMic20100404_NPFinal", "seq_quality_check": "Prinseq", "seq_center": "SDSU", "seq_meth": "454", "file_name": "CoralJarvis4RampMic20100404_NPFinal.fasta", "investigation_type": "metagenome", "file_checksum": "9450c3ec6d408b8c969086e58faaf5a9"}, "type": "WGS"}, "project": {"name": "Pacific Reef Microbiomes", "id": "mgp9220", "public": "Pacific Reef Microbiomes", "data": {"project_description": "Metagenomes from the Line Islands", "PI_organization_country": "USA", "PI_organization_address": "LS301 Biology Department, San Diego State University, 5500 Campanile Drive, San Diego, CA 92182", "project_funding": "NSF", "organization_url": "coralandphage.org", "PI_organization": "San Diego State University", "project_name": "Pacific Reef Microbiomes", "lastname": "Kelly", "PI_organization_url": "coralandphage.org", "email": "lwegley@gmail.com", "organization_address": "LS301 Biology Department, San Diego State University, 5500 Campanile Drive, San Diego, CA 92182", "organization_country": "USA", "PI_firstname": "Forest", "PI_lastname": "Rohwer", "firstname": "Linda", "PI_email": "forest@sunstroke.sdsu.edu", "organization": "San Diego State University"}}}, "version": 1, "statistics": {}, "project_metagenomes": ["4466846.3", "4466845.3", "4466844.3", "4466835.3", "4466825.3", "4466820.3", "4466814.3", "4466812.3", "4466810.3", "4466809.3", "4466745.3", "4466741.3", "4466739.3", "4466738.3", "4466737.3", "4466736.3", "4466599.3", "4466597.3", "4466596.3", "4466592.3", "4466582.3", "4466309.3"], "created": "2011-06-22 22:41:29", "mixs": {"feature": "coral reef", "material": "water", "sequence_type": "WGS", "collection_date": "2010-04-04T10:00:00-1000", "PI_lastname": "Rohwer", "PI_firstname": "Forest", "biome": "coral reef", "location": "Pacific Ocean", "country": "USA", "seq_method": "454", "latitude": -0.38188, "longitude": -159.998, "project_name": "Pacific Reef Microbiomes", "project_id": "mgp9220", "env_package_type": "water"}, "sample": ["mgs192749", "https://api.mg-rast.org/sample/mgs192749"], "job_id": 26333, "id": "mgm4466736.3", "status": "public", "owner": "mgu333", "project_alpha_diversity": {"stdv": 120.439104940246, "max": 739.242402937356, "min": 256.005423264818, "avg": 453.581479636971}, "mixs_compliant": 0, "sequence_type": "WGS", "md5_checksum": "9450c3ec6d408b8c969086e58faaf5a9", "pipeline_parameters": {"aa_pid": "90", "m5nr_annotation_version": "1", "bowtie": "no", "dereplicate": "no", "screen_indexes": "h_sapiens_asm", "max_ambig": "5", "m5nr_sims_version": "7", "file_type": "fna", "fgs_type": "454", "priority": "never", "assembled": "no", "m5rna_sims_version": "7", "filter_ln": "no", "filter_ln_mult": "-3.24", "m5rna_annotation_version": "1", "filter_ambig": "no", "prefix_length": "50", "rna_pid": "97"}, "name": "CoralJarvis4RampMic20100404_NPFinal", "url": "https://api.mg-rast.org/metagenome/mgm4466736.3?verbosity=full", "project": ["mgp9220", "https://api.mg-rast.org/project/mgp9220"]}