{"status": "public", "mixs_compliant": 1, "sample": ["mgs21403", "https://api.mg-rast.org/sample/mgs21403"], "pipeline_parameters": {"m5rna_sims_version": "1", "priority": "never", "bowtie": "no", "screen_indexes": "h_sapiens_asm", "filter_ambig": "yes", "file_type": "fna", "fgs_type": "454", "dereplicate": "no", "assembled": "no", "m5nr_sims_version": "7", "m5rna_annotation_version": "1", "max_ambig": "5", "m5nr_annotation_version": "1", "prefix_length": "50", "filter_ln": "yes", "rna_pid": "97", "aa_pid": "90", "filter_ln_mult": "2.0"}, "metadata": {"library": {"name": "mgl52196", "type": "WGS", "id": "mgl52196", "data": {"seq_make": "HiSeq 2000", "pubmed_id": "22300522", "investigation_type": "metagenome", "metagenome_id": "4477824.3", "metagenome_name": "Salivary Metagenome WGS_F", "file_checksum": "533baebe10232d696f2b269f3fbf8d1e", "file_name": "Forward_reads", "seq_meth": "illumina", "seq_center": "FASTERIS, Geneva"}}, "project": {"name": "Project for: Salivary Metagenome WGS_F", "public": "Project for: Salivary Metagenome WGS_F", "data": {"organization": "Genomic Research Laboratory, Geneva", "lastname": "Lazarevic", "administrative-contact_PI_email": "vladimir.lazarevic@genomic.ch", "organization_country": "Switzerland", "administrative-contact_PI_firstname": "Vladimir", "project_description": "WGS, Forward reads", "administrative-contact_PI_lastname": "Lazarevic", "administrative-contact_PI_organization_url": "www.genomic.ch", "organization_address": "Rue Gabrielle-Perret-Gentil 4 ; 1211 ; Geneva ;", "administrative-contact_PI_organization_country": "Switzerland", "project_name": "Salivary metagenome", "administrative-contact_PI_organization": "Genomic Research Laboratory, Geneva", "firstname": "Vladimir", "email": "vladimir.lazarevic@genomic.ch", "organization_url": "www.genomic.ch", "administrative-contact_PI_organization_address": "Rue Gabrielle-Perret-Gentil 4 ; 1211 ; Geneva ;"}, "id": "mgp594"}, "sample": {"id": "mgs21403", "data": {"longitude": 6.15, "feature": "human-associated habitat", "biome": "human-associated habitat", "collection_time": "10:30:00", "country": "Switzerland", "location": "Geneva", "collection_date": "2010-05-05", "material": "human-associated habitat", "env_package": "human-oral", "collection_timezone": "UTC+1", "continent": "europe", "isol_growth_condt": "22", "latitude": 46.19}, "name": "mgs21403"}, "env_package": {"name": "mge52197", "type": "human-oral", "id": "mge52197", "data": {"env_package": "human-oral", "profile_rating_demo 2": "bronze", "sex": "Male", "age": "32 ; Year"}}}, "created": "2011-11-25 09:58:46", "statistics": {}, "sequence_type": "WGS", "version": 1, "owner": "mgu3052", "library": ["mgl52196", "https://api.mg-rast.org/library/mgl52196"], "pipeline_version": "3.0", "url": "https://api.mg-rast.org/metagenome/mgm4477824.3?verbosity=full", "id": "mgm4477824.3", "md5_checksum": "533baebe10232d696f2b269f3fbf8d1e", "mixs": {"env_package_type": "human-oral", "latitude": 46.19, "PI_firstname": null, "material": "human-associated habitat", "seq_method": "illumina", "collection_date": "2010-05-05T10:30:00+0100", "project_id": "mgp594", "sequence_type": "WGS", "country": "Switzerland", "biome": "human-associated habitat", "project_name": "Project for: Salivary Metagenome WGS_F", "location": "Geneva", "PI_lastname": null, "feature": "human-associated habitat", "longitude": 6.15}, "project_alpha_diversity": {"avg": 32.7189310804364, "max": 32.7189310804364, "stdv": 0, "min": 32.7189310804364}, "name": "Salivary Metagenome WGS_F", "project": ["mgp594", "https://api.mg-rast.org/project/mgp594"], "job_id": 37421, "project_metagenomes": ["4477824.3"]}