{"library": ["mgl53150", "https://api.mg-rast.org/library/mgl53150"], "sequence_type": "WGS", "created": "2009-06-03 21:06:26", "project_alpha_diversity": {"min": 100.846141003816, "avg": 388.373847906966, "max": 515.831000921999, "stdv": 153.069681644469}, "name": "SRS000295", "version": 1, "job_id": 3654, "mixs_compliant": 0, "statistics": {}, "project_metagenomes": ["4443702.3", "4443707.3", "4443708.3", "4443703.3", "4443709.3", "4443705.3", "4443704.3", "4443706.3"], "metadata": {"project": {"id": "mgp18", "data": {"PI_email": "jagi@pml.ac.uk", "PI_organization_country": "UK", "PI_organization_url": "www.pml.ac.uk", "PI_firstname": "Jack", "project_name": "Marine Metagenome from Coastal Waters project at Plymouth Marine", "PI_organization_address": "Prospect Place, The Hoe, Plymouth PL1 3DH", "project_funding": "Natural Environment Research Council (NE/C507902/1), Biodiversity Program of the Centre for Ecology and Hydrology, National Institute of Allergy and Infectious Diseases, National Institutes of Health, Department of Health and Human Services, the Gordon and Betty Moore Foundation", "PI_organization": "Plymouth Marine Laboratory", "ncbi_id": "28725", "PI_lastname": "Gilbert", "project_description": "The dissolution of anthropogenic CO2 from the atmosphere into the oceans will decrease surface pH by 0.3 units over the next 100 years (IPCC 2007); the phenomenon is referred to as ocean acidification (OA). There are concerns that OA will affect marine microorganisms, with significant impacts on marine biogeochemical cycling. To investigate the impact of this on marine microorganisms, a mesocosm experiment was set-up in a Norwegian Fjord in May 2006.\r\n\r\nSix bags containing 11,000 L of sea water were suspended in a Coastal Fjord. CO2 was bubbled through three of these bags to simulate ocean acidification conditions in the year 2100. The other three bags were bubbled with air. A phytoplankton bloom was induced in all six bags and phytoplankton, bacterioplankton and physiochemical characteristics were measured and analyzed over a 18 day period. Water samples from the peak of the phytoplankton bloom were isolated and used to follow the decline of the phytoplankton bloom. Nucleic acid extractions were performed to analyse bacterial diversity and functionality using 454 metagenomics and 454 metatranscriptomics.\r\n\r\nSequencing the metatranscriptome can provide information about the response of organisms to varying environmental conditions. A methodology for obtaining random whole-community mRNA from a complex microbial assemblage using pyrosequencing was used. The metatranscriptome had, with minimum contamination by ribosomal RNA, significant coverage of abundant transcripts, and included significantly more potentially novel proteins than in the metagenome.\r\n\r\nFour 454 metatranscriptomic datasets and four 454 metagenomic datasets have been produced. These were derived from 4 samples: Day 1, High CO2 Bag and Day 1, Present Day Bag, refer to the metatranscriptomes from the peak of the bloom; Day 2, High CO2 Bag and Day 2, Present Day Bag, refer to the metatranscriptomes following the decline of the bloom. High CO2 refers to the ocean acidification mesocosm and Present Day refers to the control mesocosm."}, "name": "Marine Metagenome from Coastal Waters project at Plymouth Marine", "public": "Marine Metagenome from Coastal Waters project at Plymouth Marine"}, "sample": {"data": {"material": "marine habitat", "isol_growth_condt": "18783384, 18725995", "country": "Norway", "location": "coastal waters of a fjord close to Bergen, Norway", "geodetic_system": "wgs_84", "biome": "marine habitat", "collection_date": "2006-05-13", "latitude": 60.27, "feature": "marine habitat", "samp_collect_device": "Water samples were taken at the peak and immediately following the collapse of the phytoplankton bloom. Briefly, water samples from the coastal mesocosm were collected and processed as follows: 15 l of water from four samples was filtered through a 1.6 &#956;m GF/A filter (Whatman) to remove most phytoplankton cells and this filtrate was collected on 0.22 &#956;m Sterivex filters (Millipore) which were pumped dry, frozen in liquid nitrogen and stored at &#8722;80\u00c2\u00b0C until nucleic acid extraction.", "longitude": 5.22, "continent": "europe", "samp_mat_process": "filtering", "env_package": "water", "samp_size": "15 L", "collection_timezone": "UTC"}, "id": "mgs26110", "name": "mgs26110"}, "env_package": {"type": "water", "name": "mge53151", "data": {"atmospheric_data": "high CO2", "samp_store_temp": "-80", "env_package": "water", "misc_param": "mid-bloom"}, "id": "mge53151"}, "library": {"name": "mgl53150", "type": "WGS", "data": {"lib_const_meth": "Epicenter", "pubmed_id": "18783384, 18725995", "gold_id": "Gm00132", "sequences_sequences_combined_libraries": "Sequences are from combined libraries", "investigation_type": "metagenome", "seq_meth": "454", "lib_type": "fosmid", "seq_center": "NERC-funded University of Liverpool 454 Sequencing Facility", "file_checksum": "3a2b031e94c344fda07a163226381067", "metagenome_name": "SRS000295", "sequences_sequences_assembled": "Assembled contigs", "sequences_sequences_predicted_genes": "Metagenome data cosist of predicted genes", "metagenome_id": "4443703.3"}, "id": "mgl53150"}}, "status": "public", "pipeline_parameters": {"priority": "never", "filter_ln": "yes", "fgs_type": "454", "file_type": "fna", "filter_ln_mult": "2.0", "assembled": "no", "m5rna_annotation_version": "1", "m5nr_annotation_version": "1", "dereplicate": "yes", "m5nr_sims_version": "7", "bowtie": "yes", "prefix_length": "50", "max_ambig": "5", "rna_pid": "97", "m5rna_sims_version": "7", "aa_pid": "90", "screen_indexes": "h_sapiens", "filter_ambig": "yes"}, "md5_checksum": "3a2b031e94c344fda07a163226381067", "sample": ["mgs26110", "https://api.mg-rast.org/sample/mgs26110"], "mixs": {"latitude": 60.27, "PI_firstname": "Jack", "project_name": "Marine Metagenome from Coastal Waters project at Plymouth Marine", "feature": "marine habitat", "sequence_type": "WGS", "longitude": 5.22, "env_package_type": "water", "material": "marine habitat", "seq_method": "454", "project_id": "mgp18", "country": "Norway", "location": "coastal waters of a fjord close to Bergen, Norway", "PI_lastname": "Gilbert", "biome": "marine habitat", "collection_date": "2006-05-13"}, "owner": "mgu347", "pipeline_version": "3.0", "url": "https://api.mg-rast.org/metagenome/mgm4443703.3?verbosity=full", "id": "mgm4443703.3", "project": ["mgp18", "https://api.mg-rast.org/project/mgp18"]}