{"project_metagenomes": ["4461589.3", "4461588.3", "4460736.3", "4460735.3", "4460734.3", "4460677.3", "4460676.3", "4452043.3", "4452042.3", "4452039.3", "4452038.3", "4450892.3", "4450891.3"], "mixs_compliant": 0, "name": "Sulfidic Event in Peruvian OMZ Metagenome 20m", "mixs": {"project_id": "mgp6556", "feature": "coastal water body", "PI_firstname": "Julie", "sequence_type": "WGS", "collection_date": "2009-01-09T20:28:00-0500", "seq_method": "pyrosequencing", "project_name": "Peru OMZ - Meteor Cruise M77/3", "country": "Pacific Ocean", "env_package_type": "water", "latitude": -12.37444, "material": "coastal water", "longitude": -77, "biome": "Neritic epipelagic zone biome", "location": "Coastal waters off Lima", "PI_lastname": "LaRoche"}, "owner": "mgu25612", "md5_checksum": "8762cd20a37b5c474e5c4b86016236b2", "job_id": 10599, "created": "2010-09-02 12:55:25", "version": 1, "metadata": {"library": {"id": "mgl164963", "name": "Sulfidic Event in Peruvian OMZ Metagenome 20m", "type": "WGS", "data": {"file_checksum": "8762cd20a37b5c474e5c4b86016236b2", "metagenome_name": "Sulfidic Event in Peruvian OMZ Metagenome 20m", "metagenome_id": "4450892.3", "investigation_type": "metagenome", "seq_meth": "pyrosequencing", "sample_name": "Sulfidic Event in Peruvian OMZ Metagenome 20m"}}, "env_package": {"id": "mge164962", "type": "water", "name": "Sulfidic Event in Peruvian OMZ Metagenome 20m: water", "data": {"sample_name": "Sulfidic Event in Peruvian OMZ Metagenome 20m", "phosphate": "3.106", "ammonium": "1.73013592233", "env_package": "water", "salinity": "34.9709222222", "diss_oxygen": "0.76", "nitrite": "1.22", "sulfide": "0", "nitrate": "0.6"}}, "project": {"public": "Peru OMZ - Meteor Cruise M77/3", "name": "Peru OMZ - Meteor Cruise M77/3", "data": {"organization_address": "D\u00fcsternbrooker Weg 20, 24105 Kiel, Germany", "PI_organization_url": "www.geomar.de & www.sfb754.de", "PI_lastname": "LaRoche", "PI_organization_country": "Canada", "project_funding": "GEOMAR Helmholtz Centre for Ocean Research Kiel & Collaborative Research Center 754 (Sonderforschungsbreich 754)", "project_description": "Oceanographic research cruise to the oxygen minimum zone off the coast of Ecuador and Peru", "PI_organization": "Department of Biology, Dalhousie University", "organization_url": "www.geomar.de & www.sfb754.de", "PI_firstname": "Julie", "PI_email": "julie.laroche@dal.ca", "organization_country": "Germany", "PI_organization_address": "1355 Oxford Street, Halifax", "project_name": "Peru OMZ - Meteor Cruise M77/3", "organization": "GEOMAR Helmholtz Centre for Ocean Research Kiel & Collaborative Research Center 754 (Sonderforschungsbreich 754)"}, "id": "mgp6556"}, "sample": {"name": "Sulfidic Event in Peruvian OMZ Metagenome 20m", "data": {"latitude": -12.37444, "collection_date": "2009-01-09", "country": "Pacific Ocean", "continent": "south america", "feature": "coastal water body", "samp_collect_device": "Pump-conductivity-temperature-depth (pump-CTD) water sampler", "sample_name": "Sulfidic Event in Peruvian OMZ Metagenome 20m", "depth": 20, "collection_timezone": "UTC-5", "collection_time": "20:28:00", "location": "Coastal waters off Lima", "env_package": "water", "material": "coastal water", "longitude": -77, "biome": "Neritic epipelagic zone biome", "temperature": 14.2436}, "id": "mgs164961"}}, "sequence_type": "WGS", "sample": ["mgs164961", "https://api.mg-rast.org/sample/mgs164961"], "pipeline_version": "3.0", "library": ["mgl164963", "https://api.mg-rast.org/library/mgl164963"], "url": "https://api.mg-rast.org/metagenome/mgm4450892.3?verbosity=full", "id": "mgm4450892.3", "pipeline_parameters": {"dereplicate": "yes", "file_type": "fna", "m5nr_sims_version": "7", "max_ambig": "5", "filter_ln_mult": "2.0", "bowtie": "yes", "filter_ln": "yes", "m5rna_annotation_version": "1", "screen_indexes": "h_sapiens", "filter_ambig": "yes", "m5nr_annotation_version": "1", "priority": "never", "prefix_length": "50", "aa_pid": "90", "assembled": "no", "rna_pid": "97", "fgs_type": "454", "m5rna_sims_version": "7"}, "status": "public", "project_alpha_diversity": {"max": 941.564002785273, "avg": 694.760598422866, "stdv": 223.226790747773, "min": 290.049698431873}, "project": ["mgp6556", "https://api.mg-rast.org/project/mgp6556"], "statistics": {}}