{"metadata": {"sample": {"name": "1AnaPaula_PE15", "id": "mgs389246", "data": {"longitude": -29.3666666666667, "latitude": 0.933333333333333, "collection_time": "16:30:00", "sample_name": "1AnaPaula_PE15", "collection_date": "2010-09-15", "feature": "archipelago", "country": "Brazil", "biome": "oceanic epipelagic zone biome", "material": "sea water", "location": "St Peter and  St Paul Archipelago", "collection_timezone": "UTC-2", "env_package": "water"}}, "env_package": {"name": "1AnaPaula_PE15: water", "type": "water", "data": {"env_package": "water", "sample_name": "1AnaPaula_PE15"}, "id": "mge389247"}, "project": {"public": "The influence of global climatic changes over the vitality of corals from St Peter and St Paul Archipelago", "data": {"organization_country": "Brazil", "PI_firstname": "Ana Paula", "PI_organization": "UFRJ", "lastname": "Ana Paula", "envo_release": "2013-04-27", "PI_lastname": "B. Moreira", "organization": "UFRJ", "email": "anapaula.biomar.ufrj@gmail.com", "PI_organization_country": "Brazil", "organization_address": "Av. Carlos Chagas Fo., 373", "firstname": "Ana Paula", "PI_email": "anapaula.biomar.ufrj@gmail.com", "project_funding": "CNPq", "project_description": "Sub-project: Coral diseases in St. Peter & St. Paul Archipelago, unraveling the roles of pathogens and vectors", "PI_organization_address": "Av. Carlos Chagas Fo., 373", "project_name": "The influence of global climatic changes over the vitality of corals from St Peter and St Paul Archipelago"}, "id": "mgp3395", "name": "The influence of global climatic changes over the vitality of corals from St Peter and St Paul Archipelago"}, "library": {"name": "AnaPaula_PE15-1", "type": "WGS", "data": {"metagenome_name": "AnaPaula_PE15-1", "file_checksum": "9759bab2a3b0d0790856ee06009909db", "investigation_type": "metagenome", "sample_name": "1AnaPaula_PE15", "metagenome_id": "4463930.3", "file_name": "AP_PE15_1.fasta", "seq_meth": "pyrosequencing"}, "id": "mgl389248"}}, "owner": "mgu40632", "job_id": 23527, "pipeline_version": "3.0", "created": "2011-05-19 16:17:37", "sequence_type": "WGS", "project_alpha_diversity": {"avg": 523.207609404706, "max": 1003.45925609468, "stdv": 244.236857959192, "min": 225.128859828708}, "statistics": {}, "library": ["mgl389248", "https://api.mg-rast.org/library/mgl389248"], "md5_checksum": "9759bab2a3b0d0790856ee06009909db", "project_metagenomes": ["4513635.3", "4513642.3", "4584423.3", "4584424.3", "4461594.3", "4463932.3", "4463930.3", "4468639.3", "4463927.3", "4461593.3", "4463933.3", "4463931.3", "4463928.3", "4463926.3", "4463925.3", "4486661.3", "4486665.3", "4486669.3", "4486662.3", "4486667.3", "4486668.3", "4486664.3", "4486663.3", "4486666.3", "4463929.3"], "status": "public", "pipeline_parameters": {"filter_ambig": "yes", "priority": "never", "m5rna_annotation_version": "1", "aa_pid": "90", "screen_indexes": "h_sapiens_asm", "m5rna_sims_version": "7", "bowtie": "no", "m5nr_sims_version": "7", "fgs_type": "454", "file_type": "fna", "dereplicate": "yes", "max_ambig": "5", "m5nr_annotation_version": "1", "filter_ln": "yes", "filter_ln_mult": "2.00", "rna_pid": "97", "prefix_length": "50", "assembled": "no"}, "sample": ["mgs389246", "https://api.mg-rast.org/sample/mgs389246"], "id": "mgm4463930.3", "project": ["mgp3395", "https://api.mg-rast.org/project/mgp3395"], "version": 1, "mixs_compliant": 0, "name": "AnaPaula_PE15-1", "url": "https://api.mg-rast.org/metagenome/mgm4463930.3?verbosity=full", "mixs": {"collection_date": "2010-09-15T16:30:00-0200", "PI_firstname": "Ana Paula", "feature": "archipelago", "latitude": 0.933333333333333, "longitude": -29.3666666666667, "project_id": "mgp3395", "sequence_type": "WGS", "PI_lastname": "B. Moreira", "env_package_type": "water", "material": "sea water", "project_name": "The influence of global climatic changes over the vitality of corals from St Peter and St Paul Archipelago", "biome": "oceanic epipelagic zone biome", "country": "Brazil", "seq_method": "pyrosequencing", "location": "St Peter and  St Paul Archipelago"}}