{"url": "https://api.mg-rast.org/metagenome/mgm4470382.3?verbosity=full", "project_alpha_diversity": {"stdv": 205.198938795964, "min": 254.546180883004, "avg": 927.508742795344, "max": 1149.14473948877}, "metadata": {"sample": {"id": "mgs295969", "data": {"longitude": -157.833252, "country": "USA", "latitude": 64.677812, "material": "soil", "depth": -0.3, "sample_name": "A5", "biome": "Tundra biome", "location": "active layer", "collection_timezone": "UTC-10", "feature": "permafrost", "collection_date": "2009-01-01", "collection_time": "12:00:00", "env_package": "soil"}, "name": "A5"}, "project": {"public": "Permafrost_thaw", "name": "Permafrost_thaw", "data": {"PI_firstname": "Jenni", "PI_organization_address": "PO Box 65, 00014 University of Helsinki", "PI_organization_country": "Finland", "PI_email": "jenni.hultman@gmail.com", "PI_lastname": "Hultman", "PI_organization": "University of Helsinki", "mgrast_id": "mgp11953", "project_name": "Permafrost_thaw"}, "id": "mgp11953"}, "library": {"name": "A5_DNA_1311.3.1306.ONE", "type": "WGS", "data": {"investigation_type": "metagenome", "metagenome_id": "4470382.3", "seq_meth": "illumina", "metagenome_name": "A5_DNA_1311.3.1306.ONE", "file_name": "GZOP.1311-3.1306.sep.fastq.one.fasta", "file_checksum": "0af437265cb6e23452c93f0d396f3097", "sample_name": "A5"}, "id": "mgl295971"}, "env_package": {"type": "soil", "id": "mge295970", "data": {"env_package": "soil", "sample_name": "A5"}, "name": "A5: soil"}}, "sequence_type": "WGS", "library": ["mgl295971", "https://api.mg-rast.org/library/mgl295971"], "job_id": 29979, "pipeline_parameters": {"file_type": "fastq", "m5nr_sims_version": "7", "screen_indexes": "h_sapiens_asm", "m5nr_annotation_version": "1", "rna_pid": "97", "prefix_length": "50", "max_lqb": "5", "assembled": "no", "fgs_type": "454", "aa_pid": "90", "min_qual": "15", "priority": "never", "dynamic_trim": "no", "m5rna_sims_version": "7", "dereplicate": "no", "bowtie": "no", "m5rna_annotation_version": "1"}, "id": "mgm4470382.3", "created": "2011-08-10 19:37:26", "md5_checksum": "0af437265cb6e23452c93f0d396f3097", "pipeline_version": "3.0", "mixs_compliant": 0, "project": ["mgp11953", "https://api.mg-rast.org/project/mgp11953"], "name": "A5_DNA_1311.3.1306.ONE", "mixs": {"PI_lastname": "Hultman", "latitude": 64.677812, "project_id": "mgp11953", "country": "USA", "longitude": -157.833252, "env_package_type": "soil", "PI_firstname": "Jenni", "material": "soil", "location": "active layer", "project_name": "Permafrost_thaw", "sequence_type": "WGS", "biome": "Tundra biome", "collection_date": "2009-01-01T12:00:00-1000", "feature": "permafrost", "seq_method": "illumina"}, "sample": ["mgs295969", "https://api.mg-rast.org/sample/mgs295969"], "owner": "mgu12752", "project_metagenomes": ["4491569.3", "4491397.3", "4491383.3", "4491382.3", "4491237.3", "4470382.3", "4470381.3", "4470378.3", "4470334.3", "4470315.3", "4470255.3", "4470254.3", "4470253.3", "4470010.3", "4470009.3", "4469540.3", "4469539.3", "4469538.3", "4469455.3", "4469454.3", "4469453.3", "4469340.3", "4469339.3", "4469338.3", "4469328.3"], "version": 1, "status": "public", "statistics": {}}