{"metadata": {"project": {"public": "Peru OMZ - Meteor Cruise M77/3", "data": {"PI_organization": "Department of Biology, Dalhousie University", "PI_organization_address": "1355 Oxford Street, Halifax", "PI_firstname": "Julie", "organization_url": "www.geomar.de & www.sfb754.de", "PI_organization_url": "www.geomar.de & www.sfb754.de", "organization_address": "D\u00fcsternbrooker Weg 20, 24105 Kiel, Germany", "PI_email": "julie.laroche@dal.ca", "project_name": "Peru OMZ - Meteor Cruise M77/3", "organization_country": "Germany", "organization": "GEOMAR Helmholtz Centre for Ocean Research Kiel & Collaborative Research Center 754 (Sonderforschungsbreich 754)", "project_funding": "GEOMAR Helmholtz Centre for Ocean Research Kiel & Collaborative Research Center 754 (Sonderforschungsbreich 754)", "PI_lastname": "LaRoche", "project_description": "Oceanographic research cruise to the oxygen minimum zone off the coast of Ecuador and Peru", "PI_organization_country": "Canada"}, "name": "Peru OMZ - Meteor Cruise M77/3", "id": "mgp6556"}, "env_package": {"type": "water", "name": "Sulfidic Event in Peruvian OMZ Metagenome 50m: water", "data": {"ammonium": "2.48819417476", "diss_oxygen": "0", "nitrite": "0", "phosphate": "3.243", "sulfide": "0.34", "sample_name": "Sulfidic Event in Peruvian OMZ Metagenome 50m", "nitrate": "0.1", "env_package": "water", "salinity": "34.9706222222"}, "id": "mge164968"}, "sample": {"data": {"collection_date": "2009-01-09", "material": "coastal water", "collection_timezone": "UTC-5", "samp_collect_device": "Pump-conductivity-temperature-depth (pump-CTD) water sampler", "continent": "south america", "sample_name": "Sulfidic Event in Peruvian OMZ Metagenome 50m", "longitude": -77, "biome": "Neritic epipelagic zone biome", "location": "Coastal waters off Lima", "env_package": "water", "depth": 50, "latitude": -12.37444, "collection_time": "19:24:00", "feature": "coastal water body", "country": "Pacific Ocean", "temperature": 13.8236}, "name": "Sulfidic Event in Peruvian OMZ Metagenome 50m", "id": "mgs164967"}, "library": {"type": "WGS", "name": "Sulfidic Event in Peruvian OMZ Metagenome 50m", "data": {"seq_meth": "pyrosequencing", "metagenome_id": "4460736.3", "metagenome_name": "Sulfidic Event in Peruvian OMZ Metagenome 50m", "file_name": "3.GAC.454Reads.RL6.fna", "sample_name": "Sulfidic Event in Peruvian OMZ Metagenome 50m", "investigation_type": "metagenome"}, "id": "mgl164969"}}, "statistics": {}, "created": "2011-05-19 16:12:22", "project_metagenomes": ["4461589.3", "4461588.3", "4460736.3", "4460735.3", "4460734.3", "4460677.3", "4460676.3", "4452043.3", "4452042.3", "4452039.3", "4452038.3", "4450892.3", "4450891.3"], "sample": ["mgs164967", "https://api.mg-rast.org/sample/mgs164967"], "md5_checksum": null, "name": "Sulfidic Event in Peruvian OMZ Metagenome 50m", "job_id": 20333, "library": ["mgl164969", "https://api.mg-rast.org/library/mgl164969"], "sequence_type": "WGS", "status": "public", "mixs": {"country": "Pacific Ocean", "feature": "coastal water body", "seq_method": "pyrosequencing", "env_package_type": "water", "PI_lastname": "LaRoche", "project_name": "Peru OMZ - Meteor Cruise M77/3", "longitude": -77, "biome": "Neritic epipelagic zone biome", "project_id": "mgp6556", "latitude": -12.37444, "location": "Coastal waters off Lima", "material": "coastal water", "collection_date": "2009-01-09T19:24:00-0500", "PI_firstname": "Julie", "sequence_type": "WGS"}, "mixs_compliant": 0, "pipeline_parameters": {"fgs_type": "454", "m5nr_annotation_version": "1", "filter_ambig": "yes", "priority": "never", "m5nr_sims_version": "7", "aa_pid": "90", "bowtie": "no", "filter_ln": "yes", "m5rna_sims_version": "7", "dereplicate": "yes", "assembled": "no", "file_type": "fna", "filter_ln_mult": "2.00", "max_ambig": "5", "screen_indexes": "h_sapiens_asm", "prefix_length": "50", "m5rna_annotation_version": "1", "rna_pid": "97"}, "url": "https://api.mg-rast.org/metagenome/mgm4460736.3?verbosity=full", "pipeline_version": "3.0", "project": ["mgp6556", "https://api.mg-rast.org/project/mgp6556"], "project_alpha_diversity": {"min": 290.049698431873, "max": 941.564002785273, "stdv": 223.226790747773, "avg": 694.760598422866}, "id": "mgm4460736.3", "version": 1, "owner": "mgu25612"}