{"job_id": 329, "library": ["mgl69205", "https://api.mg-rast.org/library/mgl69205"], "owner": "mgu163", "mixs_compliant": 0, "md5_checksum": "96a2a5e2686f20090c6b80a181904c27", "version": 1, "project_alpha_diversity": {"min": 25.0416487709006, "max": 769.523606831403, "avg": 287.597157489909, "stdv": 214.92260101415}, "sample": ["mgs69203", "https://api.mg-rast.org/sample/mgs69203"], "mixs": {"env_package_type": "water", "project_id": "mgp11", "country": "United States of America", "feature": "saline evaporation pond", "biome": "marine biome", "longitude": -117.1072, "project_name": "Chula Vista, CA Solar Saltern Study", "seq_method": "454", "location": "Chula Vista, CA", "PI_lastname": "Rodriguez-Brito", "latitude": 32.6, "collection_date": "2005-11-10T00:00:00Z", "material": "saline water", "PI_firstname": "Beltran", "sequence_type": "WGS"}, "status": "public", "project_metagenomes": ["4440435.3", "4440426.3", "4440437.3", "4440427.3", "4440144.4", "4440145.4", "4440433.3", "4440419.3", "4440416.3", "4440425.3", "4440431.3", "4440417.3", "4440432.3", "4440434.3", "4440436.3", "4440421.3", "4440428.3", "4440324.3", "4440325.3", "4440420.3", "4440430.3", "4440429.3", "4440438.3", "4440090.3"], "created": "2007-12-23 21:10:31", "pipeline_version": "3.0", "url": "https://api.mg-rast.org/metagenome/mgm4440432.3?verbosity=full", "statistics": {}, "project": ["mgp11", "https://api.mg-rast.org/project/mgp11"], "pipeline_parameters": {"prefix_length": "50", "m5nr_sims_version": "7", "priority": "never", "screen_indexes": "h_sapiens", "file_type": "fna", "fgs_type": "454", "assembled": "no", "m5nr_annotation_version": "1", "rna_pid": "97", "max_ambig": "5", "dereplicate": "yes", "filter_ln_mult": "2.0", "filter_ln": "yes", "m5rna_sims_version": "7", "aa_pid": "90", "bowtie": "yes", "filter_ambig": "yes", "m5rna_annotation_version": "1"}, "id": "mgm4440432.3", "sequence_type": "WGS", "metadata": {"project": {"id": "mgp11", "name": "Chula Vista, CA Solar Saltern Study", "public": "Chula Vista, CA Solar Saltern Study", "data": {"ncbi_id": "28377, 28725", "project_name": "Chula Vista, CA Solar Saltern Study", "PI_firstname": "Beltran", "PI_organization": "Computational Science Research Center, San Diego State University", "PI_organization_url": "www.csrc.sdsu.edu/", "project_funding": "NSF, Gordon and Betty Moore Foundation, ARCS Fellowship, NSF Postdoctoral Fellowship #DBI-0511948, ATP/Kent Sea Tech and EMBO ASTF366-2007 short-term fellowship.", "PI_organization_address": "San Diego, CA", "PI_email": "beltran.rodriguezbrito@gmail.com", "PI_lastname": "Rodriguez-Brito", "project_description": "Water samples from the solar saltern of South Bay Salt Works (Chula Vista, CA, USA) were collected from three ponds with different salinities: low (6-8%), medium (12-14%), and high (27-30%). In this study, we used metagenomics to monitor the viral and microbial communities in this and 3 other distinctive, stable, human-controlled aquatic environments over time. The study environments included a freshwater aquaculture system and three solar saltern environments of differing salinity. Populations within the communities were monitored at both the coarse-grained level of species and the fine-grained level of strains. On the basis of our results, we propose a model for these stable aquatic environments that is consistent with a Kill-the-Winner cycling of predator and prey populations and in which sensitive microbial strains are killed off by viral predators and are replaced by phage-resistant strains of the same species.", "PI_organization_country": "USA"}}, "env_package": {"name": "LowSalternSDbayVir20051110: water", "type": "water", "id": "mge69204", "data": {"salinity": "6-8%", "env_package": "water", "sample_name": "LowSalternSDbayVir20051110"}}, "sample": {"data": {"collection_timezone": "UTC", "collection_time": "00:00:00", "samp_mat_process": "filtering", "misc_param": "geodetic_system: wgs_84", "env_package": "water", "country": "United States of America", "feature": "saline evaporation pond", "biome": "marine biome", "longitude": -117.1072, "sample_name": "LowSalternSDbayVir20051110", "location": "Chula Vista, CA", "samp_collect_device": "Water samples from the solar saltern of South Bay Salt Works (Chula Vista, CA, USA) were collected from three ponds with different salinities: low (6-8%), medium (12-14%), and high (27-30%). Salinity was measured with a hand refractometer. The time between samplings ranged from 1 day to ~1.33 years (Table 1). Viral and microbial fractions were isolated from each water sample by passage through a 0.2-&#956;m tangential flow filter (TFF, Millipore, Westborough, MA, USA). The filtrate and the retentate were collected in separate tanks. The virus-containing filtrate was concentrated to a final volume of ~500&#8201;ml using a 100-kDa TFF filter. Polyethylene glycol (PEG 8000) was added to a final concentration of 10% (w/v) and the mixture was incubated for 12-18&#8201;h at 4&#8201;\u00c2\u00b0C. The VLPs were pelleted by centrifuging for 2&#8201;h at 22&#8201;000&#8201;rpm in an SW41Ti swinging bucket rotor (RCF avg=53&#8201;000 \u00c3\u0097 g). The VLP pellet was resuspended in filtered (100&#8201;kDa) saltern water to a final volume of ~50&#8201;ml. The virus concentrate was loaded onto a cesium chloride density gradient, centrifuged, and the 1.5&#8201;g&#8201;ml&#8722;1 fraction was collected.", "isol_growth_condt": "20147985", "latitude": 32.6, "continent": "north america", "collection_date": "2005-11-10", "material": "saline water"}, "id": "mgs69203", "name": "LowSalternSDbayVir20051110"}, "library": {"data": {"pubmed_id": "18337718, 20147985", "seq_meth": "454", "sample_name": "LowSalternSDbayVir20051110", "file_checksum": "96a2a5e2686f20090c6b80a181904c27", "gold_id": "Gm00134", "seq_center": "454 Life Sciences, Inc, Branford, CT", "misc_param": "sequences_sequences_filtered: Removed redundant contigs", "lib_size_mean": 103.4, "metagenome_name": "LowSalternSDbayVir20051110", "metagenome_id": "4440432.3", "investigation_type": "metagenome", "file_name": "LowSalternSDbayVir20051110.fna"}, "id": "mgl69205", "name": "LowSalternSDbayVir20051110", "type": "WGS"}}, "name": "LowSalternSDbayVir20051110"}