{"library": ["mgl159783", "https://api.mg-rast.org/library/mgl159783"], "mixs": {"location": "Amazonia", "longitude": -55.8357663, "seq_method": "454", "sequence_type": "WGS", "project_name": "Soybean Rhizosphere from Amazon Soils", "material": "bulk soil", "feature": "agricultural soil", "env_package_type": "soil", "latitude": -11.6832502, "collection_date": "2010-11-01T11:30:00ERROR tz_hour > 12 in (19)", "PI_lastname": "Mendes", "project_id": "mgp7774", "biome": "Tropical and subtropical moist broadleaf forest biome", "PI_firstname": "Lucas William", "country": "Brazil"}, "created": "2011-12-07 14:41:40", "version": 1, "mixs_compliant": 0, "name": "16LM", "id": "mgm4478294.3", "pipeline_parameters": {"file_type": "fna", "m5nr_sims_version": "7", "m5rna_annotation_version": "1", "filter_ambig": "yes", "assembled": "no", "screen_indexes": "h_sapiens_asm", "prefix_length": "50", "dereplicate": "yes", "m5nr_annotation_version": "1", "aa_pid": "90", "filter_ln_mult": "1.99", "m5rna_sims_version": "1", "filter_ln": "yes", "rna_pid": "97", "bowtie": "no", "fgs_type": "454", "priority": "never", "max_ambig": "5"}, "metadata": {"library": {"type": "WGS", "name": "16LM", "data": {"investigation_type": "metagenome", "metagenome_name": "16LM", "file_checksum": "e97eeb23bebe4b061eefb056207da98a", "seq_meth": "454", "metagenome_id": "4478294.3", "file_name": "2011_12_01_EikoKuramae_16_SFF.sff.fasta", "sample_name": "16LM"}, "id": "mgl159783"}, "sample": {"name": "16LM", "data": {"longitude": -55.8357663, "biome": "Tropical and subtropical moist broadleaf forest biome", "country": "Brazil", "collection_time": "11:30:00", "collection_date": "2010-11-01", "latitude": -11.6832502, "collection_timezone": "UTC-19", "env_package": "soil", "sample_name": "16LM", "location": "Amazonia", "material": "bulk soil", "feature": "agricultural soil"}, "id": "mgs159781"}, "env_package": {"data": {"env_package": "soil", "sample_name": "16LM"}, "id": "mge159782", "name": "16LM: soil", "type": "soil"}, "project": {"name": "Soybean Rhizosphere from Amazon Soils", "public": "Soybean Rhizosphere from Amazon Soils", "data": {"mgrast_id": "mgp7774", "PI_organization_country": "Brazil", "organization_url": "www.cena.usp.br", "email": "lucaswmendes@gmail.com", "lastname": "Mendes", "PI_organization_url": "www.cena.usp.br", "project_funding": "FAPESP", "PI_organization": "Center for Nuclear Energy in Agriculture CENA-USP", "project_name": "Soybean Rhizosphere from Amazon Soils", "organization_address": "Avenida Centenario 303", "project_description": "The selection of the rhizospheric microbial community from the bulk soil reservoir under agricultural management of soybean in Amazon forest soils. [Reference: Mendes LW, Kuramae EE, Navarrete AA, van VEEN JA, Tsai SM. (2014). Taxonomical and functional microbial community selection in soybean rhizosphere. The ISME Journal 8:1577-1587, 2014]", "PI_organization_address": "Avenida Centen\u00e1rio 303, CEP 13400-970 Piracicaba-SP", "firstname": "Lucas William", "organization": "Center for Nuclear Energy in Agriculture CENA-USP", "PI_lastname": "Mendes", "PI_email": "lucaswmendes@gmail.com", "organization_country": "Brazil", "PI_firstname": "Lucas William", "envo_release": "2013-04-27"}, "id": "mgp7774"}}, "url": "https://api.mg-rast.org/metagenome/mgm4478294.3?verbosity=full", "md5_checksum": "e97eeb23bebe4b061eefb056207da98a", "pipeline_version": "3.0", "statistics": {}, "sequence_type": "WGS", "project_metagenomes": ["4477751.3", "4477749.3", "4477755.3", "4477757.3", "4478037.3", "4478030.3", "4477790.3", "4477789.3", "4478936.3", "4478934.3", "4478294.3", "4478292.3", "4478291.3", "4478290.3", "4478283.3", "4478222.3", "4478038.3", "4479311.3", "4478943.3", "4478941.3", "4478940.3", "4478939.3", "4478938.3", "4478937.3"], "sample": ["mgs159781", "https://api.mg-rast.org/sample/mgs159781"], "job_id": 38054, "status": "public", "project_alpha_diversity": {"stdv": 35.0016630073723, "min": 539.324720307438, "avg": 641.752377404847, "max": 693.056468271845}, "project": ["mgp7774", "https://api.mg-rast.org/project/mgp7774"], "owner": "mgu50120"}