{"pipeline_parameters": {"m5rna_sims_version": "7", "m5rna_annotation_version": "1", "assembled": "no", "prefix_length": "50", "dereplicate": "no", "min_qual": "15", "dynamic_trim": "no", "max_lqb": "5", "fgs_type": "454", "m5nr_annotation_version": "1", "bowtie": "no", "screen_indexes": "h_sapiens_asm", "rna_pid": "97", "m5nr_sims_version": "7", "aa_pid": "90", "priority": "never", "file_type": "fastq"}, "md5_checksum": "eb724da02a668707a83aad787a56cb4b", "metadata": {"env_package": {"id": "mge295970", "type": "soil", "name": "A5: soil", "data": {"sample_name": "A5", "env_package": "soil"}}, "project": {"id": "mgp11953", "data": {"mgrast_id": "mgp11953", "PI_email": "jenni.hultman@gmail.com", "project_name": "Permafrost_thaw", "PI_lastname": "Hultman", "PI_firstname": "Jenni", "PI_organization": "University of Helsinki", "PI_organization_country": "Finland", "PI_organization_address": "PO Box 65, 00014 University of Helsinki"}, "public": "Permafrost_thaw", "name": "Permafrost_thaw"}, "library": {"name": "A5_DNA_1163.1.1212ONE", "data": {"metagenome_name": "A5_DNA_1163.1.1212ONE", "file_name": "1163.1.1212.sep.fastq.one.fasta", "investigation_type": "metagenome", "sample_name": "A5", "file_checksum": "eb724da02a668707a83aad787a56cb4b", "metagenome_id": "4470253.3", "seq_meth": "illumina"}, "id": "mgl295972", "type": "WGS"}, "sample": {"id": "mgs295969", "name": "A5", "data": {"latitude": 64.677812, "collection_timezone": "UTC-10", "longitude": -157.833252, "depth": -0.3, "sample_name": "A5", "location": "active layer", "material": "soil", "feature": "permafrost", "biome": "Tundra biome", "collection_date": "2009-01-01", "country": "USA", "env_package": "soil", "collection_time": "12:00:00"}}}, "id": "mgm4470253.3", "job_id": 29850, "mixs_compliant": 0, "statistics": {}, "created": "2011-08-05 20:40:10", "owner": "mgu12752", "url": "https://api.mg-rast.org/metagenome/mgm4470253.3?verbosity=full", "status": "public", "version": 1, "sequence_type": "WGS", "project_metagenomes": ["4491569.3", "4491397.3", "4491383.3", "4491382.3", "4491237.3", "4470382.3", "4470381.3", "4470378.3", "4470334.3", "4470315.3", "4470255.3", "4470254.3", "4470253.3", "4470010.3", "4470009.3", "4469540.3", "4469539.3", "4469538.3", "4469455.3", "4469454.3", "4469453.3", "4469340.3", "4469339.3", "4469338.3", "4469328.3"], "library": ["mgl295972", "https://api.mg-rast.org/library/mgl295972"], "project_alpha_diversity": {"stdv": 205.198938795964, "min": 254.546180883004, "avg": 927.508742795344, "max": 1149.14473948877}, "name": "A5_DNA_1163.1.1212ONE", "mixs": {"longitude": -157.833252, "material": "soil", "PI_lastname": "Hultman", "project_name": "Permafrost_thaw", "biome": "Tundra biome", "PI_firstname": "Jenni", "country": "USA", "latitude": 64.677812, "project_id": "mgp11953", "location": "active layer", "sequence_type": "WGS", "collection_date": "2009-01-01T12:00:00-1000", "seq_method": "illumina", "feature": "permafrost", "env_package_type": "soil"}, "project": ["mgp11953", "https://api.mg-rast.org/project/mgp11953"], "pipeline_version": "3.0", "sample": ["mgs295969", "https://api.mg-rast.org/sample/mgs295969"]}