{"owner": "mgu9202", "library": ["mgl104035", "https://api.mg-rast.org/library/mgl104035"], "statistics": {}, "pipeline_version": "3.0", "url": "https://api.mg-rast.org/metagenome/mgm4453376.3?verbosity=full", "sequence_type": "WGS", "metadata": {"env_package": {"type": "water", "name": "GB Site 1-2: water", "data": {"tot_phosp": "3.35\u00b5M", "sample_name": "GB Site 1-2", "salinity": "32.61", "chlorophyll": "45.18\u00b5M", "silicate": "21.89\u00b5M", "nitrate": "<0.05\u00b5M", "nitrite": "0.91\u00b5M", "misc_param_1": "env_package: water", "tot_nitro": "95.11\u00b5M", "ammonium": "0.52\u00b5M", "env_package": "water", "phosphate": "0.79\u00b5M"}, "id": "mge104034"}, "project": {"id": "mgp1929", "name": "Guanabara Bay Metagenome", "data": {"PI_firstname": "Fabiano", "PI_lastname": "Thompson", "lastname": "Gregoracci", "PI_organization_country": "Brazil", "email": "gustavo_biomed@yahoo.com", "project_description": "Metagenomic snapshots of the Guanabara Bay, Rio de Janeiro, Brazil for the description of the microbial structure in complementation of the ecological survey", "PI_email": "fabiano.thompson@biologia.ufrj.br", "project_name": "Guanabara Bay Metagenome", "PI_organization_address": "Rio de Janeiro", "firstname": "Gustavo", "organization": "Federal University of Rio de Janeiro (UFRJ)", "organization_country": "Brazil", "project_funding": "CNPq/CAPES/FAPERJ", "PI_organization": "Federal University of Rio de Janeiro (UFRJ)", "mgrast_id": "mgp1929", "organization_address": "Rio de Janeiro"}, "public": "Guanabara Bay Metagenome"}, "library": {"data": {"seq_center": "LNCC", "seq_meth": "454", "sample_name": "GB Site 1-2", "metagenome_id": "4453376.3", "file_checksum": "9a3757f3f5be37bf93d684a82c982cf3", "metagenome_name": "GB Site 1-2", "investigation_type": "metagenome", "seq_url": "http://www.labinfo.lncc.br/"}, "type": "WGS", "name": "GB Site 1-2", "id": "mgl104035"}, "sample": {"data": {"depth": 1, "collection_time": "08:49:59", "feature": "ocean", "country": "Brazil", "continent": "south america", "sample_name": "GB Site 1-2", "collection_timezone": "UTC-3", "collection_date": "2010-02-23", "latitude": -22.923242, "env_package": "water", "longitude": -43.145186, "material": "coastal water", "biome": "ocean biome", "temperature": 20, "location": "Rio de Janeiro"}, "name": "GB Site 1-2", "id": "mgs104033"}}, "mixs": {"biome": "ocean biome", "env_package_type": "water", "project_name": "Guanabara Bay Metagenome", "location": "Rio de Janeiro", "latitude": -22.923242, "sequence_type": "WGS", "longitude": -43.145186, "material": "coastal water", "project_id": "mgp1929", "PI_lastname": "Thompson", "PI_firstname": "Fabiano", "seq_method": "454", "country": "Brazil", "collection_date": "2010-02-23T08:49:59-0300", "feature": "ocean"}, "version": 1, "status": "public", "project_metagenomes": ["4454704.3", "4454702.3", "4454703.3", "4454701.3", "4454700.3", "4454699.3", "4454697.3", "4454698.3", "4454696.3", "4454694.3", "4454695.3", "4454693.3", "4454692.3", "4454691.3", "4454689.3", "4454688.3", "4454687.3", "4454686.3", "4454506.3", "4454505.3", "4454504.3", "4454503.3", "4454502.3", "4454501.3", "4453382.3", "4453381.3", "4453380.3", "4453379.3", "4453376.3", "4453375.3"], "id": "mgm4453376.3", "pipeline_parameters": {"fgs_type": "454", "prefix_length": "50", "aa_pid": "90", "bowtie": "yes", "screen_indexes": "h_sapiens", "file_type": "fna", "max_ambig": "5", "priority": "never", "assembled": "no", "rna_pid": "97", "filter_ambig": "yes", "m5nr_sims_version": "7", "filter_ln_mult": "2.0", "m5rna_sims_version": "7", "m5rna_annotation_version": "1", "m5nr_annotation_version": "1", "filter_ln": "yes", "dereplicate": "yes"}, "job_id": 12983, "md5_checksum": "9a3757f3f5be37bf93d684a82c982cf3", "created": "2010-12-10 12:41:50", "name": "GB Site 1-2", "mixs_compliant": 0, "sample": ["mgs104033", "https://api.mg-rast.org/sample/mgs104033"], "project_alpha_diversity": {"avg": 462.159589296933, "max": 871.556007565905, "min": 154.271793800226, "stdv": 233.227285865519}, "project": ["mgp1929", "https://api.mg-rast.org/project/mgp1929"]}