{"pipeline_parameters": {"filter_ambig": "yes", "m5rna_sims_version": "7", "bowtie": "yes", "m5nr_sims_version": "7", "aa_pid": "90", "rna_pid": "97", "max_ambig": "5", "priority": "never", "m5nr_annotation_version": "1", "prefix_length": "50", "file_type": "fna", "m5rna_annotation_version": "1", "screen_indexes": "h_sapiens", "fgs_type": "454", "filter_ln": "yes", "assembled": "no", "dereplicate": "yes", "filter_ln_mult": "2.0"}, "mixs": {"material": "surface water", "longitude": -102.0147778, "project_id": "mgp2321", "latitude": 26.8234444, "location": "Cuatro Cienegas", "sequence_type": "WGS", "project_name": "Comparative metagenomics of two microbial mats at Cuatro Cienegas basin", "biome": "Tropical/Subtropical Desert Division (320)", "feature": "alkaline salt lake", "env_package_type": "microbial mat|biofilm", "seq_method": "454", "collection_date": "2008-07-01T12:00:00-0600", "PI_firstname": "Valeria", "country": "Mexico", "PI_lastname": "Souza"}, "owner": "mgu712", "pipeline_version": "3.0", "url": "https://api.mg-rast.org/metagenome/mgm4441363.3?verbosity=full", "sample": ["mgs80164", "https://api.mg-rast.org/sample/mgs80164"], "project_alpha_diversity": {"min": 196.69493230709, "stdv": 303.449481795871, "avg": 426.077116971919, "max": 854.87048886}, "statistics": {}, "project": ["mgp2321", "https://api.mg-rast.org/project/mgp2321"], "version": 1, "job_id": 1236, "mixs_compliant": 0, "status": "public", "md5_checksum": "2279dd2365e714d5e21b06a444445efa", "name": "Green Mat Pozas Azules Cuatro Cienegas Coahuila, Mexico (reads)", "sequence_type": "WGS", "created": "2008-09-22 18:09:06", "metadata": {"project": {"id": "mgp2321", "public": "Comparative metagenomics of two microbial mats at Cuatro Cienegas basin", "name": "Comparative metagenomics of two microbial mats at Cuatro Cienegas basin", "data": {"PI_organization_address": "Apartado Postal 70-275 Ciudad Universitaria, UNAM 04510 Mexico, D.F., Mexico", "firstname": "Luis David", "PI_organization": "Instituto de Ecologia, UNAM", "organization_url": "http://web.ecologia.unam.mx", "email": "ldalcaraz@gmail.com", "PI_email": "souza@servidor.unam.mx", "PI_organization_country": "Mexico", "project_name": "Comparative metagenomics of two microbial mats at Cuatro Cienegas basin", "organization_country": "Mexico", "organization_address": "Apartado Postal 70-275 Ciudad Universitaria, UNAM 04510 M\u00c3\u00a9xico, D.F.", "PI_organization_url": "http://web.ecologia.unam.mx", "project_description": "The Cuatro Cienegas Basin (CCB) is an oasis in the desert of Mexico characterized by low phosphorus availability and by its great diversity of microbial mats. We compared the metagenomes of two aquatic microbial mats from the CCB with different nutrient limitations. We observed that the red mat was P-limited and dominated by Pseudomonas, while the green mat was N-limited and had higher species richness, with Proteobacteria and Cyanobacteria as the most abundant phyla. From their gene content, we deduced that both mats were very metabolically diverse despite their use of different strategies to cope with their respective environments. The red mat was found to be mostly heterotrophic, while the green mat was more autotrophic. The red mat had a higher number of transporters in general, including transporters of cellobiose and osmoprotectants. We suggest that generalists with plastic genomes dominate the red mat, while specialists with minimal genomes dominate the green mat. Nutrient limitation was a common scenario on the early planet; despite this, biogeochemical cycles were performed, and as a result the planet changed. The metagenomes of microbial mats from the CCB show the different strategies a community can use to cope with oligotrophy and persist.", "lastname": "Alcaraz", "PI_lastname": "Souza", "project_funding": "Conacyt", "organization": "Instituto de Ecolog\u00c3\u00ada, UNAM", "PI_firstname": "Valeria"}}, "library": {"id": "mgl80166", "type": "WGS", "name": "Green Mat Pozas Azules Cuatro Cienegas Coahuila, Mexico (reads)", "data": {"seq_meth": "454", "file_checksum": "2279dd2365e714d5e21b06a444445efa", "metagenome_name": "Green Mat Pozas Azules Cuatro Cienegas Coahuila, Mexico (reads)", "investigation_type": "metagenome", "metagenome_id": "4441363.3", "sample_name": "4441347.3", "seq_center": "Langebio"}}, "sample": {"data": {"material": "surface water", "longitude": -102.0147778, "latitude": 26.8234444, "location": "Cuatro Cienegas", "isol_growth_condt": "22920515, 22920516", "collection_time": "12:00:00", "env_package": "microbial mat|biofilm", "altitude": 745, "sample_id": "Green Mat Pozas Azules Cuatro Cienegas Coahuila, Mexico (contig)", "sample_name": "4441347.3", "collection_timezone": "UTC-6", "feature": "alkaline salt lake", "temperature": 25, "elevation": 0, "biome": "Tropical/Subtropical Desert Division (320)", "depth": 1, "ph": 6, "country": "Mexico", "continent": "north america", "collection_date": "2008-07-01"}, "id": "mgs80164", "name": "4441347.3"}, "env_package": {"name": "4441347.3: microbial mat|biofilm", "id": "mge80165", "type": "microbial mat|biofilm", "data": {"env_package": "microbial mat|biofilm", "sample_name": "4441347.3"}}}, "project_metagenomes": ["4442467.3", "4442466.3", "4441363.3"], "library": ["mgl80166", "https://api.mg-rast.org/library/mgl80166"], "id": "mgm4441363.3"}