{"library": ["mgl184021", "https://api.mg-rast.org/library/mgl184021"], "pipeline_version": "3.0", "pipeline_parameters": {"screen_indexes": "h_sapiens_asm", "rna_pid": "97", "aa_pid": "90", "prefix_length": "50", "m5nr_annotation_version": "1", "m5rna_annotation_version": "1", "m5rna_sims_version": "7", "max_lqb": "5", "dereplicate": "no", "m5nr_sims_version": "7", "bowtie": "no", "file_type": "fastq", "priority": "never", "assembled": "no", "fgs_type": "454", "min_qual": "15", "dynamic_trim": "no"}, "name": "Agricultural reverse", "statistics": {}, "created": "2012-02-23 18:20:26", "owner": "mgu50419", "url": "https://api.mg-rast.org/metagenome/mgm4483819.3?verbosity=full", "metadata": {"sample": {"data": {"location": "Elora research station,Guelph,ON", "biome": "terrestrial biome", "latitude": 43.47417, "collection_timezone": "UTC-5", "sample_id": "CM2BL_Agriculture_11AW_Rev", "country": "Canada", "sample_strategy": "enriched", "env_package": "miscellaneous", "feature": "agricultural soil", "collection_date": "2010-05-05", "longitude": -80.40972, "collection_time": "10:00:00", "sample_name": "Agricultural reverse", "material": "soil"}, "name": "Agricultural reverse", "id": "mgs184019"}, "library": {"type": "WGS", "name": "Agricultural reverse", "data": {"file_checksum": "e15ce4b1ccf7bd453ae0a76e1b202205", "file_name": "sample6_rev.fastq.fasta", "sample_name": "Agricultural reverse", "metagenome_name": "Agricultural reverse", "seq_meth": "illumina", "metagenome_id": "4483819.3", "investigation_type": "metagenome"}, "id": "mgl184021"}, "project": {"id": "mgp8744", "name": "Enriched soil metagenomes for Glycoside Hydrolases", "public": "Enriched soil metagenomes for Glycoside Hydrolases", "data": {"PI_lastname": "Verastegui", "PI_organization": "University of Waterloo", "PI_firstname": "Yris", "PI_organization_address": "200 University Av. W. Waterloo, ON,N2L3G1", "project_description": "Tundra, temperate rainforest and Agricultural soils amended with glucose, cellobiose, arabinose, xylose and cellulose to target novel glycosyl hudrolases.", "PI_organization_url": "www.uwaterloo.ca", "PI_email": "yrisverastegui@yahoo.com", "project_funding": "NSERC", "PI_organization_country": "Canada", "project_name": "Enriched soil metagenomes for Glycosyde Hydrolases"}}, "env_package": {"data": {"sample_name": "Agricultural reverse", "env_package": "miscellaneous"}, "name": "Agricultural reverse: miscellaneous", "type": "miscellaneous", "id": "mge184020"}}, "status": "public", "project_alpha_diversity": {"max": 828.99843176878, "min": 733.69228073145, "avg": 772.199923322197, "stdv": 34.3719782224206}, "sequence_type": "WGS", "mixs_compliant": 1, "project_metagenomes": ["4482593.3", "4483544.3", "4482599.3", "4483820.3", "4482600.3", "4483819.3"], "version": 1, "md5_checksum": "e15ce4b1ccf7bd453ae0a76e1b202205", "job_id": 45361, "id": "mgm4483819.3", "mixs": {"seq_method": "illumina", "PI_firstname": "Yris", "PI_lastname": "Verastegui", "country": "Canada", "longitude": -80.40972, "feature": "agricultural soil", "collection_date": "2010-05-05T10:00:00-0500", "material": "soil", "env_package_type": "miscellaneous", "project_id": "mgp8744", "location": "Elora research station,Guelph,ON", "biome": "terrestrial biome", "latitude": 43.47417, "sequence_type": "WGS", "project_name": "Enriched soil metagenomes for Glycoside Hydrolases"}, "sample": ["mgs184019", "https://api.mg-rast.org/sample/mgs184019"], "project": ["mgp8744", "https://api.mg-rast.org/project/mgp8744"]}