{"owner": "mgu8322", "md5_checksum": "febcc05357782f4a74bfe3c38431b776", "project_alpha_diversity": {"avg": 871.974358569858, "max": 991.190107545118, "stdv": 112.948822779448, "min": 725.862256198441}, "sequence_type": "WGS", "pipeline_parameters": {"screen_indexes": "h_sapiens", "fgs_type": "454", "prefix_length": "50", "rna_pid": "97", "priority": "never", "filter_ln_mult": "2.0", "max_ambig": "5", "dereplicate": "yes", "m5rna_sims_version": "7", "filter_ambig": "yes", "m5nr_annotation_version": "1", "m5rna_annotation_version": "1", "file_type": "fna", "filter_ln": "yes", "m5nr_sims_version": "7", "aa_pid": "90", "bowtie": "yes", "assembled": "no"}, "project_metagenomes": ["4451033.3", "4451034.3", "4451035.3", "4451036.3", "4452857.3"], "sample": ["mgs120124", "https://api.mg-rast.org/sample/mgs120124"], "id": "mgm4451036.3", "statistics": {}, "mixs": {"project_id": "mgp134", "seq_method": "454", "country": "Brazil", "biome": "Mangrove biome", "latitude": -25.08389, "PI_lastname": "Andreote", "collection_date": "2011-08-15T11:00:00-0300", "material": "estuarine mud", "longitude": -47.95056, "sequence_type": "WGS", "project_name": "Mangroves", "PI_firstname": "Fernando", "feature": "intertidal zone", "location": "Cananeia", "env_package_type": "soil"}, "library": ["mgl120126", "https://api.mg-rast.org/library/mgl120126"], "metadata": {"sample": {"id": "mgs120124", "name": "4451036.3", "data": {"location": "Cananeia", "feature": "intertidal zone", "material": "estuarine mud", "longitude": -47.95056, "collection_date": "2011-08-15", "collection_timezone": "UTC-3", "collection_time": "11:00:00", "env_package": "soil", "latitude": -25.08389, "sample_name": "4451036.3", "biome": "Mangrove biome", "country": "Brazil"}}, "project": {"id": "mgp134", "name": "Mangroves", "data": {"PI_email": "fdandreo@gmail.com", "PI_organization_address": "av. P\u00e1dua Dias, 11 - Piracicaba - SP, CEP 13418-90", "mgrast_id": "mgp134", "PI_organization_country": "Brazil", "PI_firstname": "Fernando", "project_funding": "- FAPESP", "PI_lastname": "Andreote", "PI_organization": "ESALQ/USP", "project_name": "Mangroves"}, "public": "Mangroves"}, "library": {"data": {"file_checksum": "febcc05357782f4a74bfe3c38431b776", "metagenome_id": "4451036.3", "investigation_type": "metagenome", "sample_name": "4451036.3", "metagenome_name": "BrMgv-4Clean", "seq_meth": "454"}, "type": "WGS", "name": "BrMgv-4Clean", "id": "mgl120126"}, "env_package": {"data": {"sample_name": "4451036.3", "env_package": "soil"}, "type": "soil", "id": "mge120125", "name": "4451036.3: soil"}}, "created": "2010-09-08 16:38:34", "pipeline_version": "3.0", "status": "public", "job_id": 10743, "mixs_compliant": 0, "url": "https://api.mg-rast.org/metagenome/mgm4451036.3?verbosity=full", "name": "BrMgv-4Clean", "project": ["mgp134", "https://api.mg-rast.org/project/mgp134"], "version": 1}