{"pipeline_parameters": {"assembled": "no", "m5rna_sims_version": "1", "priority": "never", "dynamic_trim": "no", "aa_pid": "90", "min_qual": "15", "screen_indexes": "h_sapiens_asm", "fgs_type": "454", "dereplicate": "yes", "file_type": "fastq", "max_lqb": "5", "m5nr_annotation_version": "1", "m5nr_sims_version": "7", "prefix_length": "50", "bowtie": "no", "m5rna_annotation_version": "1", "rna_pid": "97"}, "project_alpha_diversity": {"stdv": 84.9436421028179, "max": 1104.69554506166, "avg": 867.144394137914, "min": 672.396823416176}, "library": ["mgl92799", "https://api.mg-rast.org/library/mgl92799"], "project": ["mgp2997", "https://api.mg-rast.org/project/mgp2997"], "version": 1, "job_id": 37471, "mixs": {"feature": "slope", "biome": "Tundra biome", "sequence_type": "WGS", "latitude": 68.633, "PI_lastname": "Fierer", "country": "USA", "longitude": -149.583, "env_package_type": "soil", "project_name": "cross-site soil metagen", "seq_method": "illumina", "project_id": "mgp2997", "collection_date": "2010-01-10T12:00:00-0700", "PI_firstname": "Noah", "location": "Toolik Lake LTER, Alaska, USA", "material": "bulk soil"}, "status": "public", "md5_checksum": "e947a808f755ee89c700bda8a1845640", "statistics": {}, "owner": "mgu29672", "name": "TL1_r1", "pipeline_version": "3.0", "project_metagenomes": ["4477904.3", "4477903.3", "4477902.3", "4477901.3", "4477900.3", "4477899.3", "4477877.3", "4477876.3", "4477875.3", "4477874.3", "4477873.3", "4477872.3", "4477807.3", "4477805.3", "4477804.3", "4477803.3"], "mixs_compliant": 0, "sequence_type": "WGS", "created": "2011-11-25 15:40:00", "sample": ["mgs92797", "https://api.mg-rast.org/sample/mgs92797"], "id": "mgm4477874.3", "metadata": {"project": {"public": "cross-site soil metagen", "name": "cross-site soil metagen", "data": {"PI_organization": "University of Colorado", "PI_organization_country": "USA", "PI_organization_address": "CIRES, UCB 216 Boulder CO 80309", "project_name": "cross-site soil metagen", "PI_lastname": "Fierer", "PI_firstname": "Noah", "PI_email": "noah.fierer@colorado.edu", "mgrast_id": "mgp2997"}, "id": "mgp2997"}, "sample": {"name": "TL1", "data": {"collection_timezone": "UTC-7", "country": "USA", "location": "Toolik Lake LTER, Alaska, USA", "material": "bulk soil", "sample_name": "TL1", "env_package": "soil", "latitude": 68.633, "collection_time": "12:00:00", "collection_date": "2010-01-10", "feature": "slope", "biome": "Tundra biome", "longitude": -149.583}, "id": "mgs92797"}, "env_package": {"name": "TL1_r1: soil", "type": "soil", "data": {"sample_name": "TL1_r1", "env_package": "soil"}, "id": "mge92798"}, "library": {"type": "WGS", "id": "mgl92799", "data": {"seq_meth": "illumina", "sample_name": "TL1_r1", "metagenome_name": "TL1_r1", "file_name": "Noah16_110721_HWI-EAS137R_0379_s_5_1_sequence.fastq.fasta", "metagenome_id": "4477874.3", "file_checksum": "e947a808f755ee89c700bda8a1845640", "investigation_type": "metagenome"}, "name": "TL1_r1"}}, "url": "https://api.mg-rast.org/metagenome/mgm4477874.3?verbosity=full"}