{"statistics": {}, "version": 1, "mixs_compliant": 0, "status": "public", "name": "CoralPalmyra2005Mic20050818_NP", "project_metagenomes": ["4466813.3", "4466742.3", "4466740.3", "4466841.3", "4449259.3", "4449268.3", "4442653.3", "4442652.3", "4442643.3"], "id": "mgm4466813.3", "metadata": {"env_package": {"id": "mge470616", "type": "water", "data": {"sample_name": "Palmyra", "env_package": "water"}, "name": "Palmyra: water"}, "sample": {"name": "Palmyra", "data": {"depth": 10, "collection_timezone": "UTC-10", "collection_date": "2005-08-17", "longitude": -162.0755, "collection_time": "10:00:00", "material": "water", "country": "USA", "latitude": 5.8692, "feature": "coral reef", "sample_name": "Palmyra", "env_package": "water", "location": "Pacific Ocean", "biome": "coral reef", "sample_id": "4466813.3"}, "id": "mgs470615"}, "project": {"id": "mgp16895", "public": "Global Microbialization On Reefs", "name": "Global Microbialization On Reefs", "data": {"organization_country": "USA", "PI_organization_country": "USA", "PI_firstname": "Forest", "project_funding": "NSF", "firstname": "Linda", "organization_url": "coralandphage.org", "project_name": "Global Microbialization on Reefs", "email": "lwegley@gmail.com", "organization": "San Diego State University", "envo_release": "2013-04-27", "PI_lastname": "Rohwer", "PI_email": "frohwer@gmail.com", "PI_organization": "San Diego State University", "PI_organization_url": "coralandphage.org", "project_description": "Metagenomes from watercolumn above coral reefs", "organization_address": "LS301 Biology Department, San Diego State University, 5500 Campanile Drive, San Diego, CA 92182", "lastname": "Kelly", "PI_organization_address": "LS301 Biology Department, San Diego State University, 5500 Campanile Drive, San Diego, CA 92182"}}, "library": {"id": "mgl470617", "name": "CoralPalmyra2005Mic20050818_NP", "data": {"investigation_type": "metagenome", "seq_meth": "454", "metagenome_name": "CoralPalmyra2005Mic20050818_NP", "sample_name": "Palmyra", "metagenome_id": "4466813.3", "file_name": "CoralPalmyra2005BMic20050818_NPFinal.fasta", "seq_quality_check": "Prinseq", "file_checksum": "2061d809ab900e2717ebf609378027a5", "seq_chem": "Titanium", "seq_center": "SDSU"}, "type": "WGS"}}, "pipeline_version": "3.0", "owner": "mgu333", "job_id": 26410, "project_alpha_diversity": {"avg": 356.001397593201, "stdv": 149.40546087881, "max": 536.002088402223, "min": 104.599259832891}, "md5_checksum": "2061d809ab900e2717ebf609378027a5", "sample": ["mgs470615", "https://api.mg-rast.org/sample/mgs470615"], "project": ["mgp16895", "https://api.mg-rast.org/project/mgp16895"], "pipeline_parameters": {"m5nr_annotation_version": "1", "assembled": "no", "aa_pid": "90", "prefix_length": "50", "filter_ln_mult": "-3.17", "rna_pid": "97", "m5rna_annotation_version": "1", "screen_indexes": "h_sapiens_asm", "filter_ambig": "no", "fgs_type": "454", "filter_ln": "no", "m5nr_sims_version": "7", "dereplicate": "no", "bowtie": "no", "priority": "never", "max_ambig": "5", "file_type": "fna", "m5rna_sims_version": "7"}, "url": "https://api.mg-rast.org/metagenome/mgm4466813.3?verbosity=full", "sequence_type": "WGS", "mixs": {"material": "water", "country": "USA", "PI_lastname": "Rohwer", "latitude": 5.8692, "feature": "coral reef", "sequence_type": "WGS", "project_name": "Global Microbialization On Reefs", "biome": "coral reef", "PI_firstname": "Forest", "project_id": "mgp16895", "location": "Pacific Ocean", "collection_date": "2005-08-17T10:00:00-1000", "longitude": -162.0755, "seq_method": "454", "env_package_type": "water"}, "library": ["mgl470617", "https://api.mg-rast.org/library/mgl470617"], "created": "2011-06-23 18:58:51"}