{"mixs": {"sequence_type": "WGS", "biome": "Tropical/Subtropical Desert Division (320)", "env_package_type": "microbial mat|biofilm", "latitude": 26.8713889, "PI_lastname": "Souza", "project_name": "Comparative metagenomics of two microbial mats at Cuatro Cienegas basin", "material": "surface water", "feature": "alkaline salt lake", "project_id": "mgp2321", "location": "Cuatro Cienegas", "collection_date": "2008-07-01T10:00:00-0600", "country": "Mexico", "longitude": -102.0198056, "PI_firstname": "Valeria", "seq_method": "454"}, "version": 1, "library": ["mgl80160", "https://api.mg-rast.org/library/mgl80160"], "job_id": 2371, "sample": ["mgs80158", "https://api.mg-rast.org/sample/mgs80158"], "project": ["mgp2321", "https://api.mg-rast.org/project/mgp2321"], "sequence_type": "WGS", "project_metagenomes": ["4442467.3", "4442466.3", "4441363.3"], "pipeline_parameters": {"screen_indexes": "h_sapiens", "m5rna_annotation_version": "1", "fgs_type": "454", "filter_ambig": "yes", "filter_ln_mult": "2.0", "m5rna_sims_version": "7", "max_ambig": "5", "dereplicate": "yes", "priority": "never", "m5nr_sims_version": "7", "filter_ln": "yes", "rna_pid": "97", "aa_pid": "90", "file_type": "fna", "bowtie": "yes", "prefix_length": "50", "assembled": "no", "m5nr_annotation_version": "1"}, "created": "2009-02-10 17:36:45", "md5_checksum": "629b36315eb3cba7c895186e34bb122b", "url": "https://api.mg-rast.org/metagenome/mgm4442466.3?verbosity=full", "pipeline_version": "3.0", "name": "Red Mat Cuatro Cienegas Coahuila, Mexico (reads)", "owner": "mgu712", "statistics": {}, "mixs_compliant": 0, "status": "public", "project_alpha_diversity": {"min": 196.69493230709, "max": 854.87048886, "avg": 426.077116971919, "stdv": 303.449481795871}, "metadata": {"env_package": {"name": "4442466.3: microbial mat|biofilm", "data": {"sample_name": "4442466.3", "env_package": "microbial mat|biofilm"}, "type": "microbial mat|biofilm", "id": "mge80159"}, "project": {"id": "mgp2321", "data": {"organization_country": "Mexico", "organization_url": "http://web.ecologia.unam.mx", "PI_email": "souza@servidor.unam.mx", "PI_organization": "Instituto de Ecologia, UNAM", "PI_firstname": "Valeria", "organization_address": "Apartado Postal 70-275 Ciudad Universitaria, UNAM 04510 M\u00c3\u00a9xico, D.F.", "firstname": "Luis David", "project_description": "The Cuatro Cienegas Basin (CCB) is an oasis in the desert of Mexico characterized by low phosphorus availability and by its great diversity of microbial mats. We compared the metagenomes of two aquatic microbial mats from the CCB with different nutrient limitations. We observed that the red mat was P-limited and dominated by Pseudomonas, while the green mat was N-limited and had higher species richness, with Proteobacteria and Cyanobacteria as the most abundant phyla. From their gene content, we deduced that both mats were very metabolically diverse despite their use of different strategies to cope with their respective environments. The red mat was found to be mostly heterotrophic, while the green mat was more autotrophic. The red mat had a higher number of transporters in general, including transporters of cellobiose and osmoprotectants. We suggest that generalists with plastic genomes dominate the red mat, while specialists with minimal genomes dominate the green mat. Nutrient limitation was a common scenario on the early planet; despite this, biogeochemical cycles were performed, and as a result the planet changed. The metagenomes of microbial mats from the CCB show the different strategies a community can use to cope with oligotrophy and persist.", "email": "ldalcaraz@gmail.com", "PI_organization_country": "Mexico", "organization": "Instituto de Ecolog\u00c3\u00ada, UNAM", "PI_organization_url": "http://web.ecologia.unam.mx", "PI_organization_address": "Apartado Postal 70-275 Ciudad Universitaria, UNAM 04510 Mexico, D.F., Mexico", "lastname": "Alcaraz", "project_funding": "Conacyt", "project_name": "Comparative metagenomics of two microbial mats at Cuatro Cienegas basin", "PI_lastname": "Souza"}, "name": "Comparative metagenomics of two microbial mats at Cuatro Cienegas basin", "public": "Comparative metagenomics of two microbial mats at Cuatro Cienegas basin"}, "library": {"type": "WGS", "data": {"investigation_type": "metagenome", "file_checksum": "629b36315eb3cba7c895186e34bb122b", "seq_center": "Langebio", "seq_meth": "454", "sample_name": "4442466.3", "metagenome_id": "4442466.3", "metagenome_name": "Red Mat Cuatro Cienegas Coahuila, Mexico (reads)"}, "id": "mgl80160", "name": "Red Mat Cuatro Cienegas Coahuila, Mexico (reads)"}, "sample": {"name": "4442466.3", "id": "mgs80158", "data": {"temperature": 30, "sample_id": "Red Mat Cuatro Cienegas Coahuila, Mexico (reads)", "altitude": 745, "isol_growth_condt": "22920515, 22920516", "country": "Mexico", "env_package": "microbial mat|biofilm", "longitude": -102.0198056, "depth": 1, "ph": 5.5, "collection_timezone": "UTC-6", "sample_name": "4442466.3", "material": "surface water", "latitude": 26.8713889, "collection_date": "2008-07-01", "location": "Cuatro Cienegas", "feature": "alkaline salt lake", "collection_time": "10:00:00", "elevation": 0, "biome": "Tropical/Subtropical Desert Division (320)", "continent": "north america"}}}, "id": "mgm4442466.3"}