{"url": "https://api.mg-rast.org/metagenome/mgm4446125.3?verbosity=full", "created": "2010-01-19 14:05:54", "id": "mgm4446125.3", "pipeline_version": "3.0", "md5_checksum": "5fb71d87f380ca157ad4d3c76f2125a4", "sequence_type": "WGS", "job_id": 6007, "statistics": {}, "mixs": {"PI_lastname": null, "material": "human-associated habitat", "country": "United States of America", "project_name": "Project for: 6-10", "PI_firstname": null, "collection_date": "2008-06-01T12:00:00Z", "feature": "human-associated habitat", "location": "California", "sequence_type": "WGS", "latitude": 32.9, "project_id": "mgp478", "biome": "human-associated habitat", "env_package_type": "human-associated", "seq_method": "454", "longitude": -117.2}, "library": ["mgl48950", "https://api.mg-rast.org/library/mgl48950"], "pipeline_parameters": {"screen_indexes": "h_sapiens", "file_type": "fna", "assembled": "no", "rna_pid": "97", "prefix_length": "50", "priority": "never", "dereplicate": "yes", "bowtie": "yes", "fgs_type": "454", "m5rna_annotation_version": "1", "filter_ln_mult": "2.0", "m5nr_annotation_version": "1", "aa_pid": "90", "m5nr_sims_version": "7", "max_ambig": "5", "filter_ambig": "yes", "m5rna_sims_version": "7", "filter_ln": "yes"}, "project_metagenomes": ["4446125.3"], "metadata": {"env_package": {"type": "human-associated", "name": "mge48951", "data": {"profile_rating_demo 2": "bronze", "sex": "Male", "env_package": "human-associated", "age": "26 ; Second", "host_subject_id": "5"}, "id": "mge48951"}, "library": {"name": "mgl48950", "type": "WGS", "data": {"metagenome_name": "6-10", "investigation_type": "metagenome", "file_checksum": "5fb71d87f380ca157ad4d3c76f2125a4", "seq_meth": "454", "pubmed_id": "22158393", "metagenome_id": "4446125.3"}, "id": "mgl48950"}, "sample": {"name": "mgs15581", "data": {"country": "United States of America", "material": "human-associated habitat", "continent": "north_america", "collection_timezone": "UTC", "isol_growth_condt": "22158393", "collection_date": "2008-06-01", "env_package": "human-associated", "feature": "human-associated habitat", "latitude": 32.9, "location": "California", "collection_time": "12:00:00", "biome": "human-associated habitat", "longitude": -117.2}, "id": "mgs15581"}, "project": {"data": {"firstname": "David", "organization_country": "United States of America", "administrative-contact_PI_firstname": "David", "email": "pridedt9@gmail.com", "administrative-contact_PI_email": "pridedt9@gmail.com", "project_description": "Analysis of Saliva Virome", "lastname": "Pride", "administrative-contact_PI_lastname": "Pride", "administrative-contact_PI_organization_country": "United States of America", "project_name": "Saliva Virome"}, "id": "mgp478", "name": "Project for: 6-10", "public": "Project for: 6-10"}}, "owner": "mgu13502", "name": "6-10", "project_alpha_diversity": {"max": 115.96719304448, "avg": 115.96719304448, "min": 115.96719304448, "stdv": 0}, "version": 1, "mixs_compliant": 1, "sample": ["mgs15581", "https://api.mg-rast.org/sample/mgs15581"], "project": ["mgp478", "https://api.mg-rast.org/project/mgp478"], "status": "public"}