{"sample": ["mgs117220", "https://api.mg-rast.org/sample/mgs117220"], "mixs": {"project_id": "mgp4745", "collection_date": "2008-07-15T12:00:00-0700", "seq_method": "454", "location": "Kellog Biological Station, Hickory Corners, MI, USA", "PI_firstname": "Noah", "feature": "meadow soil", "longitude": -85.3760899999999, "env_package_type": "soil", "sequence_type": "WGS", "biome": "grassland biome", "latitude": 42.44158, "project_name": " Comparative metagenomic, phylogenetic, and physiological analyses of soil microbial communities across nitrogen gradients", "PI_lastname": "Fierer", "material": "bulk soil", "country": "USA"}, "sequence_type": "WGS", "md5_checksum": "2f776f78760821b963f360d6745c755d", "mixs_compliant": 0, "project": ["mgp4745", "https://api.mg-rast.org/project/mgp4745"], "job_id": 9078, "id": "mgm4449360.3", "owner": "mgu354", "metadata": {"library": {"id": "mgl117222", "name": "2_301_RL4", "data": {"metagenome_name": "2_301_RL4", "investigation_type": "metagenome", "file_checksum": "2f776f78760821b963f360d6745c755d", "seq_meth": "454", "sample_name": "2_301_RL4", "metagenome_id": "4449360.3"}, "type": "WGS"}, "project": {"id": "mgp4745", "name": " Comparative metagenomic, phylogenetic, and physiological analyses of soil microbial communities across nitrogen gradients", "data": {"PI_email": "noah.fierer@colorado.edu", "PI_firstname": "Noah", "project_description": "Terrestrial ecosystems are receiving elevated inputs of nitrogen (N) from anthropogenic sources and understanding how these increases in N availability affect soil microbial communities is critical for predicting the associated effects on belowground ecosystems. We used a suite of approaches to analyze the structure and functional characteristics of soil microbial communities from replicated plots in two long-term N fertilization experiments located in contrasting systems. Pyrosequencing-based analyses of 16S rRNA genes revealed no significant effects of N fertilization on bacterial diversity but significant effects on community composition at both sites; copiotrophic taxa (including members of the Proteobacteria and Bacteroidetes phyla) typically increased in relative abundance in the high N plots with oligotrophic taxa (mainly Acidobacteria) exhibiting the opposite pattern. Consistent with the phylogenetic shifts under N fertilization, shotgun metagenomic sequencing revealed increases in the relative abundances of genes associated with DNA/RNA replication, electron transport, and protein metabolism, increases that could be resolved even with the shallow shotgun metagenomic sequencing conducted here (average of 75,000 reads per sample). We also observed shifts in the catabolic capabilities of the communities across the N gradients that were significantly correlated with the phylogenetic and metagenomic responses, indicating possible linkages between the structure and functioning of soil microbial communities. Overall, our results suggest that N fertilization may, directly or indirectly, induce a shift in the predominant microbial life history strategies, favoring a more active, copiotrophic microbial community, a pattern that parallels the often observed replacement of K-selected with r-selected plant species with elevated N.\n\nStudy Authors: Noah Fierer, Christian L. Lauber, Kelly S. Ramirez, Jesse Zaneveld, Mark A. Bradford, Rob Knight", "PI_organization_address": "CIRES  UCB 216 Boulder CO 80309", "PI_lastname": "Fierer", "PI_organization_country": "USA", "PI_organization": "University of Colorado at Boulder", "mgrast_id": "mgp4745", "project_name": "Comparative metagenomic, phylogenetic, and physiological analyses of soil microbial communities across nitrogen gradients"}, "public": " Comparative metagenomic, phylogenetic, and physiological analyses of soil microbial communities across nitrogen gradients"}, "env_package": {"name": "2_301_RL4: soil", "data": {"env_package": "soil", "mgrast_id": "mge117221", "sample_name": "2_301_RL4"}, "id": "mge117221", "type": "soil"}, "sample": {"data": {"latitude": 42.44158, "biome": "grassland biome", "sample_name": "2_301_RL4", "location": "Kellog Biological Station, Hickory Corners, MI, USA", "country": "USA", "material": "bulk soil", "env_package": "soil", "collection_time": "12:00:00", "feature": "meadow soil", "collection_date": "2008-07-15", "collection_timezone": "UTC-7", "longitude": -85.3760899999999}, "name": "2_301_RL4", "id": "mgs117220"}}, "pipeline_parameters": {"filter_ln": "yes", "assembled": "no", "m5nr_sims_version": "7", "screen_indexes": "h_sapiens", "rna_pid": "97", "file_type": "fna", "aa_pid": "90", "filter_ambig": "yes", "max_ambig": "5", "prefix_length": "50", "fgs_type": "454", "dereplicate": "yes", "m5rna_annotation_version": "1", "m5rna_sims_version": "7", "m5nr_annotation_version": "1", "priority": "never", "filter_ln_mult": "2.0", "bowtie": "yes"}, "name": "2_301_RL4", "project_metagenomes": ["4449877.3", "4449362.3", "4449363.3", "4449364.3", "4449365.3", "4449357.3", "4449356.3", "4449358.3", "4449360.3", "4449359.3", "4449256.3", "4449255.3", "4449252.3", "4449249.3", "4449258.3", "4449284.3"], "library": ["mgl117222", "https://api.mg-rast.org/library/mgl117222"], "statistics": {}, "version": 1, "project_alpha_diversity": {"stdv": 75.1425680147457, "max": 719.391169362259, "min": 474.104819910981, "avg": 623.63565988788}, "created": "2010-06-28 17:56:53", "status": "public", "url": "https://api.mg-rast.org/metagenome/mgm4449360.3?verbosity=full", "pipeline_version": "3.0"}