{"mixs": {"sequence_type": "WGS", "project_id": "mgp128", "collection_date": "2010-03-01T10:00:00Z", "PI_firstname": "Alex", "project_name": "The oral metagenome in health and disease", "latitude": 39.481448, "material": "human-associated habitat", "country": "Spain", "biome": "human-associated habitat", "env_package_type": "human-oral", "PI_lastname": "Mira", "feature": "human-associated habitat", "location": "Valencia", "seq_method": "454", "longitude": 0.353066}, "project": ["mgp128", "https://api.mg-rast.org/project/mgp128"], "owner": "mgu8612", "url": "https://api.mg-rast.org/metagenome/mgm4447903.3?verbosity=full", "metadata": {"env_package": {"data": {"disease_stat": "Diseased, CAO's index = 11", "sex": "Male", "nose_mouth_teeth_throat_disord": "Teeth", "sample_name": "mgs25822", "body_product": "Supragingival dental plaque", "time_last_toothbrush": "24 hours", "mgrast_id": "mge52923", "misc_param_1": "env_package: human-oral", "body_site": "Teeth surfaces", "env_package": "human-oral", "age": "49 ; Year", "host_subject_id": "CA_06", "profile_rating_demo 2": "bronze"}, "type": "human-oral", "name": "mgs25822: human-oral", "id": "mge52923"}, "library": {"id": "mgl52922", "data": {"pubmed_id": "21716308", "metagenome_id": "4447903.3", "file_checksum": "8cdd634d1a2461da46e5ce2fece96ecc", "seq_meth": "454", "lib_type": "454 rapid library", "454_gasket_type": "4", "investigation_type": "metagenome", "seq_center": "Macrogen - Korea", "mgrast_id": "mgl52922", "lib_size_mean": 425, "misc_param_1": "sequences_sequences_filtered: Human sequences filtered, artefactual replicates filtered.", "lib_const_meth": "roche 454 manual", "metagenome_name": "CA_06P", "ebi_id": "ERR1806507", "ebi_tech": "ABI_SOLID|AB SOLiD System 2.0", "454_regions": 1, "sample_name": "mgs25822"}, "type": "WGS", "name": "CA_06P"}, "sample": {"id": "mgs25822", "data": {"metagenome_taxonomy": "human oral", "latitude": 39.481448, "collection_date": "2010-03-01", "altitude": 13, "ncbi_taxon_id": "1679718", "longitude": 0.353066, "misc_param_1": "geodetic_system: wgs_84", "samp_size": "1", "elevation": 13, "mgrast_id": "mgs25822", "depth": 0, "collection_time": "10:00:00", "feature": "human-associated habitat", "isol_growth_condt": "21716308", "sample_name": "mgs25822", "biome": "human-associated habitat", "country": "Spain", "material": "human-associated habitat", "samp_mat_process": "total DNA extraction - enzymes", "continent": "europe", "ebi_id": "ERS1510277", "temperature": 37, "collection_timezone": "UTC", "sample_strategy": "human-associated habitat", "location": "Valencia", "env_package": "human-oral"}, "name": "mgs25822"}, "project": {"name": "The oral metagenome in health and disease", "data": {"administrative-contact_PI_organization": "Center for Advanced Research in Public Health, Department of Genomics and Health", "misc_param_4": "administrative-contact_PI_organization_url: www.csisp.gva.es/web/csisp", "misc_param_3": "administrative-contact_PI_organization_country: Spain", "project_name": "The oral metagenome in health and disease", "organization_country": "Spain", "PI_firstname": "Alex", "ebi_id": "ERP021171", "email": "belda_ped@gva.es", "lastname": "Belda-Ferre", "PI_email": "mira_ale@gva.es", "administrative-contact_PI_lastname": "Mira", "PI_organization_country": "Spain", "misc_param_2": "administrative-contact_PI_organization: Center for Advanced Research in Public Health, Department of Genomics and Health", "misc_param_5": "administrative-contact_PI_lastname: Mira", "firstname": "Pedro", "project_funding": "Spanish MICINN: SAF2009-13032-C02-02 from the I+D program, BIO2008-03419-E from the EXPLORA program and MICROGEN CSD2009-00006 from the Consolider- Ingenio program.", "administrative-contact_PI_organization_country": "Spain", "misc_param_8": "administrative-contact_PI_firstname: Alex", "administrative-contact_PI_organization_address": "Avda. Catalu\u00c3\u00b1a, 21 ; 46020 ; Valencia ; Comunidad Valenciana", "PI_organization_url": "http://www.csisp.gva.es/web/alex/home", "administrative-contact_PI_organization_url": "www.csisp.gva.es/web/csisp", "organization": "Center for Advanced Research in Public Health, Department of Genomics and Health", "organization_url": "www.csisp.gva.es/web/csisp", "misc_param_6": "project-description_internal_project_ID: The oral metagenome in health and disease", "project-description_internal_project_ID": "The oral metagenome in health and disease", "PI_organization_address": "Avda. Catalu\u00c3\u00b1a, 21. Valencia", "misc_param_1": "administrative-contact_PI_email: mira_ale@gva.es", "mgrast_id": "mgp128", "PI_organization": "CSISP", "project_description": "The oral cavity of humans is inhabited by hundreds of bacterial species and some of them have a key role in the development of oral diseases, mainly dental caries and periodontitis. We describe for the first time the metagenome of the human oral cavity under health and diseased conditions, with a focus on supragingival dental plaque and cavities. Direct pyrosequencing of eight samples with different oral-health status produced 1 Gbp of sequence without the biases imposed by PCR or cloning. These data show that cavities are not dominated by Streptococcus mutans (the species originally identified as the ethiological agent of dental caries) but are in fact a complex community\r\nformed by tens of bacterial species, in agreement with the view that caries is a polymicrobial disease. The analysis of the reads indicated that the oral cavity is functionally a different environment from the gut, with many functional categories enriched in one of the two environments\r\nand depleted in the other. Individuals who had never suffered from dental caries showed an over-representation of several functional categories, like genes for antimicrobial peptides and quorum sensing. In addition, they did not have mutans streptococci but displayed high recruitment of other species. Several isolates belonging to these dominant bacteria in healthy individuals were cultured and shown to inhibit the growth of cariogenic bacteria, suggesting the use of these commensal bacterial strains as probiotics to promote oral health and prevent dental caries.", "PI_lastname": "Mira", "administrative-contact_PI_firstname": "Alex", "organization_address": "Avda. Catalu\u00c3\u00b1a, 21 ; 46020 ; Valencia ; Comunidad Valenciana", "administrative-contact_PI_email": "mira_ale@gva.es"}, "public": "The oral metagenome in health and disease", "id": "mgp128"}}, "pipeline_version": "3.0", "sequence_type": "WGS", "sample": ["mgs25822", "https://api.mg-rast.org/sample/mgs25822"], "name": "CA_06P", "mixs_compliant": 1, "statistics": {}, "project_metagenomes": ["4447943.3", "4447192.3", "4447103.3", "4447102.3", "4447101.3", "4447971.3", "4447970.3", "4447903.3"], "status": "public", "job_id": 7714, "created": "2010-04-30 13:40:30", "md5_checksum": "8cdd634d1a2461da46e5ce2fece96ecc", "id": "mgm4447903.3", "project_alpha_diversity": {"max": 377.113225463441, "stdv": 68.9269580068592, "avg": 294.292197323932, "min": 217.792860989187}, "library": ["mgl52922", "https://api.mg-rast.org/library/mgl52922"], "version": 1, "pipeline_parameters": {"filter_ln_mult": "2.0", "prefix_length": "50", "screen_indexes": "h_sapiens", "filter_ln": "yes", "m5nr_annotation_version": "1", "rna_pid": "97", "bowtie": "yes", "aa_pid": "90", "filter_ambig": "yes", "fgs_type": "454", "max_ambig": "5", "m5rna_annotation_version": "1", "dereplicate": "yes", "assembled": "no", "m5nr_sims_version": "7", "file_type": "fna", "priority": "never", "m5rna_sims_version": "7"}}