{"library": ["mgl159762", "https://api.mg-rast.org/library/mgl159762"], "version": 1, "mixs_compliant": 0, "created": "2011-12-14 09:45:33", "pipeline_parameters": {"fgs_type": "454", "file_type": "fna", "priority": "never", "rna_pid": "97", "aa_pid": "90", "bowtie": "no", "screen_indexes": "h_sapiens_asm", "m5nr_sims_version": "7", "filter_ln": "yes", "assembled": "no", "m5rna_annotation_version": "1", "filter_ln_mult": "2.00", "filter_ambig": "yes", "max_ambig": "5", "dereplicate": "yes", "prefix_length": "50", "m5nr_annotation_version": "1", "m5rna_sims_version": "7"}, "status": "public", "owner": "mgu50120", "url": "https://api.mg-rast.org/metagenome/mgm4478934.3?verbosity=full", "project_alpha_diversity": {"max": 693.056468271845, "min": 539.324720307438, "avg": 641.752377404847, "stdv": 35.0016630073723}, "metadata": {"library": {"type": "WGS", "data": {"sample_name": "9LM", "investigation_type": "metagenome", "metagenome_id": "4478934.3", "file_checksum": "8f70e2427a909910f4c40097039e747a", "seq_meth": "454", "file_name": "2011_12_08_EikoKuramae_9_LM_SFF.sff.fasta", "metagenome_name": "9LM"}, "name": "9LM", "id": "mgl159762"}, "env_package": {"id": "mge159761", "name": "9LM: soil", "data": {"sample_name": "9LM", "env_package": "soil"}, "type": "soil"}, "sample": {"data": {"env_package": "soil", "feature": "agricultural soil", "latitude": -11.7412664, "location": "Amazonia", "biome": "Tropical and subtropical moist broadleaf forest biome", "collection_time": "12:00:00", "sample_name": "9LM", "longitude": -56.2533385, "collection_timezone": "UTC-12", "material": "rhizosphere", "collection_date": "2009-10-28", "country": "Brazil"}, "id": "mgs159760", "name": "9LM"}, "project": {"data": {"organization_country": "Brazil", "lastname": "Mendes", "PI_lastname": "Mendes", "PI_organization_country": "Brazil", "PI_organization_url": "www.cena.usp.br", "PI_organization_address": "Avenida Centen\u00e1rio 303, CEP 13400-970 Piracicaba-SP", "project_funding": "FAPESP", "organization_address": "Avenida Centenario 303", "organization_url": "www.cena.usp.br", "mgrast_id": "mgp7774", "email": "lucaswmendes@gmail.com", "project_description": "The selection of the rhizospheric microbial community from the bulk soil reservoir under agricultural management of soybean in Amazon forest soils. [Reference: Mendes LW, Kuramae EE, Navarrete AA, van VEEN JA, Tsai SM. (2014). Taxonomical and functional microbial community selection in soybean rhizosphere. The ISME Journal 8:1577-1587, 2014]", "PI_organization": "Center for Nuclear Energy in Agriculture CENA-USP", "PI_email": "lucaswmendes@gmail.com", "envo_release": "2013-04-27", "organization": "Center for Nuclear Energy in Agriculture CENA-USP", "project_name": "Soybean Rhizosphere from Amazon Soils", "firstname": "Lucas William", "PI_firstname": "Lucas William"}, "id": "mgp7774", "name": "Soybean Rhizosphere from Amazon Soils", "public": "Soybean Rhizosphere from Amazon Soils"}}, "sample": ["mgs159760", "https://api.mg-rast.org/sample/mgs159760"], "statistics": {}, "name": "9LM", "pipeline_version": "3.0", "project": ["mgp7774", "https://api.mg-rast.org/project/mgp7774"], "job_id": 39362, "md5_checksum": "8f70e2427a909910f4c40097039e747a", "sequence_type": "WGS", "id": "mgm4478934.3", "project_metagenomes": ["4477751.3", "4477749.3", "4477755.3", "4477757.3", "4478037.3", "4478030.3", "4477790.3", "4477789.3", "4478936.3", "4478934.3", "4478294.3", "4478292.3", "4478291.3", "4478290.3", "4478283.3", "4478222.3", "4478038.3", "4479311.3", "4478943.3", "4478941.3", "4478940.3", "4478939.3", "4478938.3", "4478937.3"], "mixs": {"latitude": -11.7412664, "project_id": "mgp7774", "feature": "agricultural soil", "seq_method": "454", "PI_lastname": "Mendes", "location": "Amazonia", "biome": "Tropical and subtropical moist broadleaf forest biome", "material": "rhizosphere", "sequence_type": "WGS", "env_package_type": "soil", "longitude": -56.2533385, "project_name": "Soybean Rhizosphere from Amazon Soils", "PI_firstname": "Lucas William", "country": "Brazil", "collection_date": "2009-10-28T12:00:00-1200"}}