{"owner": "mgu12752", "created": "2011-08-10 19:37:11", "project_metagenomes": ["4491569.3", "4491397.3", "4491383.3", "4491382.3", "4491237.3", "4470382.3", "4470381.3", "4470378.3", "4470334.3", "4470315.3", "4470255.3", "4470254.3", "4470253.3", "4470010.3", "4470009.3", "4469540.3", "4469539.3", "4469538.3", "4469455.3", "4469454.3", "4469453.3", "4469340.3", "4469339.3", "4469338.3", "4469328.3"], "job_id": 29978, "project": ["mgp11953", "https://api.mg-rast.org/project/mgp11953"], "sequence_type": "WGS", "id": "mgm4470381.3", "mixs_compliant": 0, "url": "https://api.mg-rast.org/metagenome/mgm4470381.3?verbosity=full", "md5_checksum": "ba446c4b493b45090983f11024be5f12", "metadata": {"env_package": {"id": "mge295975", "name": "B3: soil", "type": "soil", "data": {"sample_name": "B3", "env_package": "soil"}}, "library": {"name": "B3_DNA_1311.2.1306.ONE", "data": {"sample_name": "B3", "metagenome_name": "B3_DNA_1311.2.1306.ONE", "file_checksum": "ba446c4b493b45090983f11024be5f12", "investigation_type": "metagenome", "metagenome_id": "4470381.3", "seq_meth": "illumina", "file_name": "GZOS.1311-2.1306.sep.fastq.one.fasta"}, "type": "WGS", "id": "mgl295976"}, "project": {"id": "mgp11953", "data": {"PI_lastname": "Hultman", "PI_organization": "University of Helsinki", "PI_organization_country": "Finland", "PI_firstname": "Jenni", "PI_organization_address": "PO Box 65, 00014 University of Helsinki", "PI_email": "jenni.hultman@gmail.com", "mgrast_id": "mgp11953", "project_name": "Permafrost_thaw"}, "public": "Permafrost_thaw", "name": "Permafrost_thaw"}, "sample": {"data": {"sample_name": "B3", "collection_timezone": "UTC-10", "depth": -1, "collection_date": "2009-01-01", "material": "soil", "latitude": 64.677812, "location": "thermokarst bog", "longitude": -157.833252, "country": "USA", "feature": "permafrost", "biome": "Tundra biome", "collection_time": "12:00:00", "env_package": "soil"}, "name": "B3", "id": "mgs295974"}}, "project_alpha_diversity": {"max": 1149.14473948877, "avg": 927.508742795344, "min": 254.546180883004, "stdv": 205.198938795964}, "library": ["mgl295976", "https://api.mg-rast.org/library/mgl295976"], "sample": ["mgs295974", "https://api.mg-rast.org/sample/mgs295974"], "status": "public", "version": 1, "name": "B3_DNA_1311.2.1306.ONE", "pipeline_version": "3.0", "pipeline_parameters": {"m5rna_annotation_version": "1", "rna_pid": "97", "dynamic_trim": "no", "aa_pid": "90", "min_qual": "15", "screen_indexes": "h_sapiens_asm", "fgs_type": "454", "bowtie": "no", "file_type": "fastq", "max_lqb": "5", "priority": "never", "prefix_length": "50", "assembled": "no", "m5rna_sims_version": "7", "m5nr_sims_version": "7", "m5nr_annotation_version": "1", "dereplicate": "no"}, "statistics": {}, "mixs": {"feature": "permafrost", "biome": "Tundra biome", "env_package_type": "soil", "latitude": 64.677812, "project_id": "mgp11953", "project_name": "Permafrost_thaw", "longitude": -157.833252, "location": "thermokarst bog", "seq_method": "illumina", "country": "USA", "PI_firstname": "Jenni", "collection_date": "2009-01-01T12:00:00-1000", "sequence_type": "WGS", "material": "soil", "PI_lastname": "Hultman"}}