{"mixs": {"PI_lastname": "Andreote", "material": "estuarine mud", "project_name": "Mangroves", "env_package_type": "soil", "location": "Bertioga", "PI_firstname": "Fernando", "country": "Brazil", "seq_method": "454", "longitude": -46.20778, "latitude": -23.89694, "project_id": "mgp134", "sequence_type": "WGS", "collection_date": "2011-08-20T11:30:00-0300", "feature": "intertidal zone", "biome": "Mangrove biome"}, "pipeline_parameters": {"priority": "never", "m5nr_annotation_version": "1", "fgs_type": "454", "rna_pid": "97", "m5rna_annotation_version": "1", "aa_pid": "90", "filter_ln": "yes", "m5rna_sims_version": "7", "prefix_length": "50", "screen_indexes": "h_sapiens", "dereplicate": "yes", "bowtie": "yes", "m5nr_sims_version": "7", "filter_ln_mult": "2.0", "filter_ambig": "yes", "max_ambig": "5", "file_type": "fna", "assembled": "no"}, "pipeline_version": "3.0", "name": "BRMgv-1Clean", "created": "2010-09-08 15:29:45", "version": 1, "url": "https://api.mg-rast.org/metagenome/mgm4451033.3?verbosity=full", "project_metagenomes": ["4451033.3", "4451034.3", "4451035.3", "4451036.3", "4452857.3"], "id": "mgm4451033.3", "mixs_compliant": 0, "statistics": {}, "owner": "mgu8322", "metadata": {"sample": {"data": {"env_package": "soil", "sample_name": "4451033.3", "material": "estuarine mud", "location": "Bertioga", "collection_time": "11:30:00", "collection_timezone": "UTC-3", "country": "Brazil", "latitude": -23.89694, "longitude": -46.20778, "biome": "Mangrove biome", "collection_date": "2011-08-20", "feature": "intertidal zone"}, "name": "4451033.3", "id": "mgs120133"}, "library": {"type": "WGS", "name": "BRMgv-1Clean", "data": {"sample_name": "4451033.3", "metagenome_name": "BRMgv-1Clean", "file_checksum": "e6c527bb533e581b4ce87b701bae3daf", "investigation_type": "metagenome", "metagenome_id": "4451033.3", "seq_meth": "454"}, "id": "mgl120135"}, "project": {"public": "Mangroves", "name": "Mangroves", "data": {"PI_lastname": "Andreote", "PI_organization": "ESALQ/USP", "project_name": "Mangroves", "project_funding": "- FAPESP", "PI_email": "fdandreo@gmail.com", "PI_organization_address": "av. P\u00e1dua Dias, 11 - Piracicaba - SP, CEP 13418-90", "mgrast_id": "mgp134", "PI_firstname": "Fernando", "PI_organization_country": "Brazil"}, "id": "mgp134"}, "env_package": {"id": "mge120134", "name": "4451033.3: soil", "type": "soil", "data": {"env_package": "soil", "sample_name": "4451033.3"}}}, "sequence_type": "WGS", "library": ["mgl120135", "https://api.mg-rast.org/library/mgl120135"], "status": "public", "sample": ["mgs120133", "https://api.mg-rast.org/sample/mgs120133"], "md5_checksum": "e6c527bb533e581b4ce87b701bae3daf", "project": ["mgp134", "https://api.mg-rast.org/project/mgp134"], "project_alpha_diversity": {"avg": 871.974358569858, "stdv": 112.948822779448, "min": 725.862256198441, "max": 991.190107545118}, "job_id": 10739}