{"mixs_compliant": 0, "project_alpha_diversity": {"avg": 641.752377404847, "stdv": 35.0016630073723, "min": 539.324720307438, "max": 693.056468271845}, "name": "19LM", "mixs": {"sequence_type": "WGS", "country": "Brazil", "longitude": -55.8357663, "latitude": -11.6832502, "location": "Amazonia", "collection_date": "2010-11-02T11:40:00ERROR tz_hour > 12 in (22)", "seq_method": "454", "env_package_type": "soil", "PI_firstname": "Lucas William", "project_name": "Soybean Rhizosphere from Amazon Soils", "biome": "Tropical and subtropical moist broadleaf forest biome", "PI_lastname": "Mendes", "feature": "agricultural soil", "project_id": "mgp7774", "material": "rhizosphere"}, "sample": ["mgs159790", "https://api.mg-rast.org/sample/mgs159790"], "sequence_type": "WGS", "library": ["mgl159792", "https://api.mg-rast.org/library/mgl159792"], "statistics": {}, "project_metagenomes": ["4477751.3", "4477749.3", "4477755.3", "4477757.3", "4478037.3", "4478030.3", "4477790.3", "4477789.3", "4478936.3", "4478934.3", "4478294.3", "4478292.3", "4478291.3", "4478290.3", "4478283.3", "4478222.3", "4478038.3", "4479311.3", "4478943.3", "4478941.3", "4478940.3", "4478939.3", "4478938.3", "4478937.3"], "md5_checksum": "2e7b2b0594660f68507ce018d84400cd", "project": ["mgp7774", "https://api.mg-rast.org/project/mgp7774"], "metadata": {"project": {"name": "Soybean Rhizosphere from Amazon Soils", "id": "mgp7774", "public": "Soybean Rhizosphere from Amazon Soils", "data": {"organization_address": "Avenida Centenario 303", "PI_organization_country": "Brazil", "organization": "Center for Nuclear Energy in Agriculture CENA-USP", "PI_organization_url": "www.cena.usp.br", "organization_url": "www.cena.usp.br", "project_description": "The selection of the rhizospheric microbial community from the bulk soil reservoir under agricultural management of soybean in Amazon forest soils. [Reference: Mendes LW, Kuramae EE, Navarrete AA, van VEEN JA, Tsai SM. (2014). Taxonomical and functional microbial community selection in soybean rhizosphere. The ISME Journal 8:1577-1587, 2014]", "firstname": "Lucas William", "mgrast_id": "mgp7774", "PI_lastname": "Mendes", "PI_organization_address": "Avenida Centen\u00e1rio 303, CEP 13400-970 Piracicaba-SP", "envo_release": "2013-04-27", "project_funding": "FAPESP", "PI_firstname": "Lucas William", "organization_country": "Brazil", "project_name": "Soybean Rhizosphere from Amazon Soils", "PI_organization": "Center for Nuclear Energy in Agriculture CENA-USP", "lastname": "Mendes", "email": "lucaswmendes@gmail.com", "PI_email": "lucaswmendes@gmail.com"}}, "sample": {"data": {"collection_time": "11:40:00", "sample_name": "19LM", "material": "rhizosphere", "collection_timezone": "UTC-22", "env_package": "soil", "biome": "Tropical and subtropical moist broadleaf forest biome", "feature": "agricultural soil", "longitude": -55.8357663, "location": "Amazonia", "latitude": -11.6832502, "country": "Brazil", "collection_date": "2010-11-02"}, "id": "mgs159790", "name": "19LM"}, "library": {"data": {"investigation_type": "metagenome", "file_checksum": "2e7b2b0594660f68507ce018d84400cd", "metagenome_id": "4478938.3", "file_name": "2011_12_02_EikoKuramae_19_LM_SFF.sff.fasta", "seq_meth": "454", "sample_name": "19LM", "metagenome_name": "19LM"}, "id": "mgl159792", "type": "WGS", "name": "19LM"}, "env_package": {"data": {"env_package": "soil", "sample_name": "19LM"}, "id": "mge159791", "name": "19LM: soil", "type": "soil"}}, "pipeline_parameters": {"filter_ambig": "yes", "m5rna_sims_version": "7", "filter_ln_mult": "1.99", "rna_pid": "97", "aa_pid": "90", "file_type": "fna", "m5nr_annotation_version": "1", "m5nr_sims_version": "7", "filter_ln": "yes", "priority": "never", "screen_indexes": "h_sapiens_asm", "dereplicate": "yes", "m5rna_annotation_version": "1", "bowtie": "no", "prefix_length": "50", "max_ambig": "5", "assembled": "no", "fgs_type": "454"}, "created": "2011-12-14 11:46:30", "owner": "mgu50120", "id": "mgm4478938.3", "version": 1, "job_id": 39368, "pipeline_version": "3.0", "status": "public", "url": "https://api.mg-rast.org/metagenome/mgm4478938.3?verbosity=full"}