{"owner": "mgu347", "job_id": 955, "status": "public", "id": "mgm4441093.3", "name": "US Phosphorus Removing (EBPR) Sludge", "pipeline_parameters": {"m5rna_annotation_version": "1", "filter_ambig": "yes", "m5nr_sims_version": "7", "file_type": "fna", "dereplicate": "yes", "filter_ln": "yes", "max_ambig": "5", "rna_pid": "97", "m5rna_sims_version": "7", "priority": "never", "assembled": "no", "filter_ln_mult": "2.0", "screen_indexes": "h_sapiens", "m5nr_annotation_version": "1", "aa_pid": "90", "prefix_length": "50", "bowtie": "yes", "fgs_type": "454"}, "version": 1, "created": "2008-06-30 19:19:49", "library": ["mgl51646", "https://api.mg-rast.org/library/mgl51646"], "metadata": {"library": {"data": {"seq_meth": "other", "sequences_sequences_filtered": "The reads were screened for vector using cross_match, then trimmed for vector and quality7. Reads shorter than 100 bases after trimming were then excluded", "lib_type": "Plasmid", "sequences_sequences_combined_libraries": "Sequences are from combined libraries", "investigation_type": "metagenome", "file_checksum": "db1619f2f0c5a7f3d25c2c151c5c1051", "metagenome_id": "4441093.3", "gold_id": "Gc01096", "pubmed_id": "16998472", "metagenome_name": "US Phosphorus Removing (EBPR) Sludge"}, "type": "WGS", "id": "mgl51646", "name": "mgl51646"}, "env_package": {"data": {}}, "sample": {"data": {"isol_growth_condt": "16998472", "samp_size": "2 liters", "collection_timezone": "UTC", "geodetic_system": "wgs_84", "samp_mat_process": "DNA extraction", "biome": "sludge", "elevation": 323, "samp_collect_device": "Both Sequence Batch Reactors (SBRs) were seeded from local wastewater treatment plants (Nine Springs Wastewater Treatment Plant in Madison, Wisconsin, and Thornside Sewage Treatment Plant in Queensland, Australia). The SBRs were operated in four cycles of 6 h and the hydraulic residence time and solids residence time were 12 h and 4 d, respectively, for the US SBR and 24 h and 8 days, respectively, for the OZ SBR. DNA was extracted at the end of the anaerobic period. Sludge biomass was collected directly from the US and OZ SBRs at the end of the anaerobic period when polyphosphate inclusions were at their lowest, since polyphosphate interferes with DNA extraction. Frozen sludge was thawed on ice, and 0.25 g (wet weight) aliquots were transferred to 2 mL tubes. Bulk genomic DNA was extracted from the aliquots using a series of enzymatic digestions, followed by phenol-chloroform extraction, essentially as described previously5. Extracts were then suspended in TE (10 mM Tris, 1 mM EDTA, pH 7.6) and digested with RNase A (10 mg L-1 final concentration) at 37 oC for 30 min. The final concentration and purity of DNA were estimated by spectrophotometry at 260 nm and 280 nm. The integrity of extracted DNA was evaluated by agarose gel electrophoresis using standard methods6.", "salinity": "7-7.3", "material": "sludge", "longitude": -89.4, "collection_date": "2004-07-03", "continent": "na", "altitude": 323, "latitude": 43.0667, "location": "Nine Springs Wastwater Treatment Plant, Madison, WI", "country": "United States of America", "feature": "sludge"}, "name": "mgs17426", "id": "mgs17426"}, "project": {"id": "mgp43", "public": "Phosphorus Removing (EBPR) Sludge Community", "name": "Phosphorus Removing (EBPR) Sludge Community", "data": {"PI_organization_address": "Cambridge, MA", "PI_organization": "Massachusetts Institute of Technology", "PI_firstname": "Edward", "project_description": "Enhanced biological phosphorus removal (EBPR) is one of the best-studied microbially mediated industrial processes because of its ecological and economic relevance. Despite this, it is not well understood at the metabolic level. Here we present a metagenomic analysis of two lab-scale EBPR sludges dominated by the uncultured bacterium, \u00e2\u0080\u0098\u00e2\u0080\u0098Candidatus Accumulibacter phosphatis.\u00e2\u0080\u0099\u00e2\u0080\u0099 The analysis sheds light on several controversies in EBPR metabolic models and provides hypotheses explaining the dominance of A. phosphatis in this habitat, its lifestyle outside EBPR and probable cultivation requirements. Comparison of the same species from different EBPR sludges highlights recent evolutionary dynamics in the A. phosphatis genome that could be linked to mechanisms for environmental adaptation.", "project_name": "Phosphorus Removing (EBPR) Sludge Community", "project_funding": "Doe Joint Genome Institute", "PI_lastname": "DeLong", "PI_email": "delong@mit.edu", "ncbi_id": "29435", "PI_organization_country": "USA", "PI_organization_url": "http://web.mit.edu/"}}}, "project_metagenomes": ["4441093.3", "4441092.3"], "mixs_compliant": 0, "project_alpha_diversity": {"stdv": 2.98314720506653, "avg": 548.791498978342, "max": 551.774646183409, "min": 545.808351773276}, "sample": ["mgs17426", "https://api.mg-rast.org/sample/mgs17426"], "statistics": {}, "project": ["mgp43", "https://api.mg-rast.org/project/mgp43"], "sequence_type": "WGS", "mixs": {"env_package_type": "", "seq_method": "other", "PI_lastname": "DeLong", "biome": "sludge", "sequence_type": "WGS", "collection_date": "2004-07-03", "PI_firstname": "Edward", "longitude": -89.4, "material": "sludge", "project_id": "mgp43", "location": "Nine Springs Wastwater Treatment Plant, Madison, WI", "latitude": 43.0667, "feature": "sludge", "country": "United States of America", "project_name": "Phosphorus Removing (EBPR) Sludge Community"}, "pipeline_version": "3.0", "url": "https://api.mg-rast.org/metagenome/mgm4441093.3?verbosity=full", "md5_checksum": "db1619f2f0c5a7f3d25c2c151c5c1051"}