{"mixs": {"country": "Finland", "collection_date": "2008-01-01T12:00:00+0200", "feature": "human-associated habitat", "location": "Turku", "project_id": "mgp265", "sequence_type": "WGS", "env_package_type": "human-gut", "PI_firstname": "Ruth", "material": "feces", "latitude": 60.44925, "biome": "terrestrial biome", "longitude": 22.2592, "seq_method": "illumina", "PI_lastname": "Ley", "project_name": "Host Remodeling of the Gut Microbiome and Metabolic Changes during Pregnancy"}, "id": "mgm4466163.3", "job_id": 25760, "sequence_type": "WGS", "url": "https://api.mg-rast.org/metagenome/mgm4466163.3?verbosity=full", "project_metagenomes": ["4474805.3", "4474369.3", "4474361.3", "4474360.3", "4474359.3", "4474358.3", "4474357.3", "4474355.3", "4474352.3", "4474351.3", "4469858.3", "4467109.3", "4466602.3", "4466296.3", "4466257.3", "4466194.3", "4466188.3", "4466163.3", "4466149.3", "4466148.3"], "name": "1195", "library": ["mgl73303", "https://api.mg-rast.org/library/mgl73303"], "pipeline_version": "3.0", "metadata": {"env_package": {"type": "human-gut", "id": "mge73302", "name": "1195: human-gut", "data": {"host_subject_id": "195", "sample_name": "1195", "body_site": "Gut", "body_product": "Stool", "env_package": "human-gut", "misc_param": "1st trimester", "sex": "Female"}}, "library": {"type": "WGS", "name": "1195", "id": "mgl73303", "data": {"file_checksum": "19f8dec05c5bb33f1810e06de68f98a7", "metagenome_id": "4466163.3", "sample_name": "1195", "investigation_type": "metagenome", "file_name": "1195.txt.fasta", "metagenome_name": "1195", "seq_meth": "illumina"}}, "sample": {"data": {"country": "Finland", "collection_date": "2008-01-01", "collection_time": "12:00:00", "feature": "human-associated habitat", "location": "Turku", "sample_name": "1195", "env_package": "human-gut", "sample_id": "4466163.3", "collection_timezone": "UTC+2", "latitude": 60.44925, "material": "feces", "longitude": 22.2592, "biome": "terrestrial biome", "continent": "europe"}, "id": "mgs73301", "name": "1195"}, "project": {"data": {"PI_organization_address": "Department of Microbiology", "PI_organization": "Cornell University", "PI_firstname": "Ruth", "project_name": "Host Remodeling of the Gut Microbiome and Metabolic Changes during Pregnancy", "PI_email": "rel222@cornell.edu", "PI_lastname": "Ley", "project_description": "Study abstract: Many of the immune and metabolic changes occurring during normal pregnancy also describe metabolic\r\nsyndrome. Gutmicrobiota can cause symptoms of metabolic syndrome in nonpregnant hosts. Here, to explore their role in pregnancy, we characterized fecal bacteria of 91 pregnant women of varying prepregnancy BMIs and gestational diabetes status and their infants. Similarities between infant-mother\r\nmicrobiotas increased with children\u00e2\u0080\u0099s age, and the infant microbiota was unaffected by mother\u00e2\u0080\u0099s health\r\nstatus. Gut microbiota changed dramatically from first (T1) to third (T3) trimesters, with vast expansion\r\nof diversity between mothers, an overall increase in Proteobacteria and Actinobacteria, and reduced richness. T3 stool showed strongest signs of inflammation and energy loss; however, microbiome gene\r\nrepertoires were constant between trimesters. When transferred to germ-free mice, T3 microbiota\r\ninduced greater adiposity and insulin insensitivity compared to T1. Our findings indicate that hostmicrobial\r\ninteractions that impact host metabolism can occur and may be beneficial in pregnancy.", "PI_organization_country": "USA"}, "name": "Host Remodeling of the Gut Microbiome and Metabolic Changes during Pregnancy", "id": "mgp265", "public": "Host Remodeling of the Gut Microbiome and Metabolic Changes during Pregnancy"}}, "md5_checksum": "19f8dec05c5bb33f1810e06de68f98a7", "created": "2011-06-10 13:54:35", "status": "public", "statistics": {}, "sample": ["mgs73301", "https://api.mg-rast.org/sample/mgs73301"], "pipeline_parameters": {"dynamic_trim": "no", "aa_pid": "90", "m5rna_sims_version": "7", "max_lqb": "5", "dereplicate": "yes", "m5nr_annotation_version": "1", "m5nr_sims_version": "7", "min_qual": "15", "file_type": "fastq", "priority": "never", "screen_indexes": "h_sapiens_asm", "fgs_type": "454", "bowtie": "no", "m5rna_annotation_version": "1", "assembled": "no", "rna_pid": "97", "prefix_length": "50"}, "owner": "mgu48302", "project": ["mgp265", "https://api.mg-rast.org/project/mgp265"], "version": 1, "mixs_compliant": 1, "project_alpha_diversity": {"max": 462.24751340632, "min": 86.4402292203556, "avg": 268.384604933894, "stdv": 103.527999839594}}