{"job_id": 45485, "status": "public", "project": ["mgp9847", "https://api.mg-rast.org/project/mgp9847"], "statistics": {}, "pipeline_version": "3.0", "metadata": {"env_package": {"data": {"misc_param": "Neotoma lepida", "sample_name": "4483943.3", "host_common_name": "desert woodrat", "env_package": "host-associated", "body_product": "foregut contents", "host_subject_id": "548", "diet": "control"}, "name": "4483943.3: host-associated", "type": "host-associated", "id": "mge192564"}, "project": {"data": {"PI_email": "kkohl78@gmail.com", "PI_lastname": "Kohl", "project_description": "Metagenomic shotgun sequencing of foregut contents of N. lepida fed either a control diet of high-fiber rabbit chow, or a diet amended with 2% of extracted creosote resin.", "organization_address": "710 McClelland St", "PI_organization_address": "257 South 1400 East", "email": "kkohl78@gmail.com", "lastname": "Kohl", "project_name": "Woodrat_foregut_metagenome_creosote", "PI_organization_country": "USA", "PI_firstname": "Kevin", "organization_country": "United States", "PI_organization": "University of Utah", "firstname": "Kevin", "organization": "University of Utah"}, "public": "Woodrat_foregut_metagenome_creosote", "name": "Woodrat_foregut_metagenome_creosote", "id": "mgp9847"}, "library": {"data": {"seq_meth": "illumina", "sample_name": "4483943.3", "file_name": "8872X4_111216_SN141_0431_AC09W4ACXX_8_ALL.txt.fasta", "investigation_type": "metagenome", "seq_center": "University of Utah Core Facility", "metagenome_id": "4483943.3", "file_checksum": "1171c4bf96cf5def968d37f5fa722ccb", "metagenome_name": "lepida_foregut_548_control_ALL"}, "name": "lepida_foregut_548_control_ALL", "id": "mgl192565", "type": "WGS"}, "sample": {"id": "mgs192563", "name": "4483943.3", "data": {"collection_date": "2011-02-16", "biome": "Deserts and xeric shrubland biome", "country": "USA", "longitude": -111.89105, "env_package": "host-associated", "feature": "organic feature", "collection_timezone": "UTC-7", "material": "chyme", "latitude": 40.76078, "collection_time": "08:20:00", "sample_name": "4483943.3", "location": "Salt Lake City UT"}}}, "version": 1, "sequence_type": "WGS", "pipeline_parameters": {"priority": "never", "bowtie": "yes", "fgs_type": "454", "max_lqb": "5", "min_qual": "15", "file_type": "fastq", "assembled": "no", "m5nr_annotation_version": "1", "m5rna_annotation_version": "1", "screen_indexes": "a_thaliana", "m5nr_sims_version": "7", "m5rna_sims_version": "7", "dereplicate": "yes", "rna_pid": "97", "prefix_length": "50", "dynamic_trim": "yes", "aa_pid": "90"}, "md5_checksum": "1171c4bf96cf5def968d37f5fa722ccb", "mixs_compliant": 1, "id": "mgm4483943.3", "created": "2012-02-24 22:39:49", "url": "https://api.mg-rast.org/metagenome/mgm4483943.3?verbosity=full", "mixs": {"collection_date": "2011-02-16T08:20:00-0700", "PI_lastname": "Kohl", "project_id": "mgp9847", "project_name": "Woodrat_foregut_metagenome_creosote", "seq_method": "illumina", "country": "USA", "PI_firstname": "Kevin", "biome": "Deserts and xeric shrubland biome", "sequence_type": "WGS", "latitude": 40.76078, "feature": "organic feature", "material": "chyme", "longitude": -111.89105, "location": "Salt Lake City UT", "env_package_type": "host-associated"}, "library": ["mgl192565", "https://api.mg-rast.org/library/mgl192565"], "name": "lepida_foregut_548_control_ALL", "project_alpha_diversity": {"max": 797.686510607398, "stdv": 219.457560854748, "min": 0, "avg": 463.36318850334}, "project_metagenomes": ["4486239.3", "4484865.3", "4484859.3", "4484670.3", "4483943.3", "4483883.3", "4483800.3", "4482714.3"], "sample": ["mgs192563", "https://api.mg-rast.org/sample/mgs192563"], "owner": "mgu49909"}