{"md5_checksum": "b31a3c0918ed233a8a07cb2996acde28", "sample": ["mgs268229", "https://api.mg-rast.org/sample/mgs268229"], "library": ["mgl268231", "https://api.mg-rast.org/library/mgl268231"], "status": "public", "project": ["mgp4747", "https://api.mg-rast.org/project/mgp4747"], "id": "mgm4478289.3", "pipeline_parameters": {"assembled": "no", "priority": "never", "rna_pid": "97", "fgs_type": "454", "bowtie": "no", "screen_indexes": "h_sapiens_asm", "max_ambig": "5", "m5rna_annotation_version": "1", "file_type": "fna", "dereplicate": "yes", "filter_ln": "no", "aa_pid": "90", "m5rna_sims_version": "1", "m5nr_annotation_version": "1", "filter_ln_mult": "-13.93", "filter_ambig": "yes", "prefix_length": "50", "m5nr_sims_version": "7"}, "version": 1, "owner": "mgu49827", "job_id": 38047, "url": "https://api.mg-rast.org/metagenome/mgm4478289.3?verbosity=full", "name": "mRNA_Sr", "statistics": {}, "project_alpha_diversity": {"stdv": 317.110157649563, "avg": 570.395555136054, "min": 59.3762830326442, "max": 913.922525876901}, "mixs": {"longitude": 5.663678, "biome": "terrestrial biome", "PI_firstname": "Jos", "env_package_type": "plant-associated", "feature": "field", "material": "rhizosphere", "collection_date": "2009-10-06T09:00:00ERROR timezone has no sign in (1)", "seq_method": "illumina", "sequence_type": "WGS", "latitude": 51.9673749, "PI_lastname": "Raaijmakers", "project_name": "Hoeven metatranscriptome", "country": "Netherlands", "project_id": "mgp4747", "location": "wageningen"}, "pipeline_version": "3.0", "sequence_type": "WGS", "mixs_compliant": 1, "project_metagenomes": ["4481670.3", "4481669.3", "4481668.3", "4481667.3", "4481666.3", "4481665.3", "4477709.3", "4477703.3", "4477702.3", "4478287.3", "4478286.3", "4477704.3", "4479548.3", "4479547.3", "4478289.3", "4477983.3", "4480877.3", "4480797.3", "4480777.3", "4480766.3", "4480765.3", "4480759.3"], "metadata": {"project": {"data": {"PI_email": "jos.raaijmakers@wur.nl", "PI_firstname": "Jos", "organization_country": "Netherlands", "organization_url": "http://www.wageningenur.nl/en/Expertise-Services/Chair-groups/Plant-Sciences/Laboratory-of-Phytopathology/Research/Bacterial-Ecology-Genomics.htm", "organization": "Wageningen University", "PI_lastname": "Raaijmakers", "lastname": "Chapelle", "organization_address": "Droevendaalsesteeg 1, Radix", "firstname": "Emilie", "PI_organization": "Wageningen University", "project_description": "This project aim at comparing the soil metatranscriptome in the rhizosphere of sugarbeet plants grown in a suppressive soil in the presence (Sr) or absence (S) of the fungal pathogen Rhizoctonia solani.\nThe dataset comprises 3 biological replicates (pooled rhizosphere soil from 12 21-days-old sugarbeet plants) of each S and Sr treatments.", "project_name": "Hoeven metatranscriptome", "PI_organization_country": "Netherlands", "email": "emilie.chapelle@wur.nl", "PI_organization_url": "http://www.wageningenur.nl/en/Expertise-Services/Chair-groups/Plant-Sciences/Laboratory-of-Phytopathology/Research/Bacterial-Ecology-Genomics.htm", "project_funding": "NWO / EU", "PI_organization_address": "Droevendaalsesteeg 1, Radix"}, "id": "mgp4747", "name": "Hoeven metatranscriptome", "public": "Hoeven metatranscriptome"}, "env_package": {"name": "Merged mRNA_Sr: plant-associated", "id": "mge268230", "type": "plant-associated", "data": {"fertilizer_regm": "Hoagland macronutrients", "fungicide_regm": "Hymexazol, Thiram seed coating", "phenotype": "diseased", "misc_param_1": "env_package: plant-associated", "host_taxid": "161934", "infra_specific_rank": "Aligator", "env_package": "plant-associated", "air_temp_regm": "22", "plant_body_site": "rhizosphere", "life_stage": "seedling", "host_common_name": "sugarbeet", "age": "21 days", "sample_name": "Merged mRNA_Sr", "disease_stat": "damping off", "climate_environment": "Growthchamber, 70% humidity, 16h daylight"}}, "sample": {"data": {"latitude": 51.9673749, "collection_date": "2009-10-06", "feature": "field", "material": "rhizosphere", "temperature": 22, "biome": "terrestrial biome", "longitude": 5.663678, "env_package": "plant-associated", "continent": "europe", "country": "Netherlands", "ph": 5.8, "collection_time": "9:00:00", "location": "wageningen", "collection_timezone": "UTC1", "sample_name": "Merged mRNA_Sr"}, "id": "mgs268229", "name": "Merged mRNA_Sr"}, "library": {"name": "mRNA_Sr", "id": "mgl268231", "type": "WGS", "data": {"file_checksum": "b31a3c0918ed233a8a07cb2996acde28", "metagenome_name": "mRNA_Sr", "seq_make": "Illumina", "seq_model": "HiSeq", "seq_meth": "illumina", "file_name": "metaSrcl95_0612.fasta", "investigation_type": "metagenome", "sample_name": "Merged mRNA_Sr", "metagenome_id": "4478289.3", "seq_center": "Vertis Biotech, Germany"}}}, "created": "2011-12-07 12:52:11"}