{"created": "2012-01-20 15:17:50", "statistics": {}, "pipeline_version": "3.0", "id": "mgm4480776.3", "library": ["mgl62853", "https://api.mg-rast.org/library/mgl62853"], "pipeline_parameters": {"dereplicate": "no", "screen_indexes": "h_sapiens_asm", "priority": "never", "max_ambig": "5", "aa_pid": "90", "filter_ambig": "yes", "file_type": "fna", "fgs_type": "454", "filter_ln": "yes", "filter_ln_mult": "1.97", "prefix_length": "50", "m5rna_sims_version": "7", "bowtie": "no", "m5nr_sims_version": "7", "m5nr_annotation_version": "1", "rna_pid": "97", "m5rna_annotation_version": "1", "assembled": "no"}, "metadata": {"library": {"id": "mgl62853", "data": {"sample_name": "Beer_CE_Day_56", "file_name": "1d20all_seqs_unique_nodots.fna", "seq_meth": "illumina", "file_checksum": "10300139fd4b532634f228fb53779091", "metagenome_name": "Beer_CE_Day_56", "metagenome_id": "4480776.3", "investigation_type": "metagenome"}, "type": "WGS", "name": "Beer_CE_Day_56"}, "sample": {"id": "mgs62851", "data": {"sample_name": "Beer_CE_Day_56", "env_package": "wastewater|sludge", "collection_timezone": "UTC-5", "temperature": 30, "location": "Ithaca, New York", "longitude": -76.5, "biome": "anaerobic digester sludge", "ph": 5.5, "country": "United States of America", "collection_date": "2011-05-17", "material": "anaerobic digester sludge", "collection_time": "13:00:00", "feature": "anaerobic digester sludge", "latitude": 42.44, "depth": 0}, "name": "Beer_CE_Day_56"}, "env_package": {"id": "mge62852", "data": {"env_package": "wastewater|sludge", "sample_name": "Beer_CE_Day_56", "ph": "5.5", "samp_store_temp": "-80"}, "name": "Beer_CE_Day_56: wastewater|sludge", "type": "wastewater|sludge"}, "project": {"public": "Beer-to-Caproate", "data": {"project_name": "Beer-to-Caproate", "organization_country": "USA", "PI_organization": "Cornell Univeristy", "firstname": "Matthew", "lastname": "Agler", "project_description": "Chain elongation with reactor microbiomes: upgrading dilute ethanol to medium-chain carboxylates", "PI_organization_address": "214 Riley-Robb Hall, Ithaca, NY 14853", "organization_url": "http://angenent.bee.cornell.edu/", "project_funding": "USDA through the National Institutes of Food and Agriculture (NIFA), grant number 2007-35504-05381", "PI_firstname": "Largus", "PI_organization_url": "http://angenent.bee.cornell.edu/", "PI_email": "la249@cornell.edu", "PI_organization_country": "USA", "PI_lastname": "Angenent", "organization": "Cornell University", "email": "matthewtagler@gmail.com", "organization_address": "214 Riley-Robb Hall, Ithaca, NY 14853"}, "id": "mgp397", "name": "Beer-to-Caproate"}}, "owner": "mgu20062", "version": 1, "job_id": 41375, "mixs_compliant": 1, "md5_checksum": "10300139fd4b532634f228fb53779091", "url": "https://api.mg-rast.org/metagenome/mgm4480776.3?verbosity=full", "sample": ["mgs62851", "https://api.mg-rast.org/sample/mgs62851"], "mixs": {"biome": "anaerobic digester sludge", "longitude": -76.5, "location": "Ithaca, New York", "PI_lastname": "Angenent", "seq_method": "illumina", "sequence_type": "WGS", "PI_firstname": "Largus", "latitude": 42.44, "env_package_type": "wastewater|sludge", "material": "anaerobic digester sludge", "collection_date": "2011-05-17T13:00:00-0500", "project_id": "mgp397", "country": "United States of America", "project_name": "Beer-to-Caproate", "feature": "anaerobic digester sludge"}, "project_metagenomes": ["4480867.3", "4480865.3", "4480864.3", "4480863.3", "4480861.3", "4480859.3", "4480858.3", "4480849.3", "4480815.3", "4480776.3", "4480764.3", "4480719.3", "4493574.3", "4493577.3", "4493578.3", "4493579.3", "4493580.3", "4493575.3", "4493576.3"], "project_alpha_diversity": {"stdv": 350.570605652042, "min": 20.0230642565395, "avg": 482.921152331943, "max": 855.684392784736}, "status": "public", "project": ["mgp397", "https://api.mg-rast.org/project/mgp397"], "sequence_type": "WGS", "name": "Beer_CE_Day_56"}