{"version": 1, "sequence_type": "WGS", "pipeline_parameters": {"filter_ln_mult": "-4.17", "m5rna_sims_version": "7", "filter_ln": "no", "filter_ambig": "yes", "screen_indexes": "h_sapiens_asm", "m5nr_sims_version": "7", "assembled": "no", "dereplicate": "yes", "m5nr_annotation_version": "1", "fgs_type": "454", "aa_pid": "90", "rna_pid": "97", "file_type": "fna", "priority": "never", "bowtie": "no", "prefix_length": "50", "m5rna_annotation_version": "1", "max_ambig": "5"}, "url": "https://api.mg-rast.org/metagenome/mgm4470907.3?verbosity=full", "pipeline_version": "3.0", "sample": ["mgs187539", "https://api.mg-rast.org/sample/mgs187539"], "mixs_compliant": 1, "project_metagenomes": ["4470910.3", "4470909.3", "4470908.3", "4470907.3", "4470906.3", "4470905.3", "4470904.3", "4492779.3", "4492778.3", "4492777.3", "4492776.3", "4492775.3", "4492774.3", "4492772.3", "4492771.3", "4492770.3", "4492765.3", "4492763.3", "4492624.3", "4492623.3", "4492620.3", "4492619.3", "4507667.3", "4507668.3", "4507669.3", "4507670.3", "4507672.3", "4507673.3", "4507688.3", "4507689.3", "4507690.3", "4507691.3", "4507777.3", "4507778.3", "4509196.3", "4509197.3", "4509513.3", "4509514.3", "4509515.3", "4509516.3", "4509517.3", "4509518.3", "4509519.3", "4509520.3", "4523100.3", "4523101.3", "4523103.3", "4523104.3", "4524037.3", "4527898.3", "4527899.3", "4527900.3", "4527901.3", "4559933.3", "4559934.3", "4559935.3", "4559936.3", "4564416.3", "4564417.3"], "owner": "mgu49672", "project": ["mgp2360", "https://api.mg-rast.org/project/mgp2360"], "statistics": {}, "name": "Pond6_2010 454 QC Reads", "project_alpha_diversity": {"avg": 443.108947178597, "stdv": 236.932679568181, "min": 36.5201302260894, "max": 907.374663189357}, "id": "mgm4470907.3", "metadata": {"sample": {"name": "Pond6_2010 454 QC Reads", "id": "mgs187539", "data": {"location": "Alberta", "material": "waste water", "depth": 18, "env_package": "wastewater|sludge", "country": "Canada", "collection_date": "2010-07-01", "latitude": 57.02, "longitude": -111.55, "collection_time": "12:00:00", "sample_name": "Pond6_2010 454 QC Reads", "sample_id": "4470907.3", "elevation": 258, "continent": "north america", "biome": "freshwater biome", "feature": "mine tailing", "collection_timezone": "UTC-6"}}, "env_package": {"name": "Pond6_2010 454 QC Reads: wastewater|sludge", "type": "wastewater|sludge", "id": "mge187540", "data": {"sample_name": "Pond6_2010 454 QC Reads", "env_package": "wastewater|sludge"}}, "library": {"id": "mgl187541", "data": {"metagenome_id": "4470907.3", "file_checksum": "52a9f454dae4a28a6aef21e97ba2a0cb", "sample_name": "Pond6_2010 454 QC Reads", "metagenome_name": "Pond6_2010 454 QC Reads", "file_name": "Pond6_2010.seed.fasta", "seq_meth": "454", "seq_center": "McGill Univ", "investigation_type": "metagenome"}, "type": "WGS", "name": "Pond6_2010 454 QC Reads"}, "project": {"data": {"PI_organization_url": "http://www.hydrocarbonmetagenomics.com", "PI_organization_country": "Canada", "project_description": "Metagenomics for Greener Production and Extraction of Hydrocarbon Energy:\r\nCreating Opportunities for Enhanced Recovery with Reduced Environmental Impact", "PI_email": "scaffrey@genomealberta.ca", "PI_organization_address": "Genome Alberta, Calgary, Alberta", "PI_firstname": "Sean", "project_funding": "Genome Canada, Genome Alberta, GenomeBC", "PI_lastname": "Caffrey", "PI_organization": "Genome Alberta", "project_name": "Hydrocarbon Metagenomics Project"}, "public": "Hydrocarbon Metagenomics Project", "id": "mgp2360", "name": "Hydrocarbon Metagenomics Project"}}, "status": "public", "library": ["mgl187541", "https://api.mg-rast.org/library/mgl187541"], "created": "2011-08-22 19:25:30", "mixs": {"biome": "freshwater biome", "feature": "mine tailing", "PI_firstname": "Sean", "sequence_type": "WGS", "project_id": "mgp2360", "longitude": -111.55, "project_name": "Hydrocarbon Metagenomics Project", "PI_lastname": "Caffrey", "collection_date": "2010-07-01T12:00:00-0600", "country": "Canada", "latitude": 57.02, "env_package_type": "wastewater|sludge", "seq_method": "454", "material": "waste water", "location": "Alberta"}, "md5_checksum": "52a9f454dae4a28a6aef21e97ba2a0cb", "job_id": 30504}