{"pipeline_version": "3.0", "mixs_compliant": 0, "mixs": {"PI_lastname": "Tom O Delmont", "location": "Rothamsted", "project_name": "Soil microbial community from Rothamsted, Park Grass (METASOIL project)", "feature": "prairie", "biome": "Temperate grasslands", "PI_firstname": "Tim M Vogel and", "project_id": "mgp405", "env_package_type": "soil", "longitude": 0.222231, "collection_date": "2009-02-01T12:00:00-0000", "latitude": 51.481481, "sequence_type": "WGS", "country": "England", "seq_method": "454", "material": "soil"}, "pipeline_parameters": {"filter_ln_mult": "2.0", "filter_ambig": "yes", "filter_ln": "yes", "aa_pid": "90", "m5rna_annotation_version": "1", "m5nr_sims_version": "7", "max_ambig": "5", "rna_pid": "97", "assembled": "no", "screen_indexes": "h_sapiens", "bowtie": "yes", "priority": "never", "file_type": "fna", "dereplicate": "yes", "fgs_type": "454", "m5rna_sims_version": "7", "prefix_length": "50", "m5nr_annotation_version": "1"}, "name": "METASOIL F2a Rothamsted 2009 February 0-21cm Indirect MPBIO1O1", "sample": ["mgs109306", "https://api.mg-rast.org/sample/mgs109306"], "project": ["mgp405", "https://api.mg-rast.org/project/mgp405"], "project_metagenomes": ["4453261.3", "4453247.3", "4453246.3", "4453254.3", "4453256.3", "4453257.3", "4453274.3", "4453406.3", "4453407.3", "4453433.3", "4453434.3", "4453435.3", "4453436.3"], "statistics": {}, "version": 1, "status": "public", "project_alpha_diversity": {"min": 540.408521458922, "stdv": 28.9576263798265, "avg": 603.087339105196, "max": 650.454442800207}, "id": "mgm4453247.3", "sequence_type": "WGS", "owner": "mgu11652", "md5_checksum": "a96a54a5b35e1c10581a189354dd8f07", "url": "https://api.mg-rast.org/metagenome/mgm4453247.3?verbosity=full", "library": ["mgl109308", "https://api.mg-rast.org/library/mgl109308"], "job_id": 12846, "created": "2010-12-03 17:55:08", "metadata": {"project": {"data": {"lastname": "Delmont", "organization": "Ecole centrale de Lyon", "PI_organization_address": "Ecully", "firstname": "Tom", "mgrast_id": "mgp405", "PI_firstname": "Tim M Vogel and", "project_name": "Soil microbial community from Rothamsted, Park Grass (METASOIL project)", "PI_email": "timothy.vogel@ec-lyon.fr", "project_description": "Metagenomic analyse of soil microbial communities from Rothamsted, UK.\nRelated article on http://www.ncbi.nlm.nih.gov/pubmed/22297556.\nMore information (including Metadata) on the project at http://www.genomenviron.org/Projects/METASOIL.html", "project_funding": "French National Research Agency (ANR) Projet ANR-08-GENM-025", "email": "tomdelmont@hotmail.fr", "PI_organization": "Ecole centrale de Lyon", "PI_lastname": "Tom O Delmont", "PI_organization_country": "France"}, "public": "Soil microbial community from Rothamsted, Park Grass (METASOIL project)", "id": "mgp405", "name": "Soil microbial community from Rothamsted, Park Grass (METASOIL project)"}, "env_package": {"name": "METASOIL F2a Rothamsted 2009 February 0-21cm Indirect MPBIO1O1: soil", "type": "soil", "id": "mge109307", "data": {"env_package": "soil", "sample_name": "METASOIL F2a Rothamsted 2009 February 0-21cm Indirect MPBIO1O1"}}, "library": {"name": "METASOIL F2a Rothamsted 2009 February 0-21cm Indirect MPBIO1O1", "type": "WGS", "id": "mgl109308", "data": {"file_checksum": "a96a54a5b35e1c10581a189354dd8f07", "seq_meth": "454", "sample_name": "METASOIL F2a Rothamsted 2009 February 0-21cm Indirect MPBIO1O1", "investigation_type": "metagenome", "metagenome_name": "METASOIL F2a Rothamsted 2009 February 0-21cm Indirect MPBIO1O1", "metagenome_id": "4453247.3"}}, "sample": {"id": "mgs109306", "name": "METASOIL F2a Rothamsted 2009 February 0-21cm Indirect MPBIO1O1", "data": {"latitude": 51.481481, "country": "England", "collection_timezone": "UTC-0", "material": "soil", "biome": "Temperate grasslands", "feature": "prairie", "longitude": 0.222231, "collection_date": "2009-02-01", "collection_time": "12:00:00", "sample_name": "METASOIL F2a Rothamsted 2009 February 0-21cm Indirect MPBIO1O1", "env_package": "soil", "location": "Rothamsted"}}}}