{"name": "Rice rhizosphere", "sample": ["mgs89886", "https://api.mg-rast.org/sample/mgs89886"], "id": "mgm4449956.3", "status": "public", "mixs": {"PI_firstname": "Julia", "collection_date": "2009-03-26T10:30:00Z", "country": "Philippines", "biome": "terrestrial biome", "seq_method": "454", "project_name": "phyllosphere microbiota", "PI_lastname": "Vorholt", "feature": "plant-associated habitat", "latitude": 14.1387, "project_id": "mgp2766", "location": "Los Banos", "env_package_type": "plant-associated", "material": "organic material", "sequence_type": "WGS", "longitude": 121.26159}, "sequence_type": "WGS", "statistics": {}, "project_alpha_diversity": {"avg": 502.647299646245, "stdv": 212.830291281394, "min": 193.34187653764, "max": 844.452994475048}, "library": ["mgl89888", "https://api.mg-rast.org/library/mgl89888"], "metadata": {"library": {"id": "mgl89888", "name": "Rice rhizosphere", "data": {"seq_meth": "454", "sample_name": "Rice rhizosphere", "file_checksum": "9d73359dfa9c0397867c53f972abac22", "metagenome_name": "Rice rhizosphere", "investigation_type": "metagenome", "metagenome_id": "4449956.3"}, "type": "WGS"}, "sample": {"data": {"biotic_relationship": "free-living", "biome": "terrestrial biome", "collection_time": "10:30:00", "sample_name": "Rice rhizosphere", "collection_date": "2009-03-26", "country": "Philippines", "env_package": "plant-associated", "collection_timezone": "UTC", "location": "Los Banos", "material": "organic material", "longitude": 121.26159, "feature": "plant-associated habitat", "elevation": 39, "experimental_factor": "sampling site", "continent": "asia", "latitude": 14.1387}, "id": "mgs89886", "name": "Rice rhizosphere"}, "env_package": {"name": "Rice rhizosphere: plant-associated", "id": "mge89887", "type": "plant-associated", "data": {"env_package": "plant-associated", "sample_name": "Rice rhizosphere"}}, "project": {"data": {"PI_firstname": "Julia", "organization": "VIB", "PI_organization_address": "Zurich", "PI_email": "julia.vorholt@micro.biol.ethz.ch", "PI_organization_country": "Switzerland", "lastname": "Chaffron", "email": "samuel.chaffron@vub.ac.be", "project_description": "- Phyllosphere and Rhizosphere microbiota metagenomes from various plants (soybean, clover, arabidopsis and rice)", "firstname": "Samuel", "project_name": "phyllosphere microbiota", "PI_lastname": "Vorholt", "PI_organization_url": "http://www.ethz.ch/", "mgrast_id": "mgp2766", "organization_url": "http://www.vib.be/", "organization_country": "Belgium", "PI_organization": "ETH Zurich", "organization_address": "Brussels"}, "public": "phyllosphere microbiota", "id": "mgp2766", "name": "phyllosphere microbiota"}}, "url": "https://api.mg-rast.org/metagenome/mgm4449956.3?verbosity=full", "pipeline_parameters": {"bowtie": "yes", "file_type": "fna", "screen_indexes": "h_sapiens", "priority": "never", "max_ambig": "5", "filter_ambig": "yes", "aa_pid": "90", "rna_pid": "97", "m5nr_annotation_version": "1", "prefix_length": "50", "dereplicate": "yes", "assembled": "no", "m5rna_sims_version": "7", "m5nr_sims_version": "7", "m5rna_annotation_version": "1", "filter_ln": "yes", "fgs_type": "454", "filter_ln_mult": "2.0"}, "owner": "mgu952", "mixs_compliant": 1, "version": 1, "created": "2010-07-21 14:17:49", "md5_checksum": "9d73359dfa9c0397867c53f972abac22", "job_id": 9673, "pipeline_version": "3.0", "project": ["mgp2766", "https://api.mg-rast.org/project/mgp2766"], "project_metagenomes": ["4450328.3", "4449956.3", "4447810.3", "4447811.3", "4441205.3"]}