{"status": "public", "pipeline_version": "3.0", "job_id": 5636, "project_metagenomes": ["4445736.3"], "md5_checksum": "21ed4b964d58e845b4564f8cf0e099e6", "name": "PhagesSub3Day30", "project": ["mgp486", "https://api.mg-rast.org/project/mgp486"], "pipeline_parameters": {"fgs_type": "454", "m5rna_annotation_version": "1", "prefix_length": "50", "filter_ln": "yes", "assembled": "no", "rna_pid": "97", "filter_ambig": "yes", "filter_ln_mult": "2.0", "bowtie": "yes", "screen_indexes": "h_sapiens", "dereplicate": "yes", "aa_pid": "90", "m5rna_sims_version": "7", "m5nr_annotation_version": "1", "priority": "never", "m5nr_sims_version": "7", "max_ambig": "5", "file_type": "fna"}, "mixs_compliant": 1, "sample": ["mgs15590", "https://api.mg-rast.org/sample/mgs15590"], "metadata": {"project": {"name": "Project for: PhagesSub3Day30", "data": {"firstname": "David", "administrative-contact_PI_firstname": "David", "email": "pridedt9@gmail.com", "project_name": "Saliva Virome", "administrative-contact_PI_lastname": "Pride", "administrative-contact_PI_organization_country": "United States of America", "organization_country": "United States of America", "lastname": "Pride", "project_description": "Analysis of saliva viromes", "administrative-contact_PI_email": "pridedt9@gmail.com"}, "id": "mgp486", "public": "Project for: PhagesSub3Day30"}, "env_package": {"type": "human-associated", "data": {"age": "36 ; Second", "env_package": "human-associated", "host_subject_id": "3", "profile_rating_demo 2": "bronze", "sex": "Male"}, "name": "mge48967", "id": "mge48967"}, "sample": {"id": "mgs15590", "data": {"material": "human-associated habitat", "latitude": 32.9, "collection_date": "2008-06-01", "biome": "human-associated habitat", "longitude": -117.2, "location": "California", "continent": "north_america", "collection_timezone": "UTC", "isol_growth_condt": "22158393", "collection_time": "12:00:00", "env_package": "human-associated", "country": "United States of America", "feature": "human-associated habitat"}, "name": "mgs15590"}, "library": {"id": "mgl48966", "type": "WGS", "data": {"file_checksum": "21ed4b964d58e845b4564f8cf0e099e6", "pubmed_id": "22158393", "seq_meth": "454", "investigation_type": "metagenome", "metagenome_id": "4445736.3", "metagenome_name": "PhagesSub3Day30"}, "name": "mgl48966"}}, "id": "mgm4445736.3", "library": ["mgl48966", "https://api.mg-rast.org/library/mgl48966"], "project_alpha_diversity": {"avg": 143.667710139432, "min": 143.667710139432, "stdv": 0, "max": 143.667710139432}, "owner": "mgu13502", "sequence_type": "WGS", "url": "https://api.mg-rast.org/metagenome/mgm4445736.3?verbosity=full", "statistics": {}, "created": "2009-12-04 02:48:13", "mixs": {"biome": "human-associated habitat", "collection_date": "2008-06-01T12:00:00Z", "longitude": -117.2, "PI_firstname": null, "location": "California", "env_package_type": "human-associated", "country": "United States of America", "sequence_type": "WGS", "feature": "human-associated habitat", "PI_lastname": null, "project_name": "Project for: PhagesSub3Day30", "material": "human-associated habitat", "project_id": "mgp486", "latitude": 32.9, "seq_method": "454"}, "version": 1}