{"project": ["mgp2766", "https://api.mg-rast.org/project/mgp2766"], "job_id": 7622, "id": "mgm4447810.3", "version": 1, "owner": "mgu952", "url": "https://api.mg-rast.org/metagenome/mgm4447810.3?verbosity=full", "name": "A.thaliana phyllosphere", "md5_checksum": "6290534f4c98bf2d1ad418d2c86be2e6", "project_alpha_diversity": {"avg": 502.647299646245, "stdv": 212.830291281394, "min": 193.34187653764, "max": 844.452994475048}, "project_metagenomes": ["4450328.3", "4449956.3", "4447810.3", "4447811.3", "4441205.3"], "library": ["mgl89891", "https://api.mg-rast.org/library/mgl89891"], "sample": ["mgs89889", "https://api.mg-rast.org/sample/mgs89889"], "sequence_type": "WGS", "mixs": {"location": "Ciruelos de Coca", "feature": "plant-associated habitat", "env_package_type": "plant-associated", "collection_date": "2007-03-28T10:30:00Z", "project_name": "phyllosphere microbiota", "biome": "terrestrial biome", "country": "Spain", "project_id": "mgp2766", "PI_firstname": "Julia", "material": "organic material", "seq_method": "454", "PI_lastname": "Vorholt", "sequence_type": "WGS", "longitude": -4.54556, "latitude": 41.21333}, "pipeline_parameters": {"filter_ln": "yes", "assembled": "no", "file_type": "fna", "aa_pid": "90", "filter_ambig": "yes", "m5nr_annotation_version": "1", "m5rna_annotation_version": "1", "priority": "never", "bowtie": "yes", "m5nr_sims_version": "7", "screen_indexes": "h_sapiens", "rna_pid": "97", "filter_ln_mult": "2.0", "m5rna_sims_version": "7", "fgs_type": "454", "dereplicate": "yes", "prefix_length": "50", "max_ambig": "5"}, "pipeline_version": "3.0", "created": "2010-04-26 08:23:52", "metadata": {"sample": {"name": "A.thaliana phyllosphere", "data": {"continent": "europe", "location": "Ciruelos de Coca", "feature": "plant-associated habitat", "collection_time": "10:30:00", "collection_date": "2007-03-28", "experimental_factor": "organism", "elevation": 787, "biome": "terrestrial biome", "country": "Spain", "sample_name": "A.thaliana phyllosphere", "material": "organic material", "collection_timezone": "UTC", "env_package": "plant-associated", "longitude": -4.54556, "latitude": 41.21333, "biotic_relationship": "free-living"}, "id": "mgs89889"}, "library": {"type": "WGS", "data": {"sample_name": "A.thaliana phyllosphere", "metagenome_id": "4447810.3", "metagenome_name": "A.thaliana phyllosphere", "seq_meth": "454", "investigation_type": "metagenome", "file_checksum": "6290534f4c98bf2d1ad418d2c86be2e6"}, "name": "A.thaliana phyllosphere", "id": "mgl89891"}, "project": {"name": "phyllosphere microbiota", "data": {"PI_lastname": "Vorholt", "mgrast_id": "mgp2766", "lastname": "Chaffron", "firstname": "Samuel", "PI_organization_address": "Zurich", "PI_firstname": "Julia", "organization_url": "http://www.vib.be/", "project_name": "phyllosphere microbiota", "organization_country": "Belgium", "PI_organization_country": "Switzerland", "PI_email": "julia.vorholt@micro.biol.ethz.ch", "organization": "VIB", "project_description": "- Phyllosphere and Rhizosphere microbiota metagenomes from various plants (soybean, clover, arabidopsis and rice)", "PI_organization": "ETH Zurich", "email": "samuel.chaffron@vub.ac.be", "organization_address": "Brussels", "PI_organization_url": "http://www.ethz.ch/"}, "public": "phyllosphere microbiota", "id": "mgp2766"}, "env_package": {"data": {"env_package": "plant-associated", "sample_name": "A.thaliana phyllosphere"}, "name": "A.thaliana phyllosphere: plant-associated", "type": "plant-associated", "id": "mge89890"}}, "status": "public", "mixs_compliant": 1, "statistics": {}}