{"job_id": 12989, "sample": ["mgs104039", "https://api.mg-rast.org/sample/mgs104039"], "project_metagenomes": ["4454704.3", "4454702.3", "4454703.3", "4454701.3", "4454700.3", "4454699.3", "4454697.3", "4454698.3", "4454696.3", "4454694.3", "4454695.3", "4454693.3", "4454692.3", "4454691.3", "4454689.3", "4454688.3", "4454687.3", "4454686.3", "4454506.3", "4454505.3", "4454504.3", "4454503.3", "4454502.3", "4454501.3", "4453382.3", "4453381.3", "4453380.3", "4453379.3", "4453376.3", "4453375.3"], "status": "public", "id": "mgm4453382.3", "sequence_type": "WGS", "project": ["mgp1929", "https://api.mg-rast.org/project/mgp1929"], "name": "GB Site 34-2", "project_alpha_diversity": {"stdv": 233.227285865519, "max": 871.556007565905, "min": 154.271793800226, "avg": 462.159589296933}, "statistics": {}, "library": ["mgl104041", "https://api.mg-rast.org/library/mgl104041"], "created": "2010-12-10 13:32:23", "metadata": {"library": {"name": "GB Site 34-2", "data": {"metagenome_name": "GB Site 34-2", "investigation_type": "metagenome", "seq_meth": "454", "file_checksum": "a5df8c34c5839d39ffe444e2346f867e", "metagenome_id": "4453382.3", "sample_name": "GB Site 34-2", "seq_url": "http://www.labinfo.lncc.br/", "seq_center": "LNCC"}, "id": "mgl104041", "type": "WGS"}, "env_package": {"type": "water", "id": "mge104040", "name": "GB Site 34-2: water", "data": {"env_package": "water", "misc_param_1": "env_package: water", "chlorophyll": "273.98\u00b5M", "silicate": "29.93\u00b5M", "nitrate": "<0.05\u00b5M", "phosphate": "11.88\u00b5M", "ammonium": "18.11\u00b5M", "sample_name": "GB Site 34-2", "tot_phosp": "20.69\u00b5M", "salinity": "17.93", "tot_nitro": "640.54\u00b5M", "nitrite": "2.27\u00b5M"}}, "project": {"name": "Guanabara Bay Metagenome", "data": {"PI_organization": "Federal University of Rio de Janeiro (UFRJ)", "PI_organization_address": "Rio de Janeiro", "organization_address": "Rio de Janeiro", "project_name": "Guanabara Bay Metagenome", "project_funding": "CNPq/CAPES/FAPERJ", "PI_firstname": "Fabiano", "email": "gustavo_biomed@yahoo.com", "PI_lastname": "Thompson", "organization_country": "Brazil", "PI_email": "fabiano.thompson@biologia.ufrj.br", "lastname": "Gregoracci", "mgrast_id": "mgp1929", "firstname": "Gustavo", "project_description": "Metagenomic snapshots of the Guanabara Bay, Rio de Janeiro, Brazil for the description of the microbial structure in complementation of the ecological survey", "PI_organization_country": "Brazil", "organization": "Federal University of Rio de Janeiro (UFRJ)"}, "id": "mgp1929", "public": "Guanabara Bay Metagenome"}, "sample": {"data": {"longitude": -43.246569, "feature": "ocean", "depth": 1, "country": "Brazil", "material": "coastal water", "latitude": -22.830467, "collection_time": "10:30:00", "sample_name": "GB Site 34-2", "biome": "estuarine biome", "location": "Rio de Janeiro", "env_package": "water", "continent": "south america", "collection_date": "2010-02-23", "collection_timezone": "UTC-3", "temperature": 19}, "name": "GB Site 34-2", "id": "mgs104039"}}, "pipeline_version": "3.0", "mixs": {"PI_firstname": "Fabiano", "project_id": "mgp1929", "country": "Brazil", "seq_method": "454", "material": "coastal water", "env_package_type": "water", "longitude": -43.246569, "project_name": "Guanabara Bay Metagenome", "feature": "ocean", "sequence_type": "WGS", "biome": "estuarine biome", "location": "Rio de Janeiro", "collection_date": "2010-02-23T10:30:00-0300", "latitude": -22.830467, "PI_lastname": "Thompson"}, "mixs_compliant": 0, "md5_checksum": "a5df8c34c5839d39ffe444e2346f867e", "owner": "mgu9202", "url": "https://api.mg-rast.org/metagenome/mgm4453382.3?verbosity=full", "pipeline_parameters": {"max_ambig": "5", "fgs_type": "454", "filter_ambig": "yes", "assembled": "no", "m5nr_annotation_version": "1", "bowtie": "yes", "file_type": "fna", "m5rna_sims_version": "7", "screen_indexes": "h_sapiens", "m5nr_sims_version": "7", "rna_pid": "97", "priority": "never", "aa_pid": "90", "prefix_length": "50", "dereplicate": "yes", "m5rna_annotation_version": "1", "filter_ln": "yes", "filter_ln_mult": "2.0"}, "version": 1}