{"pipeline_parameters": {"screen_indexes": "h_sapiens_asm", "max_lqb": "5", "m5nr_annotation_version": "1", "assembled": "no", "dereplicate": "yes", "file_type": "fastq", "fgs_type": "454", "prefix_length": "50", "m5rna_sims_version": "7", "min_qual": "15", "priority": "never", "rna_pid": "97", "bowtie": "no", "m5nr_sims_version": "7", "aa_pid": "90", "m5rna_annotation_version": "1", "dynamic_trim": "no"}, "owner": "mgu50419", "name": "Low pH forward", "project_metagenomes": ["4482593.3", "4483544.3", "4482599.3", "4483820.3", "4482600.3", "4483819.3"], "project_alpha_diversity": {"max": 828.99843176878, "min": 733.69228073145, "avg": 772.199923322197, "stdv": 34.3719782224206}, "mixs": {"country": "Canada", "latitude": 64.86667, "PI_lastname": "Verastegui", "collection_date": "2010-05-09T10:00:00-0700", "biome": "Tundra biome", "seq_method": "illumina", "feature": "tundra", "longitude": -111.58333, "project_name": "Enriched soil metagenomes for Glycoside Hydrolases", "project_id": "mgp8744", "material": "soil", "location": "Daring Lake, NWT", "env_package_type": "miscellaneous", "PI_firstname": "Yris", "sequence_type": "WGS"}, "pipeline_version": "3.0", "status": "public", "sequence_type": "WGS", "metadata": {"library": {"type": "WGS", "data": {"file_name": "sample5.fastq.fasta", "file_checksum": "31a638065af3c7bdb4b4684ae06d7019", "investigation_type": "metagenome", "metagenome_name": "Low pH forward", "metagenome_id": "4482593.3", "seq_meth": "illumina", "sample_name": "Low pH forward"}, "id": "mgl184006", "name": "Low pH forward"}, "sample": {"data": {"material": "soil", "location": "Daring Lake, NWT", "collection_time": "10:00:00", "collection_timezone": "UTC-7", "sample_name": "Low pH forward", "country": "Canada", "latitude": 64.86667, "collection_date": "2010-05-09", "sample_strategy": "enriched", "biome": "Tundra biome", "sample_id": "CM2BL_LowpH_1AT_7TR_Fwd", "feature": "tundra", "env_package": "miscellaneous", "longitude": -111.58333}, "id": "mgs184004", "name": "Low pH forward"}, "project": {"name": "Enriched soil metagenomes for Glycoside Hydrolases", "id": "mgp8744", "data": {"PI_organization_address": "200 University Av. W. Waterloo, ON,N2L3G1", "PI_organization_url": "www.uwaterloo.ca", "PI_organization": "University of Waterloo", "PI_firstname": "Yris", "project_description": "Tundra, temperate rainforest and Agricultural soils amended with glucose, cellobiose, arabinose, xylose and cellulose to target novel glycosyl hudrolases.", "project_funding": "NSERC", "PI_organization_country": "Canada", "PI_lastname": "Verastegui", "PI_email": "yrisverastegui@yahoo.com", "project_name": "Enriched soil metagenomes for Glycosyde Hydrolases"}, "public": "Enriched soil metagenomes for Glycoside Hydrolases"}, "env_package": {"name": "Low pH forward: miscellaneous", "id": "mge184005", "data": {"sample_name": "Low pH forward", "env_package": "miscellaneous"}, "type": "miscellaneous"}}, "library": ["mgl184006", "https://api.mg-rast.org/library/mgl184006"], "id": "mgm4482593.3", "version": 1, "md5_checksum": "31a638065af3c7bdb4b4684ae06d7019", "job_id": 44135, "mixs_compliant": 1, "project": ["mgp8744", "https://api.mg-rast.org/project/mgp8744"], "url": "https://api.mg-rast.org/metagenome/mgm4482593.3?verbosity=full", "sample": ["mgs184004", "https://api.mg-rast.org/sample/mgs184004"], "statistics": {}, "created": "2012-02-13 17:57:39"}