{"project_alpha_diversity": {"max": 1003.45925609468, "avg": 523.207609404706, "stdv": 244.236857959192, "min": 225.128859828708}, "metadata": {"env_package": {"id": "mge389256", "type": "water", "data": {"env_package": "water", "sample_name": "1AnaPaula_PE18"}, "name": "1AnaPaula_PE18: water"}, "project": {"data": {"lastname": "Ana Paula", "envo_release": "2013-04-27", "PI_lastname": "B. Moreira", "PI_organization_country": "Brazil", "project_funding": "CNPq", "organization_country": "Brazil", "PI_firstname": "Ana Paula", "firstname": "Ana Paula", "PI_email": "anapaula.biomar.ufrj@gmail.com", "email": "anapaula.biomar.ufrj@gmail.com", "project_name": "The influence of global climatic changes over the vitality of corals from St Peter and St Paul Archipelago", "PI_organization": "UFRJ", "organization_address": "Av. Carlos Chagas Fo., 373", "project_description": "Sub-project: Coral diseases in St. Peter & St. Paul Archipelago, unraveling the roles of pathogens and vectors", "organization": "UFRJ", "PI_organization_address": "Av. Carlos Chagas Fo., 373"}, "name": "The influence of global climatic changes over the vitality of corals from St Peter and St Paul Archipelago", "public": "The influence of global climatic changes over the vitality of corals from St Peter and St Paul Archipelago", "id": "mgp3395"}, "sample": {"name": "1AnaPaula_PE18", "data": {"collection_time": "09:00:00", "collection_date": "2010-09-18", "longitude": -29.3666666666667, "env_package": "water", "latitude": 0.933333333333333, "sample_name": "1AnaPaula_PE18", "biome": "oceanic epipelagic zone biome", "material": "sea water", "country": "Brazil", "feature": "archipelago", "location": "St Peter and  St Paul Archipelago", "collection_timezone": "UTC-2"}, "id": "mgs389255"}, "library": {"name": "AnaPaula_PE18-1", "data": {"file_name": "AP_PE18_1.fasta", "metagenome_id": "4463927.3", "metagenome_name": "AnaPaula_PE18-1", "seq_meth": "pyrosequencing", "investigation_type": "metagenome", "file_checksum": "9db20737c9d5afc599c93314b716bc0d", "sample_name": "1AnaPaula_PE18"}, "type": "WGS", "id": "mgl389257"}}, "mixs_compliant": 0, "statistics": {}, "created": "2011-05-19 16:17:36", "mixs": {"env_package_type": "water", "PI_firstname": "Ana Paula", "seq_method": "pyrosequencing", "sequence_type": "WGS", "location": "St Peter and  St Paul Archipelago", "feature": "archipelago", "country": "Brazil", "biome": "oceanic epipelagic zone biome", "latitude": 0.933333333333333, "material": "sea water", "PI_lastname": "B. Moreira", "longitude": -29.3666666666667, "project_id": "mgp3395", "collection_date": "2010-09-18T09:00:00-0200", "project_name": "The influence of global climatic changes over the vitality of corals from St Peter and St Paul Archipelago"}, "pipeline_parameters": {"prefix_length": "50", "filter_ambig": "yes", "dereplicate": "yes", "m5nr_annotation_version": "1", "fgs_type": "454", "aa_pid": "90", "m5rna_annotation_version": "1", "assembled": "no", "file_type": "fna", "max_ambig": "5", "priority": "never", "filter_ln": "yes", "filter_ln_mult": "1.99", "m5nr_sims_version": "7", "bowtie": "no", "rna_pid": "97", "m5rna_sims_version": "7", "screen_indexes": "h_sapiens_asm"}, "pipeline_version": "3.0", "id": "mgm4463927.3", "owner": "mgu40632", "job_id": 23524, "status": "public", "project": ["mgp3395", "https://api.mg-rast.org/project/mgp3395"], "url": "https://api.mg-rast.org/metagenome/mgm4463927.3?verbosity=full", "version": 1, "name": "AnaPaula_PE18-1", "library": ["mgl389257", "https://api.mg-rast.org/library/mgl389257"], "sample": ["mgs389255", "https://api.mg-rast.org/sample/mgs389255"], "project_metagenomes": ["4513635.3", "4513642.3", "4584423.3", "4584424.3", "4461594.3", "4463932.3", "4463930.3", "4468639.3", "4463927.3", "4461593.3", "4463933.3", "4463931.3", "4463928.3", "4463926.3", "4463925.3", "4486661.3", "4486665.3", "4486669.3", "4486662.3", "4486667.3", "4486668.3", "4486664.3", "4486663.3", "4486666.3", "4463929.3"], "md5_checksum": "9db20737c9d5afc599c93314b716bc0d", "sequence_type": "WGS"}