{"created": "2011-06-02 15:46:47", "metadata": {"library": {"type": "WGS", "name": "LJN_limpio", "id": "mgl99633", "data": {"file_checksum": "af607f72a9a85b95f4e44b706bebec2a", "seq_meth": "pyrosequencing", "investigation_type": "metagenome", "file_name": "Fasta_N_buenas_limpia_ordenada.fa", "metagenome_name": "UOF_454", "sample_name": "4465556.3", "metagenome_id": "4465556.3"}}, "sample": {"id": "mgs99631", "data": {"env_package": "soil", "ph": 6.1, "latitude": 36.96971, "continent": "europe", "depth": 0.25, "material": "mountain forest soil", "collection_timezone": "UTC1", "collection_date": "2008-04-29", "longitude": -3.46027, "sample_name": "4465556.3", "collection_time": "12:00:00", "biome": "Mediterranean forests, woodlands, and shrub biome", "country": "Spain", "location": "Sierra Nevada National Park, Granada, Spain", "altitude": 1794, "feature": "Forest", "sample_id": "LJN_limpio"}, "name": "4465556.3"}, "env_package": {"type": "soil", "name": "4465556.3: soil", "id": "mge99632", "data": {"env_package": "soil", "sample_name": "4465556.3"}}, "project": {"id": "mgp3608", "data": {"project_funding": "Junta de Andalucia Project P08-CVI-03549 and Parques Nacionales Project OAPN 021/2007", "organization": "EEZ \u2013 CSIC", "PI_organization_url": "www.eez.csic.es", "email": "antonio.fernandez@eez.csic.es", "PI_lastname": "Fernandez-Lopez", "organization_address": "Calle Profesor Albareda, 1 18008 \u2013 Granada", "project_name": "Fire at Holm-Oak Rhizosphere", "PI_organization": "EEZ \u2013 CSIC", "PI_firstname": "Manuel", "organization_country": "Spain", "firstname": "Antonio", "PI_organization_country": "Spain", "PI_organization_address": "Calle Profesor Albareda, 1 18008 \u2013 Granada", "project_description": "Analysis of the 2005 Wildfire effect on the rhizosphere of Holm-Oak 32 months later", "ncbi_id": "PRJNA188483", "PI_email": "manuel.fernandez@eez.csic.es", "organization_url": "www.eez.csic.es", "lastname": "Fernandez-Gonzalez"}, "name": "Fire at Holm-Oak Rhizosphere", "public": "Fire at Holm-Oak Rhizosphere"}}, "pipeline_parameters": {"rna_pid": "97", "bowtie": "no", "m5nr_sims_version": "7", "prefix_length": "50", "m5rna_annotation_version": "1", "aa_pid": "90", "priority": "never", "filter_ln_mult": "-3.53", "assembled": "no", "max_ambig": "5", "file_type": "fna", "dereplicate": "no", "m5rna_sims_version": "7", "screen_indexes": "h_sapiens_asm", "m5nr_annotation_version": "1", "filter_ln": "no", "fgs_type": "454", "filter_ambig": "no"}, "sequence_type": "WGS", "library": ["mgl99633", "https://api.mg-rast.org/library/mgl99633"], "version": 1, "project": ["mgp3608", "https://api.mg-rast.org/project/mgp3608"], "job_id": 25153, "name": "UOF_454", "pipeline_version": "3.0", "project_metagenomes": ["4465558.3", "4465556.3"], "owner": "mgu13042", "mixs_compliant": 0, "mixs": {"location": "Sierra Nevada National Park, Granada, Spain", "feature": "Forest", "country": "Spain", "biome": "Mediterranean forests, woodlands, and shrub biome", "project_id": "mgp3608", "env_package_type": "soil", "seq_method": "pyrosequencing", "material": "mountain forest soil", "project_name": "Fire at Holm-Oak Rhizosphere", "sequence_type": "WGS", "PI_lastname": "Fernandez-Lopez", "longitude": -3.46027, "collection_date": "2008-04-29T12:00:00ERROR timezone has no sign in (1)", "latitude": 36.96971, "PI_firstname": "Manuel"}, "statistics": {}, "project_alpha_diversity": {"min": 621.136238630828, "max": 715.305532534883, "avg": 668.220885582856, "stdv": 47.0846469520275}, "id": "mgm4465556.3", "url": "https://api.mg-rast.org/metagenome/mgm4465556.3?verbosity=full", "md5_checksum": "af607f72a9a85b95f4e44b706bebec2a", "status": "public", "sample": ["mgs99631", "https://api.mg-rast.org/sample/mgs99631"]}