{"owner": "mgu38692", "id": "mgm4485400.3", "md5_checksum": "6ac60b45b6c9b0b9cf99b3865bb53946", "project": ["mgp1008", "https://api.mg-rast.org/project/mgp1008"], "metadata": {"library": {"type": "WGS", "id": "mgl264166", "data": {"sample_name": "181", "metagenome_name": "181", "file_checksum": "6ac60b45b6c9b0b9cf99b3865bb53946", "investigation_type": "metagenome", "file_name": "181extracted_clusters_unique.fa", "seq_meth": "454", "metagenome_id": "4485400.3"}, "name": "181"}, "sample": {"data": {"env_package": "soil", "longitude": 5.64, "country": "Netherlands", "collection_time": "13:00:00", "material": "soil", "sample_name": "181", "location": "Wageningen", "biome": "terrestrial biome", "collection_timezone": "UTC-1", "latitude": 51.97, "sample_id": "4485400.3", "collection_date": "2011-09-20", "feature": "grassland"}, "id": "mgs264164", "name": "181"}, "project": {"id": "mgp1008", "data": {"PI_email": "E.Kuramae@nioo.knaw.nl", "PI_organization_address": "Droevendaalsesteeg 10, 6708 PB Wageningen NL", "PI_lastname": "Kuramae", "project_name": "Impact of long term fertilization", "PI_organization": "NIOO", "PI_firstname": "Eiko", "PI_organization_country": "Netherlands"}, "name": "Impact of long term fertilization", "public": "Impact of long term fertilization"}, "env_package": {"type": "soil", "id": "mge264165", "data": {"sample_name": "181", "env_package": "soil"}, "name": "181: soil"}}, "mixs_compliant": 0, "status": "public", "statistics": {}, "version": 1, "job_id": 46942, "sample": ["mgs264164", "https://api.mg-rast.org/sample/mgs264164"], "url": "https://api.mg-rast.org/metagenome/mgm4485400.3?verbosity=full", "name": "181", "project_alpha_diversity": {"stdv": 33.8673232511824, "max": 730.214632072954, "avg": 640.264546781084, "min": 592.523888845411}, "sequence_type": "WGS", "project_metagenomes": ["4485403.3", "4485402.3", "4485401.3", "4485400.3", "4485399.3", "4485398.3", "4485397.3", "4485396.3", "4485395.3", "4485394.3", "4485393.3", "4485392.3", "4485391.3", "4485390.3", "4485389.3"], "created": "2012-03-06 15:04:39", "mixs": {"material": "soil", "country": "Netherlands", "project_id": "mgp1008", "sequence_type": "WGS", "env_package_type": "soil", "PI_lastname": "Kuramae", "project_name": "Impact of long term fertilization", "longitude": 5.64, "PI_firstname": "Eiko", "collection_date": "2011-09-20T13:00:00-0100", "feature": "grassland", "latitude": 51.97, "seq_method": "454", "biome": "terrestrial biome", "location": "Wageningen"}, "pipeline_version": "3.0", "pipeline_parameters": {"fgs_type": "454", "priority": "never", "max_ambig": "5", "aa_pid": "90", "filter_ambig": "no", "prefix_length": "50", "assembled": "no", "rna_pid": "97", "filter_ln_mult": "-3.22", "m5rna_annotation_version": "1", "m5nr_annotation_version": "1", "screen_indexes": "h_sapiens_asm", "bowtie": "no", "m5rna_sims_version": "7", "file_type": "fna", "filter_ln": "no", "dereplicate": "no", "m5nr_sims_version": "7"}, "library": ["mgl264166", "https://api.mg-rast.org/library/mgl264166"]}