{"owner": "mgu9482", "project_alpha_diversity": {"stdv": 233.248394837337, "avg": 418.628891122351, "min": 168.447214621078, "max": 968.253047581434}, "sample": ["mgs411800", "https://api.mg-rast.org/sample/mgs411800"], "name": "DAV_Mount_W1", "url": "https://api.mg-rast.org/metagenome/mgm4480748.3?verbosity=full", "md5_checksum": "2b404973132dccc2aa0256ecf2693164", "mixs": {"env_package_type": "host-associated", "longitude": -34.80645, "material": "organic material", "country": "Brazil", "location": "Vitoria-Trindade Chain", "PI_firstname": "Fabiano", "feature": "coral reef", "biome": "coral reef", "sequence_type": "WGS", "project_name": "Vitoria-Trindade Seamounts Chain", "collection_date": "2011-02-11T09:00:00-0300", "project_id": "mgp16102", "PI_lastname": "Thompson", "seq_method": "454", "latitude": -20.57671667}, "status": "public", "pipeline_version": "3.0", "job_id": 41347, "pipeline_parameters": {"priority": "never", "file_type": "fna", "m5rna_annotation_version": "1", "fgs_type": "454", "prefix_length": "50", "max_ambig": "5", "filter_ln": "yes", "dereplicate": "yes", "m5nr_annotation_version": "1", "m5nr_sims_version": "7", "screen_indexes": "h_sapiens_asm", "assembled": "no", "bowtie": "no", "filter_ambig": "yes", "filter_ln_mult": "1.99", "m5rna_sims_version": "7", "aa_pid": "90", "rna_pid": "97"}, "id": "mgm4480748.3", "sequence_type": "WGS", "metadata": {"env_package": {"type": "host-associated", "data": {"sample_name": "DAV_Mount_W1", "env_package": "host-associated"}, "id": "mge411801", "name": "DAV_Mount_W1: host-associated"}, "project": {"name": "Vitoria-Trindade Seamounts Chain", "id": "mgp16102", "data": {"project_name": "Vitoria-Trindade Seamounts Chain", "project_description": "Data from the paper \"Baseline Assessment of Mesophotic Reefs of the Vit\u00c3\u00b3ria-Trindade Seamount Chain Based on Water Quality\". If you use it please cite us: Meirelles, P. M., Amado-Filho, G. M., Pereira-Filho, G. H., et al. (2015) PLoS One, 10, e0130084, Baseline Assessment of Mesophotic Reefs of the Vit\u00c3\u00b3ria-Trindade Seamount Chain Based on Water Quality, Microbial Diversity, Benthic Cover and Fish Biomass Data. Benthic, fish, water chemistry and microbial abundance data are available at: ecogrid://knb/pmeirelles.14.1", "PI_organization": "Federal University of Rio de Janeiro", "PI_organization_url": "http://www.microbiologia.biologia.ufrj.br", "PI_organization_country": "Brazil", "lastname": "Meirelles", "organization_country": "Brazil", "organization": "Federal University of Rio de Janeiro", "organization_address": "Federal University of Rio de Janeiro", "PI_email": "fabianothompson1@gmail.com", "project_funding": "CNPq, CAPES, and FAPERJ", "firstname": "Pedro", "PI_lastname": "Thompson", "PI_organization_address": "Lab. de Microbiologia - BIOMAR UFRJ Av. Carlos Chagas Fo., 373 CCS - Bloco A (Anexo), A3 - sl 202 Cidade Universit\u00c3\u00a1ria RJ - RJ - Brasil 21941-599, Brazil", "email": "fabiano.thompson@biologia.ufrj.br", "PI_firstname": "Fabiano", "envo_release": "2013-04-27"}, "public": "Vitoria-Trindade Seamounts Chain"}, "sample": {"data": {"collection_timezone": "UTC-03:00", "biome": "coral reef", "sample_id": "4480748.3", "latitude": -20.57671667, "collection_date": "2011-02-11", "env_package": "host-associated", "country": "Brazil", "material": "organic material", "longitude": -34.80645, "sample_name": "DAV_Mount_W1", "feature": "coral reef", "collection_time": "09:00:00", "location": "Vitoria-Trindade Chain"}, "id": "mgs411800", "name": "DAV_Mount_W1"}, "library": {"type": "WGS", "data": {"metagenome_name": "DAV_Mount_W1", "metagenome_id": "4480748.3", "file_checksum": "2b404973132dccc2aa0256ecf2693164", "sample_name": "DAV_Mount_W1", "investigation_type": "metagenome", "file_name": "brazilA25b.RL3.fasta", "seq_meth": "454"}, "id": "mgl411802", "name": "DAV_Mount_W1"}}, "library": ["mgl411802", "https://api.mg-rast.org/library/mgl411802"], "version": 1, "project": ["mgp16102", "https://api.mg-rast.org/project/mgp16102"], "created": "2012-01-20 02:51:29", "statistics": {}, "mixs_compliant": 1, "project_metagenomes": ["4480739.3", "4484839.3", "4487909.3", "4487910.3", "4487911.3", "4480740.3", "4480746.3", "4480747.3", "4480748.3", "4480749.3", "4480741.3", "4480742.3", "4480743.3", "4480750.3", "4480751.3", "4487651.3", "4487649.3", "4487650.3", "4487647.3"]}