{"version": 1, "mixs_compliant": 0, "owner": "mgu333", "md5_checksum": "2a394debc6da15e51eeaa82fe14ee130", "job_id": 26411, "status": "public", "pipeline_parameters": {"aa_pid": "90", "filter_ln": "no", "bowtie": "no", "filter_ambig": "no", "max_ambig": "5", "priority": "never", "file_type": "fna", "prefix_length": "50", "fgs_type": "454", "m5nr_annotation_version": "1", "screen_indexes": "h_sapiens_asm", "rna_pid": "97", "m5nr_sims_version": "7", "m5rna_annotation_version": "1", "assembled": "no", "filter_ln_mult": "-3.34", "m5rna_sims_version": "7", "dereplicate": "no"}, "created": "2011-06-23 19:02:42", "statistics": {}, "id": "mgm4466814.3", "library": ["mgl192781", "https://api.mg-rast.org/library/mgl192781"], "url": "https://api.mg-rast.org/metagenome/mgm4466814.3?verbosity=full", "mixs": {"env_package_type": "water", "project_id": "mgp9220", "PI_firstname": "Forest", "biome": "coral reef", "feature": "coral reef", "longitude": -155.87346, "country": "Kiribati", "sequence_type": "WGS", "seq_method": "454", "material": "water", "PI_lastname": "Rohwer", "location": "Pacific Ocean", "project_name": "Pacific Reef Microbiomes", "collection_date": "2009-04-05T10:00:00-1000", "latitude": -5.66441}, "project": ["mgp9220", "https://api.mg-rast.org/project/mgp9220"], "project_metagenomes": ["4466846.3", "4466845.3", "4466844.3", "4466835.3", "4466825.3", "4466820.3", "4466814.3", "4466812.3", "4466810.3", "4466809.3", "4466745.3", "4466741.3", "4466739.3", "4466738.3", "4466737.3", "4466736.3", "4466599.3", "4466597.3", "4466596.3", "4466592.3", "4466582.3", "4466309.3"], "metadata": {"project": {"public": "Pacific Reef Microbiomes", "data": {"firstname": "Linda", "PI_organization_address": "LS301 Biology Department, San Diego State University, 5500 Campanile Drive, San Diego, CA 92182", "PI_firstname": "Forest", "PI_email": "forest@sunstroke.sdsu.edu", "email": "lwegley@gmail.com", "organization_address": "LS301 Biology Department, San Diego State University, 5500 Campanile Drive, San Diego, CA 92182", "PI_organization_country": "USA", "organization_url": "coralandphage.org", "organization": "San Diego State University", "project_name": "Pacific Reef Microbiomes", "project_description": "Metagenomes from the Line Islands", "project_funding": "NSF", "PI_lastname": "Rohwer", "PI_organization_url": "coralandphage.org", "PI_organization": "San Diego State University", "lastname": "Kelly", "organization_country": "USA"}, "id": "mgp9220", "name": "Pacific Reef Microbiomes"}, "library": {"type": "WGS", "id": "mgl192781", "data": {"investigation_type": "metagenome", "file_checksum": "2a394debc6da15e51eeaa82fe14ee130", "seq_quality_check": "Prinseq", "seq_meth": "454", "metagenome_id": "4466814.3", "metagenome_name": "CoralStarbuck13BMic20090405_NP", "seq_center": "SDSU", "seq_chem": "Titanium", "sample_name": "CoralStarbuck13BMic20090405_NP", "file_name": "CoralStarbuck13BMic20090405_NPFinal.fasta"}, "name": "CoralStarbuck13BMic20090405_NP"}, "env_package": {"name": "CoralStarbuck13BMic20090405_NP: water", "id": "mge192780", "type": "water", "data": {"env_package": "water", "sample_name": "CoralStarbuck13BMic20090405_NP"}}, "sample": {"name": "CoralStarbuck13BMic20090405_NP", "data": {"longitude": -155.87346, "feature": "coral reef", "biome": "coral reef", "sample_id": "4466814.3", "material": "water", "sample_name": "CoralStarbuck13BMic20090405_NP", "country": "Kiribati", "location": "Pacific Ocean", "collection_timezone": "UTC-10", "env_package": "water", "depth": 30, "collection_time": "10:00:00", "latitude": -5.66441, "collection_date": "2009-04-05"}, "id": "mgs192779"}}, "name": "CoralStarbuck13BMic20090405_NP", "sequence_type": "WGS", "pipeline_version": "3.0", "project_alpha_diversity": {"min": 256.005423264818, "max": 739.242402937356, "stdv": 120.439104940246, "avg": 453.581479636971}, "sample": ["mgs192779", "https://api.mg-rast.org/sample/mgs192779"]}