{"project_metagenomes": ["4513635.3", "4513642.3", "4584423.3", "4584424.3", "4461594.3", "4463932.3", "4463930.3", "4468639.3", "4463927.3", "4461593.3", "4463933.3", "4463931.3", "4463928.3", "4463926.3", "4463925.3", "4486661.3", "4486665.3", "4486669.3", "4486662.3", "4486667.3", "4486668.3", "4486664.3", "4486663.3", "4486666.3", "4463929.3"], "owner": "mgu40632", "id": "mgm4463933.3", "statistics": {}, "project": ["mgp3395", "https://api.mg-rast.org/project/mgp3395"], "metadata": {"library": {"id": "mgl389245", "name": "AnaPaula_PE14-3", "type": "WGS", "data": {"file_checksum": "2ab747bafb921cb27bffb463c2d06d85", "metagenome_id": "4463933.3", "metagenome_name": "AnaPaula_PE14-3", "sample_name": "3AnaPaula_PE14", "investigation_type": "metagenome", "seq_meth": "pyrosequencing", "file_name": "AP_PE14-3.fasta"}}, "project": {"data": {"firstname": "Ana Paula", "PI_lastname": "B. Moreira", "organization_country": "Brazil", "PI_organization_address": "Av. Carlos Chagas Fo., 373", "project_name": "The influence of global climatic changes over the vitality of corals from St Peter and St Paul Archipelago", "organization": "UFRJ", "lastname": "Ana Paula", "PI_organization": "UFRJ", "PI_firstname": "Ana Paula", "envo_release": "2013-04-27", "PI_email": "anapaula.biomar.ufrj@gmail.com", "email": "anapaula.biomar.ufrj@gmail.com", "project_funding": "CNPq", "organization_address": "Av. Carlos Chagas Fo., 373", "PI_organization_country": "Brazil", "project_description": "Sub-project: Coral diseases in St. Peter & St. Paul Archipelago, unraveling the roles of pathogens and vectors"}, "name": "The influence of global climatic changes over the vitality of corals from St Peter and St Paul Archipelago", "public": "The influence of global climatic changes over the vitality of corals from St Peter and St Paul Archipelago", "id": "mgp3395"}, "sample": {"data": {"biome": "oceanic epipelagic zone biome", "collection_time": "10:00:00", "country": "Brazil", "location": "St Peter and  St Paul Archipelago", "longitude": -29.3666666666667, "collection_timezone": "UTC-2", "env_package": "water", "sample_name": "3AnaPaula_PE14", "latitude": 0.933333333333333, "feature": "archipelago", "material": "sea water", "collection_date": "2010-09-14"}, "name": "3AnaPaula_PE14", "id": "mgs389243"}, "env_package": {"data": {"sample_name": "3AnaPaula_PE14", "env_package": "water"}, "type": "water", "name": "3AnaPaula_PE14: water", "id": "mge389244"}}, "library": ["mgl389245", "https://api.mg-rast.org/library/mgl389245"], "sequence_type": "WGS", "created": "2011-05-19 16:17:37", "mixs_compliant": 0, "pipeline_parameters": {"max_ambig": "5", "file_type": "fna", "m5rna_annotation_version": "1", "m5rna_sims_version": "7", "aa_pid": "90", "fgs_type": "454", "screen_indexes": "h_sapiens_asm", "assembled": "no", "rna_pid": "97", "filter_ln_mult": "1.99", "prefix_length": "50", "m5nr_annotation_version": "1", "filter_ambig": "yes", "bowtie": "no", "filter_ln": "yes", "m5nr_sims_version": "7", "dereplicate": "yes", "priority": "never"}, "version": 1, "name": "AnaPaula_PE14-3", "mixs": {"env_package_type": "water", "collection_date": "2010-09-14T10:00:00-0200", "sequence_type": "WGS", "feature": "archipelago", "latitude": 0.933333333333333, "material": "sea water", "PI_lastname": "B. Moreira", "location": "St Peter and  St Paul Archipelago", "longitude": -29.3666666666667, "project_id": "mgp3395", "project_name": "The influence of global climatic changes over the vitality of corals from St Peter and St Paul Archipelago", "biome": "oceanic epipelagic zone biome", "PI_firstname": "Ana Paula", "country": "Brazil", "seq_method": "pyrosequencing"}, "status": "public", "job_id": 23530, "project_alpha_diversity": {"max": 1003.45925609468, "avg": 523.207609404706, "min": 225.128859828708, "stdv": 244.236857959192}, "md5_checksum": "2ab747bafb921cb27bffb463c2d06d85", "url": "https://api.mg-rast.org/metagenome/mgm4463933.3?verbosity=full", "pipeline_version": "3.0", "sample": ["mgs389243", "https://api.mg-rast.org/sample/mgs389243"]}