{"owner": "mgu333", "name": "CoralJarvis9RampMic20100402_NP", "project_metagenomes": ["4466846.3", "4466845.3", "4466844.3", "4466835.3", "4466825.3", "4466820.3", "4466814.3", "4466812.3", "4466810.3", "4466809.3", "4466745.3", "4466741.3", "4466739.3", "4466738.3", "4466737.3", "4466736.3", "4466599.3", "4466597.3", "4466596.3", "4466592.3", "4466582.3", "4466309.3"], "library": ["mgl192754", "https://api.mg-rast.org/library/mgl192754"], "version": 1, "sequence_type": "WGS", "metadata": {"library": {"data": {"file_name": "CoralJarvis9RampMic20100402_NPFinal.fasta", "seq_meth": "454", "seq_quality_check": "Prinseq", "seq_chem": "Titanium", "investigation_type": "metagenome", "seq_center": "SDSU", "sample_name": "CoralJarvis9RampMic20100402_NP", "metagenome_name": "CoralJarvis9RampMic20100402_NP", "metagenome_id": "4466737.3", "file_checksum": "dd259be3a65adf6001cef552278a5163"}, "type": "WGS", "id": "mgl192754", "name": "CoralJarvis9RampMic20100402_NP"}, "env_package": {"name": "CoralJarvis9RampMic20100402_NP: water", "data": {"env_package": "water", "sample_name": "CoralJarvis9RampMic20100402_NP"}, "id": "mge192753", "type": "water"}, "sample": {"name": "CoralJarvis9RampMic20100402_NP", "id": "mgs192752", "data": {"collection_timezone": "UTC-10", "latitude": -0.36537, "sample_id": "4466737.3", "longitude": -160.006, "env_package": "water", "location": "Pacific Ocean", "sample_name": "CoralJarvis9RampMic20100402_NP", "depth": 30, "collection_date": "2010-04-02", "country": "USA", "material": "water", "biome": "coral reef", "feature": "coral reef", "collection_time": "10:00:00"}}, "project": {"id": "mgp9220", "data": {"PI_email": "forest@sunstroke.sdsu.edu", "organization_country": "USA", "project_description": "Metagenomes from the Line Islands", "PI_firstname": "Forest", "lastname": "Kelly", "PI_organization_address": "LS301 Biology Department, San Diego State University, 5500 Campanile Drive, San Diego, CA 92182", "PI_organization_url": "coralandphage.org", "email": "lwegley@gmail.com", "PI_organization": "San Diego State University", "project_name": "Pacific Reef Microbiomes", "PI_lastname": "Rohwer", "organization_url": "coralandphage.org", "organization_address": "LS301 Biology Department, San Diego State University, 5500 Campanile Drive, San Diego, CA 92182", "organization": "San Diego State University", "project_funding": "NSF", "PI_organization_country": "USA", "firstname": "Linda"}, "public": "Pacific Reef Microbiomes", "name": "Pacific Reef Microbiomes"}}, "mixs_compliant": 0, "pipeline_parameters": {"m5rna_annotation_version": "1", "m5rna_sims_version": "7", "m5nr_sims_version": "7", "filter_ln_mult": "-3.38", "aa_pid": "90", "rna_pid": "97", "file_type": "fna", "priority": "never", "dereplicate": "no", "assembled": "no", "prefix_length": "50", "filter_ambig": "no", "fgs_type": "454", "m5nr_annotation_version": "1", "filter_ln": "no", "screen_indexes": "h_sapiens_asm", "max_ambig": "5", "bowtie": "no"}, "job_id": 26334, "project_alpha_diversity": {"max": 739.242402937356, "min": 256.005423264818, "stdv": 120.439104940246, "avg": 453.581479636971}, "md5_checksum": "dd259be3a65adf6001cef552278a5163", "id": "mgm4466737.3", "status": "public", "pipeline_version": "3.0", "mixs": {"collection_date": "2010-04-02T10:00:00-1000", "env_package_type": "water", "country": "USA", "material": "water", "biome": "coral reef", "feature": "coral reef", "seq_method": "454", "project_name": "Pacific Reef Microbiomes", "PI_lastname": "Rohwer", "sequence_type": "WGS", "latitude": -0.36537, "PI_firstname": "Forest", "longitude": -160.006, "project_id": "mgp9220", "location": "Pacific Ocean"}, "project": ["mgp9220", "https://api.mg-rast.org/project/mgp9220"], "created": "2011-06-22 23:00:13", "url": "https://api.mg-rast.org/metagenome/mgm4466737.3?verbosity=full", "statistics": {}, "sample": ["mgs192752", "https://api.mg-rast.org/sample/mgs192752"]}