{"sequence_type": "WGS", "statistics": {}, "owner": "mgu1438", "pipeline_parameters": {"bowtie": "no", "prefix_length": "50", "priority": "never", "file_type": "fna", "m5rna_annotation_version": "1", "assembled": "no", "dereplicate": "yes", "fgs_type": "454", "max_ambig": "5", "m5nr_annotation_version": "1", "filter_ln_mult": "1.99", "m5nr_sims_version": "7", "rna_pid": "97", "filter_ln": "yes", "m5rna_sims_version": "7", "screen_indexes": "h_sapiens_asm", "filter_ambig": "yes", "aa_pid": "90"}, "sample": ["mgs153011", "https://api.mg-rast.org/sample/mgs153011"], "project_metagenomes": ["4479002.3", "4479001.3", "4479000.3", "4549977.3", "4550818.3", "4550819.3"], "project": ["mgp7309", "https://api.mg-rast.org/project/mgp7309"], "project_alpha_diversity": {"max": 1077.70998499075, "stdv": 283.663662404909, "avg": 556.270540034524, "min": 202.146776640014}, "mixs_compliant": 0, "metadata": {"library": {"name": "RL02", "data": {"file_name": "CAT0201_assembled.fasta", "metagenome_id": "4479001.3", "investigation_type": "metagenome", "metagenome_name": "RL02", "file_checksum": "a87a8253ff4f95fd3bb6d022f0c64b92", "seq_meth": "illumina", "sample_name": "4479001.3"}, "type": "WGS", "id": "mgl153013"}, "env_package": {"name": "4479001.3: sediment", "data": {"sample_name": "4479001.3", "env_package": "sediment"}, "id": "mge153012", "type": "sediment"}, "project": {"id": "mgp7309", "data": {"firstname": "Regina", "PI_firstname": "Regina", "PI_organization_address": "1700 Moore St Huntingdon Pa 16652", "organization": "Juniata College", "PI_email": "lamendella@juniata.ed", "project_name": "Elmer's Beach Metatrancriptomes", "lastname": "Lamendella", "PI_organization": "Juniata College", "PI_organization_country": "USA", "project_description": "Metatranscriptomes from sand microbial communities contaminated by oil during the Deepwater Horizon spill", "email": "lamendella@juniata.ed", "PI_lastname": "Lamendella"}, "public": "Elmer's Beach Metatrancriptomes", "name": "Elmer's Beach Metatrancriptomes"}, "sample": {"id": "mgs153011", "name": "4479001.3", "data": {"biome": "marine biome", "sample_id": "RL02", "collection_time": "12:00:00", "material": "sand", "continent": "north america", "collection_date": "2010-06-21", "feature": "shoreline", "location": "Elmer's Beach", "longitude": -90.0684072, "latitude": 29.1782853, "sample_name": "4479001.3", "collection_timezone": "UTC-6", "country": "USA", "env_package": "sediment"}}}, "name": "RL02", "mixs": {"collection_date": "2010-06-21T12:00:00-0600", "project_id": "mgp7309", "env_package_type": "sediment", "feature": "shoreline", "longitude": -90.0684072, "latitude": 29.1782853, "location": "Elmer's Beach", "country": "USA", "PI_firstname": "Regina", "sequence_type": "WGS", "biome": "marine biome", "PI_lastname": "Lamendella", "material": "sand", "project_name": "Elmer's Beach Metatrancriptomes", "seq_method": "illumina"}, "library": ["mgl153013", "https://api.mg-rast.org/library/mgl153013"], "status": "public", "created": "2011-12-16 17:15:34", "version": 1, "url": "https://api.mg-rast.org/metagenome/mgm4479001.3?verbosity=full", "job_id": 39462, "pipeline_version": "3.0", "id": "mgm4479001.3", "md5_checksum": "a87a8253ff4f95fd3bb6d022f0c64b92"}