{"pipeline_version": "3.0", "sample": ["mgs88801", "https://api.mg-rast.org/sample/mgs88801"], "id": "mgm4460189.3", "statistics": {}, "owner": "mgu40782", "mixs_compliant": 0, "name": "Marina", "created": "2011-05-19 16:11:17", "md5_checksum": "c2e6f11bb7a352a294bbbfb25799b1af", "project_alpha_diversity": {"stdv": 82.0273980149213, "min": 465.872655007285, "avg": 618.227776812093, "max": 737.04439045492}, "library": ["mgl88803", "https://api.mg-rast.org/library/mgl88803"], "pipeline_parameters": {"rna_pid": "97", "m5rna_sims_version": "7", "filter_ambig": "yes", "bowtie": "no", "m5nr_sims_version": "7", "m5rna_annotation_version": "1", "fgs_type": "454", "prefix_length": "50", "filter_ln_mult": "1.99", "m5nr_annotation_version": "1", "aa_pid": "90", "file_type": "fna", "filter_ln": "yes", "priority": "never", "max_ambig": "5", "assembled": "no", "dereplicate": "yes", "screen_indexes": "h_sapiens_asm"}, "url": "https://api.mg-rast.org/metagenome/mgm4460189.3?verbosity=full", "project": ["mgp2706", "https://api.mg-rast.org/project/mgp2706"], "sequence_type": "WGS", "version": 1, "job_id": 19786, "project_metagenomes": ["4460190.3", "4460189.3", "4460188.3", "4460182.3", "4460180.3", "4460179.3", "4460178.3"], "metadata": {"project": {"name": "Puget Sound", "id": "mgp2706", "public": "Puget Sound", "data": {"PI_lastname": "Faustman", "PI_organization": "University of Washington", "PI_organization_address": "4225 Roosevelt Way NE Seattle, WA 98105", "project_name": "Puget Sound", "PI_email": "faustman@uw.edu", "PI_organization_country": "USA", "PI_firstname": "Elaine"}}, "sample": {"id": "mgs88801", "name": "Marina", "data": {"sample_name": "Marina", "collection_time": "10:20:00", "latitude": 47.683889, "env_package": "water", "material": "water", "temperature": 11, "feature": "estuarine bulk water", "longitude": -122.406944, "biome": "estuarine biome", "country": "United States of America", "collection_timezone": "UTC-8", "depth": 0.5, "location": "Puget Sound, WA", "collection_date": "2010-12-20"}}, "env_package": {"type": "water", "data": {"sample_name": "Marina", "samp_store_temp": "-80", "env_package": "water"}, "id": "mge88802", "name": "Marina: water"}, "library": {"name": "Marina", "id": "mgl88803", "data": {"investigation_type": "metagenome", "metagenome_id": "4460189.3", "file_name": "shilshole.fa", "file_checksum": "c2e6f11bb7a352a294bbbfb25799b1af", "metagenome_name": "Marina", "sample_name": "Marina", "seq_meth": "454"}, "type": "WGS"}}, "mixs": {"material": "water", "seq_method": "454", "project_id": "mgp2706", "PI_firstname": "Elaine", "feature": "estuarine bulk water", "longitude": -122.406944, "latitude": 47.683889, "project_name": "Puget Sound", "location": "Puget Sound, WA", "collection_date": "2010-12-20T10:20:00-0800", "sequence_type": "WGS", "env_package_type": "water", "biome": "estuarine biome", "country": "United States of America", "PI_lastname": "Faustman"}, "status": "public"}