{"statistics": {}, "pipeline_parameters": {"filter_ln": "yes", "fgs_type": "454", "rna_pid": "97", "priority": "never", "assembled": "no", "prefix_length": "50", "bowtie": "no", "max_ambig": "5", "filter_ambig": "yes", "m5rna_sims_version": "7", "m5rna_annotation_version": "1", "filter_ln_mult": "2.00", "m5nr_annotation_version": "1", "m5nr_sims_version": "7", "file_type": "fna", "aa_pid": "90", "screen_indexes": "h_sapiens_asm", "dereplicate": "yes"}, "id": "mgm4464108.3", "mixs_compliant": 1, "url": "https://api.mg-rast.org/metagenome/mgm4464108.3?verbosity=full", "job_id": 23705, "version": 1, "sample": ["mgs99685", "https://api.mg-rast.org/sample/mgs99685"], "metadata": {"project": {"public": " WWTP activated sludge plasmid (and viral) metagenomes from Switzerland", "name": " WWTP activated sludge plasmid (and viral) metagenomes from Switzerland", "data": {"PI_organization": "Department of Fundamental Microbiology, University of Lausanne", "lastname": "Sentchilo", "PI_organization_url": "http://www.unil.ch/dmf/page14867.html", "PI_email": "vladimir.sentchilo@unil.ch", "organization_country": "Switzerland", "PI_organization_country": "Switzerland", "administrative-contact_PI_organization_url": "www.unil.ch/dmf", "administrative-contact_PI_lastname": "Sentchilo", "organization_address": "Biophore Building, UNIL-Sorge, 1015 Lausanne", "project_name": "WWTP activated sludge plasmid (and viral) metagenomes from Switzerland", "PI_organization_address": "Biophore Building, UNIL-Sorge, 1015 Lausanne", "email": "vladimir.sentchilo@unil.ch", "PI_lastname": "Sentchilo", "administrative-contact_PI_organization_address": "B\u00e2timent Biophore, Quartier UNIL-Sorge ; 1015 ; Lausanne ;", "project_funding": "University of Lausanne, Switzerland.United States Department of Energy Joint Genome Institute (US DOE JGI) as part of the Community Sequencing Program 2007 (project CSP 776886)", "administrative-contact_PI_email": "vladimir.sentchilo@unil.ch", "administrative-contact_PI_organization_country": "Switzerland", "organization": "Department of Fundamental Microbiology, University of Lausanne", "administrative-contact_PI_firstname": "Vladimir", "firstname": "Vladimir", "PI_firstname": "Vladimir", "project_description": "The aim of the project is to selectively purify, to sequence and to compare mobile gene pools from the activated sludge microbial communities from the two waste water treatment plants (WWTP) in Switzerland. (A fraction of ) mobile gene pool represented by plasmid-like covalently closed double-stranded circular supercoiled DNA molecules was extracted directly from the microbial community, sequenced and assembled. Two WWTPs were sampled : Morges (GPS: 46.5166N, 6.51014E) (municipal waste waters plus hospital effluents; sampled twice-- in 2007 and in 2009) and Visp (GPS: 7.85940W, 46.30044N; mainly (bio)chemical synthesis industry effluents, sampled once in 2009). Short description of the data sets in the project: 4464065.3 (WWTP Morges-2007 Sanger reads);4474073.3 (WWTP Morges-2009 454-reads); 4464108.3 (WWTP Visp-2009, Sanger reads from 8-10 kb insert library); 4464109.3 (WWTP Visp-2009, 454 reads); 4474000.3 (WWTP Morges 2007/2009 contigs assembled by MIRA 3 assembler, only >5x covered contigs longer than 1 kb). For comparison two artificial sets were produced by in silico shearing 1848 NCBI plasmids to pieces of 753 bp (imitating Sanger reads, 4482706.3) and 270 bp (imitating 454 reads, 4482707.3) plus remaining 'tails'.", "organization_url": "http://www.unil.ch/dmf/page14867.html"}, "id": "mgp731"}, "sample": {"id": "mgs99685", "name": "Activated sludge plasmids V09_Sanger (VISP2009-SANGER)", "data": {"sample_name": "Activated sludge plasmids V09_Sanger (VISP2009-SANGER)", "latitude": 46.30044, "feature": "Wastewater treatment plant", "collection_date": "2009-02-19", "continent": "europe", "country": "Switzerland", "temperature": 28, "material": "Activated sludge", "collection_time": "09:00:00", "misc_param": "Sample Source--Industrial WWTP", "collection_timezone": "UTC+01:00", "env_package": "wastewater|sludge", "ph": 7.6, "sample_id": "4464108.3", "depth": 0.5, "biome": "freshwater biome", "location": "Visp", "elevation": 658, "longitude": 7.8594}}, "library": {"name": "Activated sludge plasmids V09_Sanger (VISP2009-SANGER)", "data": {"file_checksum": "f0eb629f30f372ac734ab2357f62343b", "metagenome_name": "Activated sludge plasmids V09_Sanger (VISP2009-SANGER)", "metagenome_id": "4464108.3", "seq_url": "http://www.jgi.doe.gov/", "gold_id": "Gm00049", "file_name": "GHCZ.fa", "misc_param": "Sequences were produced by cutting 753 bp fragments from and combining with remaining sequence 'tails' of a set of 1848 NCBI plasmids.", "investigation_type": "metagenome", "seq_model": "ABI 3730xl DNA Analyzer", "seq_meth": "sanger", "seq_center": "DOE JGI", "sample_name": "Activated sludge plasmids V09_Sanger (VISP2009-SANGER)"}, "id": "mgl99687", "type": "WGS"}, "env_package": {"name": "Activated sludge plasmids V09_Sanger (VISP2009-SANGER): wastewater|sludge", "data": {"ph": "7.6", "indust_eff_percent": "0.8", "chem_administration": "Biopharmaceuticals, antibody drug conjugates (ADC), bioreactors effluents. Products of \"cracking\" process and their derivatives:  chemical intermediates, high-performance materials, diketene derivatives, HCN and its derivatives, pyridine derivatives, Meta\u2122 metaldehyde, vitamins (vitamin B3), peptides and oligonucleotides, crop protection products (e.g., phosphonate glyphosate), quaternary ammonium compounds. Solvent-- benzine. High load of  acetate and ammonium (40 mg/l).", "sewage_type": "industrial", "chem_oxygen_dem": "2700 mg O2/l", "env_package": "wastewater|sludge", "biochem_oxygen_dem": "1860 mg O2/l", "wastewater_type": "chemical and biopharmaceutical industry (80% by volume), human waste, rainfall, storm drains,", "sample_name": "Activated sludge plasmids V09_Sanger (VISP2009-SANGER)"}, "type": "wastewater|sludge", "id": "mge99686"}}, "pipeline_version": "3.0", "project_metagenomes": ["4464073.3", "4482706.3", "4464065.3", "4474000.3", "4464109.3", "4464108.3", "4482707.3"], "created": "2011-05-19 16:17:54", "sequence_type": "WGS", "status": "public", "library": ["mgl99687", "https://api.mg-rast.org/library/mgl99687"], "owner": "mgu14132", "md5_checksum": "f0eb629f30f372ac734ab2357f62343b", "name": "Activated sludge plasmids V09_Sanger (VISP2009-SANGER)", "project": ["mgp731", "https://api.mg-rast.org/project/mgp731"], "project_alpha_diversity": {"avg": 438.5668269036, "min": 337.976883076442, "max": 560.141835015785, "stdv": 64.7661521408246}, "mixs": {"longitude": 7.8594, "location": "Visp", "biome": "freshwater biome", "project_id": "mgp731", "material": "Activated sludge", "country": "Switzerland", "seq_method": "sanger", "project_name": " WWTP activated sludge plasmid (and viral) metagenomes from Switzerland", "PI_lastname": "Sentchilo", "sequence_type": "WGS", "collection_date": "2009-02-19T09:00:00+0100", "feature": "Wastewater treatment plant", "env_package_type": "wastewater|sludge", "latitude": 46.30044, "PI_firstname": "Vladimir"}}