{"job_id": 26422, "url": "https://api.mg-rast.org/metagenome/mgm4466825.3?verbosity=full", "pipeline_parameters": {"prefix_length": "50", "filter_ambig": "no", "filter_ln": "no", "fgs_type": "454", "aa_pid": "90", "m5rna_annotation_version": "1", "bowtie": "no", "screen_indexes": "h_sapiens_asm", "filter_ln_mult": "-3.72", "rna_pid": "97", "dereplicate": "no", "file_type": "fna", "m5rna_sims_version": "7", "priority": "never", "m5nr_sims_version": "7", "assembled": "no", "m5nr_annotation_version": "1", "max_ambig": "5"}, "metadata": {"sample": {"id": "mgs192785", "data": {"sample_name": "CoralTabuaeran10Mic20101104_NP", "sample_id": "4466825.3", "depth": 30, "collection_timezone": "UTC-10", "country": "Kiribati", "biome": "coral reef", "material": "water", "feature": "coral reef", "location": "Pacific Ocean", "collection_date": "2010-11-04", "longitude": -159.34957, "collection_time": "10:00:00", "latitude": 3.82595, "env_package": "water"}, "name": "CoralTabuaeran10Mic20101104_NP"}, "library": {"data": {"seq_meth": "454", "metagenome_name": "CoralTabuaeran10Mic20101104_NP", "file_name": "CoralTabuaeran10Mic20101104_NPFinal.fasta", "seq_center": "SDSU", "sample_name": "CoralTabuaeran10Mic20101104_NP", "seq_quality_check": "Prinseq", "file_checksum": "8cf9d335445ccfb2e1450beb3fb214ac", "investigation_type": "metagenome", "metagenome_id": "4466825.3", "seq_chem": "Titanium"}, "id": "mgl192787", "type": "WGS", "name": "CoralTabuaeran10Mic20101104_NP"}, "env_package": {"data": {"sample_name": "CoralTabuaeran10Mic20101104_NP", "env_package": "water"}, "id": "mge192786", "type": "water", "name": "CoralTabuaeran10Mic20101104_NP: water"}, "project": {"id": "mgp9220", "data": {"project_description": "Metagenomes from the Line Islands", "PI_organization_url": "coralandphage.org", "project_funding": "NSF", "email": "lwegley@gmail.com", "project_name": "Pacific Reef Microbiomes", "firstname": "Linda", "PI_email": "forest@sunstroke.sdsu.edu", "PI_organization": "San Diego State University", "PI_organization_country": "USA", "organization_url": "coralandphage.org", "lastname": "Kelly", "organization_country": "USA", "organization": "San Diego State University", "PI_firstname": "Forest", "PI_lastname": "Rohwer", "PI_organization_address": "LS301 Biology Department, San Diego State University, 5500 Campanile Drive, San Diego, CA 92182", "organization_address": "LS301 Biology Department, San Diego State University, 5500 Campanile Drive, San Diego, CA 92182"}, "name": "Pacific Reef Microbiomes", "public": "Pacific Reef Microbiomes"}}, "id": "mgm4466825.3", "library": ["mgl192787", "https://api.mg-rast.org/library/mgl192787"], "created": "2011-06-23 19:25:36", "project_alpha_diversity": {"max": 739.242402937356, "min": 256.005423264818, "stdv": 120.439104940246, "avg": 453.581479636971}, "name": "CoralTabuaeran10Mic20101104_NP", "project": ["mgp9220", "https://api.mg-rast.org/project/mgp9220"], "version": 1, "status": "public", "sample": ["mgs192785", "https://api.mg-rast.org/sample/mgs192785"], "sequence_type": "WGS", "pipeline_version": "3.0", "md5_checksum": "8cf9d335445ccfb2e1450beb3fb214ac", "mixs_compliant": 0, "project_metagenomes": ["4466846.3", "4466845.3", "4466844.3", "4466835.3", "4466825.3", "4466820.3", "4466814.3", "4466812.3", "4466810.3", "4466809.3", "4466745.3", "4466741.3", "4466739.3", "4466738.3", "4466737.3", "4466736.3", "4466599.3", "4466597.3", "4466596.3", "4466592.3", "4466582.3", "4466309.3"], "mixs": {"biome": "coral reef", "material": "water", "sequence_type": "WGS", "location": "Pacific Ocean", "collection_date": "2010-11-04T10:00:00-1000", "feature": "coral reef", "seq_method": "454", "latitude": 3.82595, "longitude": -159.34957, "project_name": "Pacific Reef Microbiomes", "env_package_type": "water", "country": "Kiribati", "PI_firstname": "Forest", "PI_lastname": "Rohwer", "project_id": "mgp9220"}, "owner": "mgu333", "statistics": {}}