{"job_id": 37352, "version": 1, "sequence_type": "WGS", "name": "3LM", "pipeline_version": "3.0", "statistics": {}, "mixs_compliant": 0, "id": "mgm4477755.3", "sample": ["mgs159742", "https://api.mg-rast.org/sample/mgs159742"], "project_alpha_diversity": {"avg": 641.752377404847, "max": 693.056468271845, "min": 539.324720307438, "stdv": 35.0016630073723}, "status": "public", "project": ["mgp7774", "https://api.mg-rast.org/project/mgp7774"], "pipeline_parameters": {"max_ambig": "5", "priority": "never", "aa_pid": "90", "rna_pid": "97", "filter_ln": "yes", "m5rna_sims_version": "1", "assembled": "no", "filter_ambig": "yes", "filter_ln_mult": "1.99", "screen_indexes": "h_sapiens_asm", "prefix_length": "50", "m5nr_sims_version": "7", "m5nr_annotation_version": "1", "dereplicate": "yes", "file_type": "fna", "bowtie": "no", "m5rna_annotation_version": "1", "fgs_type": "454"}, "project_metagenomes": ["4477751.3", "4477749.3", "4477755.3", "4477757.3", "4478037.3", "4478030.3", "4477790.3", "4477789.3", "4478936.3", "4478934.3", "4478294.3", "4478292.3", "4478291.3", "4478290.3", "4478283.3", "4478222.3", "4478038.3", "4479311.3", "4478943.3", "4478941.3", "4478940.3", "4478939.3", "4478938.3", "4478937.3"], "library": ["mgl159744", "https://api.mg-rast.org/library/mgl159744"], "url": "https://api.mg-rast.org/metagenome/mgm4477755.3?verbosity=full", "owner": "mgu50120", "created": "2011-11-23 15:33:09", "metadata": {"env_package": {"data": {"sample_name": "3LM", "env_package": "soil"}, "id": "mge159743", "name": "3LM: soil", "type": "soil"}, "library": {"name": "3LM", "type": "WGS", "id": "mgl159744", "data": {"file_name": "2011_11_17_EikoKuramae_3_LM_SFF.sff.fasta", "metagenome_name": "3LM", "file_checksum": "0aaddf109b6fc87ba039007f4b690aa4", "investigation_type": "metagenome", "metagenome_id": "4477755.3", "sample_name": "3LM", "seq_meth": "454"}}, "sample": {"name": "3LM", "data": {"collection_timezone": "UTC-6", "latitude": -11.6832502, "material": "rhizosphere", "biome": "Tropical and subtropical moist broadleaf forest biome", "env_package": "soil", "longitude": -55.8357663, "feature": "agricultural soil", "country": "Brazil", "location": "Amazonia", "collection_time": "12:00:00", "sample_name": "3LM", "collection_date": "2009-10-29"}, "id": "mgs159742"}, "project": {"name": "Soybean Rhizosphere from Amazon Soils", "data": {"PI_organization_country": "Brazil", "PI_organization_url": "www.cena.usp.br", "envo_release": "2013-04-27", "PI_organization_address": "Avenida Centen\u00e1rio 303, CEP 13400-970 Piracicaba-SP", "mgrast_id": "mgp7774", "PI_email": "lucaswmendes@gmail.com", "organization_url": "www.cena.usp.br", "PI_firstname": "Lucas William", "email": "lucaswmendes@gmail.com", "PI_lastname": "Mendes", "project_funding": "FAPESP", "project_name": "Soybean Rhizosphere from Amazon Soils", "organization_address": "Avenida Centenario 303", "PI_organization": "Center for Nuclear Energy in Agriculture CENA-USP", "firstname": "Lucas William", "lastname": "Mendes", "project_description": "The selection of the rhizospheric microbial community from the bulk soil reservoir under agricultural management of soybean in Amazon forest soils. [Reference: Mendes LW, Kuramae EE, Navarrete AA, van VEEN JA, Tsai SM. (2014). Taxonomical and functional microbial community selection in soybean rhizosphere. The ISME Journal 8:1577-1587, 2014]", "organization_country": "Brazil", "organization": "Center for Nuclear Energy in Agriculture CENA-USP"}, "id": "mgp7774", "public": "Soybean Rhizosphere from Amazon Soils"}}, "md5_checksum": "0aaddf109b6fc87ba039007f4b690aa4", "mixs": {"env_package_type": "soil", "collection_date": "2009-10-29T12:00:00-0600", "feature": "agricultural soil", "country": "Brazil", "location": "Amazonia", "PI_firstname": "Lucas William", "sequence_type": "WGS", "PI_lastname": "Mendes", "longitude": -55.8357663, "project_name": "Soybean Rhizosphere from Amazon Soils", "seq_method": "454", "latitude": -11.6832502, "material": "rhizosphere", "project_id": "mgp7774", "biome": "Tropical and subtropical moist broadleaf forest biome"}}