{"pipeline_version": "3.0", "job_id": 14287, "md5_checksum": "94cc94d610fe16c3c155ef1b611bb618", "version": 1, "project_metagenomes": ["4454704.3", "4454702.3", "4454703.3", "4454701.3", "4454700.3", "4454699.3", "4454697.3", "4454698.3", "4454696.3", "4454694.3", "4454695.3", "4454693.3", "4454692.3", "4454691.3", "4454689.3", "4454688.3", "4454687.3", "4454686.3", "4454506.3", "4454505.3", "4454504.3", "4454503.3", "4454502.3", "4454501.3", "4453382.3", "4453381.3", "4453380.3", "4453379.3", "4453376.3", "4453375.3"], "id": "mgm4454686.3", "status": "public", "pipeline_parameters": {"m5nr_sims_version": "7", "filter_ln_mult": "2.0", "m5rna_annotation_version": "1", "dereplicate": "yes", "m5nr_annotation_version": "1", "assembled": "no", "screen_indexes": "h_sapiens", "priority": "never", "fgs_type": "454", "filter_ln": "yes", "rna_pid": "97", "m5rna_sims_version": "7", "file_type": "fna", "max_ambig": "5", "aa_pid": "90", "filter_ambig": "yes", "prefix_length": "50", "bowtie": "yes"}, "statistics": {}, "name": "ActinoPt1", "created": "2011-02-13 00:33:51", "owner": "mgu9202", "project_alpha_diversity": {"max": 871.556007565905, "min": 154.271793800226, "avg": 462.159589296933, "stdv": 233.227285865519}, "mixs_compliant": 0, "metadata": {"sample": {"name": "ActinoPt1", "data": {"temperature": 20, "collection_timezone": "UTC-3", "feature": "ocean", "latitude": -22.923242, "material": "coastal water", "longitude": -43.145186, "location": "Rio de Janeiro", "sample_name": "ActinoPt1", "biome": "ocean biome", "country": "Brazil", "misc_param": "subsample from BG Site 1-1 and BG Site 1-2", "depth": 1, "collection_time": "08:50:00", "collection_date": "2010-02-23", "env_package": "water", "continent": "south america"}, "id": "mgs103910"}, "env_package": {"name": "ActinoPt1: water", "type": "water", "data": {"sample_name": "ActinoPt1", "env_package": "water"}, "id": "mge103911"}, "library": {"type": "WGS", "name": "ActinoPt1", "data": {"sample_name": "ActinoPt1", "seq_meth": "454", "file_checksum": "94cc94d610fe16c3c155ef1b611bb618", "metagenome_name": "ActinoPt1", "metagenome_id": "4454686.3", "investigation_type": "metagenome"}, "id": "mgl103912"}, "project": {"data": {"project_name": "Guanabara Bay Metagenome", "firstname": "Gustavo", "project_description": "Metagenomic snapshots of the Guanabara Bay, Rio de Janeiro, Brazil for the description of the microbial structure in complementation of the ecological survey", "organization_address": "Rio de Janeiro", "organization": "Federal University of Rio de Janeiro (UFRJ)", "PI_organization_country": "Brazil", "PI_email": "fabiano.thompson@biologia.ufrj.br", "email": "gustavo_biomed@yahoo.com", "PI_organization_address": "Rio de Janeiro", "lastname": "Gregoracci", "PI_organization": "Federal University of Rio de Janeiro (UFRJ)", "PI_lastname": "Thompson", "PI_firstname": "Fabiano", "organization_country": "Brazil", "mgrast_id": "mgp1929", "project_funding": "CNPq/CAPES/FAPERJ"}, "name": "Guanabara Bay Metagenome", "public": "Guanabara Bay Metagenome", "id": "mgp1929"}}, "url": "https://api.mg-rast.org/metagenome/mgm4454686.3?verbosity=full", "mixs": {"PI_lastname": "Thompson", "env_package_type": "water", "collection_date": "2010-02-23T08:50:00-0300", "seq_method": "454", "country": "Brazil", "biome": "ocean biome", "PI_firstname": "Fabiano", "location": "Rio de Janeiro", "project_id": "mgp1929", "sequence_type": "WGS", "longitude": -43.145186, "project_name": "Guanabara Bay Metagenome", "material": "coastal water", "latitude": -22.923242, "feature": "ocean"}, "sample": ["mgs103910", "https://api.mg-rast.org/sample/mgs103910"], "sequence_type": "WGS", "library": ["mgl103912", "https://api.mg-rast.org/library/mgl103912"], "project": ["mgp1929", "https://api.mg-rast.org/project/mgp1929"]}