{"id": "mgm4440065.3", "statistics": {}, "status": "public", "name": "FishHealSlimKentSTVir20060504", "metadata": {"library": {"name": "FishHealSlimKentSTVir20060504", "type": "WGS", "data": {"seq_center": "454 Life Sciences, Inc, Branford, CT", "file_checksum": "1dfd25817869dcf654d30c66b4700661", "metagenome_id": "4440065.3", "seq_meth": "454", "gold_id": "Gm00133", "mgrast_id": "mgl52504", "sample_name": "FishHealSlimKentSTVir20060504", "metagenome_name": "FishHealSlimKentSTVir20060504", "lib_type": "random shotgun", "investigation_type": "metagenome", "pubmed_id": "20011103, 18337718"}, "id": "mgl52504"}, "env_package": {"id": "mge52505", "type": "host-associated", "name": "FishHealSlimKentSTVir20060504: host-associated", "data": {"host_common_name": "striped bass", "life_stage": "Adult", "body_product": "slime", "mgrast_id": "mge52505", "sample_name": "FishHealSlimKentSTVir20060504", "env_package": "host-associated", "host_taxid": "34816", "disease_stat": "healthy", "misc_param_1": "env_package: host-associated", "host_growth_cond": "5x2 m open\u00c2\u00adair aquaculture pond"}}, "sample": {"id": "mgs22833", "data": {"latitude": 33.537594, "location": "San Diego University, San Diego, California", "samp_mat_process": "DNA extraction", "isol_growth_condt": "20011103", "collection_timezone": "UTC", "biome": "Small lake biome", "mgrast_id": "mgs22833", "collection_time": "12:00:00", "material": "bodily fluid", "collection_date": "2006-05-04", "metagenome_taxonomy": "fish gut", "continent": "north america", "longitude": -116.097751, "country": "United States of America", "sample_name": "FishHealSlimKentSTVir20060504", "samp_collect_device": "Microbial community was isolated May 4, 2006, from the slime layer of hybrid striped bass from Kent SeaTech (Salton Sea, CA) (33.537594, -116.097751). The fish were sick at time of sampling", "feature": "animal-associated habitat", "env_package": "host-associated"}, "name": "FishHealSlimKentSTVir20060504"}, "project": {"id": "mgp21", "public": "Aquacultured Fish (Kent State)", "data": {"ncbi_id": "28389", "PI_lastname": "Angly", "project_name": "Aquacultured Fish (Kent State)", "PI_email": "forent.angly@gmail.com", "ebi_id": "ERP104408", "PI_organization_country": "USA", "project_description": "As part of the GAAS genomic tool execution and development, Adult hybrid striped bass were collected in April 2006 from a 5x2 m open\u00c2\u00adair aquaculture pond in San Diego, California, USA. Each fish was classified as healthy or morbid by veterinarians upon visual inspection. Fish were sacrificed with an overdose of MS\u00c2\u00ad222 (Finquel, Argent Laboratories), and examined for the presence of gross external and internal lesions to confirm preliminary diagnoses. Symptomatic fish had empty gut contents. Five symptomatic and five asymptomatic fish were selected and gut contents were collected by flushing aseptically with 10 mL of SM buffer. Samples were sonicated (15 seconds, 3 times) and then centrifuged at 150 x g for 20 minutes at 4\u00c2\u00b0C. The supernatant was then filtered (0.45 &#956;m and 0.2 &#956;m) to separate the microbial fraction (attached onto the filter) from the viruses (filtrate). Viral particles in the filtrate were purified using a CsCl step gradient and viral DNA was extracted as described by Thurber . Viral DNA was amplified with GenomiPhi (GE Healthcare, Piscataway, NJ) and ethanol precipitated. Approximately 10 &#956;g of each DNA sample was submitted for GS20 pyrosequencing at 454 Life Sciences to produce the FishHealGutKentSTVir20060504 and FishMorGutKentSTVir20060504 metagenomes (from healthy fish and morbid fish respectively). Duplicate sequences were removed and the metagenomes were submitted to NCBI (Genome Project 28397 and 28399).", "PI_firstname": "Florent", "PI_organization_address": "San Diego, CA", "PI_organization_url": "http://bio.sdsu.edu", "PI_organization": "Biology Department, San Diego State University"}, "name": "Aquacultured Fish (Kent State)"}}, "library": ["mgl52504", "https://api.mg-rast.org/library/mgl52504"], "md5_checksum": "1dfd25817869dcf654d30c66b4700661", "project_alpha_diversity": {"avg": 154.971972233003, "min": 57.6775499450334, "stdv": 46.2465541848945, "max": 235.03940523201}, "sequence_type": "WGS", "project_metagenomes": ["4440066.3", "4440062.3", "4440055.3", "4440056.3", "4440065.3", "4440063.3", "4440059.3", "4440064.3", "4441696.3", "4441695.3"], "owner": "mgu182", "mixs": {"material": "bodily fluid", "biome": "Small lake biome", "env_package_type": "host-associated", "sequence_type": "WGS", "project_id": "mgp21", "PI_lastname": "Angly", "latitude": 33.537594, "location": "San Diego University, San Diego, California", "project_name": "Aquacultured Fish (Kent State)", "feature": "animal-associated habitat", "longitude": -116.097751, "PI_firstname": "Florent", "country": "United States of America", "collection_date": "2006-05-04T12:00:00Z", "seq_method": "454"}, "pipeline_parameters": {"m5rna_annotation_version": "1", "max_ambig": "5", "dereplicate": "yes", "filter_ambig": "yes", "filter_ln": "yes", "priority": "never", "bowtie": "yes", "m5nr_annotation_version": "1", "prefix_length": "50", "assembled": "no", "screen_indexes": "h_sapiens", "filter_ln_mult": "2.0", "rna_pid": "97", "m5rna_sims_version": "7", "fgs_type": "454", "aa_pid": "90", "m5nr_sims_version": "7", "file_type": "fna"}, "version": 1, "job_id": 80, "created": "2007-07-06 22:48:23", "project": ["mgp21", "https://api.mg-rast.org/project/mgp21"], "mixs_compliant": 1, "pipeline_version": "3.0", "sample": ["mgs22833", "https://api.mg-rast.org/sample/mgs22833"], "url": "https://api.mg-rast.org/metagenome/mgm4440065.3?verbosity=full"}