{"sample": ["mgs159739", "https://api.mg-rast.org/sample/mgs159739"], "metadata": {"env_package": {"data": {"sample_name": "2LM", "env_package": "soil"}, "name": "2LM: soil", "id": "mge159740", "type": "soil"}, "library": {"name": "2LM", "data": {"metagenome_name": "2LM", "sample_name": "2LM", "file_checksum": "f143958d8426f9132e5f58b41fdcd9fc", "investigation_type": "metagenome", "metagenome_id": "4477749.3", "seq_meth": "454", "file_name": "2011_11_17_EikoKuramae_2_LM_SFF.sff.fasta"}, "id": "mgl159741", "type": "WGS"}, "project": {"id": "mgp7774", "public": "Soybean Rhizosphere from Amazon Soils", "data": {"email": "lucaswmendes@gmail.com", "PI_organization": "Center for Nuclear Energy in Agriculture CENA-USP", "PI_lastname": "Mendes", "PI_email": "lucaswmendes@gmail.com", "PI_organization_country": "Brazil", "lastname": "Mendes", "project_description": "The selection of the rhizospheric microbial community from the bulk soil reservoir under agricultural management of soybean in Amazon forest soils. [Reference: Mendes LW, Kuramae EE, Navarrete AA, van VEEN JA, Tsai SM. (2014). Taxonomical and functional microbial community selection in soybean rhizosphere. The ISME Journal 8:1577-1587, 2014]", "organization_country": "Brazil", "organization_address": "Avenida Centenario 303", "envo_release": "2013-04-27", "organization_url": "www.cena.usp.br", "mgrast_id": "mgp7774", "organization": "Center for Nuclear Energy in Agriculture CENA-USP", "firstname": "Lucas William", "PI_firstname": "Lucas William", "PI_organization_url": "www.cena.usp.br", "PI_organization_address": "Avenida Centen\u00e1rio 303, CEP 13400-970 Piracicaba-SP", "project_funding": "FAPESP", "project_name": "Soybean Rhizosphere from Amazon Soils"}, "name": "Soybean Rhizosphere from Amazon Soils"}, "sample": {"id": "mgs159739", "data": {"material": "rhizosphere", "latitude": -11.6832502, "env_package": "soil", "location": "Amazonia", "longitude": -55.8357663, "collection_timezone": "UTC-5", "feature": "agricultural soil", "sample_name": "2LM", "collection_time": "11:50:00", "biome": "Tropical and subtropical moist broadleaf forest biome", "country": "Brazil", "collection_date": "2009-10-28"}, "name": "2LM"}}, "project_alpha_diversity": {"max": 693.056468271845, "stdv": 35.0016630073723, "min": 539.324720307438, "avg": 641.752377404847}, "name": "2LM", "md5_checksum": "f143958d8426f9132e5f58b41fdcd9fc", "mixs_compliant": 0, "id": "mgm4477749.3", "statistics": {}, "mixs": {"biome": "Tropical and subtropical moist broadleaf forest biome", "collection_date": "2009-10-28T11:50:00-0500", "sequence_type": "WGS", "PI_lastname": "Mendes", "country": "Brazil", "seq_method": "454", "project_name": "Soybean Rhizosphere from Amazon Soils", "longitude": -55.8357663, "material": "rhizosphere", "latitude": -11.6832502, "location": "Amazonia", "PI_firstname": "Lucas William", "project_id": "mgp7774", "env_package_type": "soil", "feature": "agricultural soil"}, "pipeline_version": "3.0", "pipeline_parameters": {"fgs_type": "454", "screen_indexes": "h_sapiens_asm", "m5nr_annotation_version": "1", "assembled": "no", "filter_ln": "yes", "filter_ambig": "yes", "m5rna_sims_version": "1", "max_ambig": "5", "dereplicate": "yes", "file_type": "fna", "prefix_length": "50", "m5rna_annotation_version": "1", "aa_pid": "90", "m5nr_sims_version": "7", "rna_pid": "97", "priority": "never", "bowtie": "no", "filter_ln_mult": "2.00"}, "library": ["mgl159741", "https://api.mg-rast.org/library/mgl159741"], "status": "public", "project": ["mgp7774", "https://api.mg-rast.org/project/mgp7774"], "version": 1, "project_metagenomes": ["4477751.3", "4477749.3", "4477755.3", "4477757.3", "4478037.3", "4478030.3", "4477790.3", "4477789.3", "4478936.3", "4478934.3", "4478294.3", "4478292.3", "4478291.3", "4478290.3", "4478283.3", "4478222.3", "4478038.3", "4479311.3", "4478943.3", "4478941.3", "4478940.3", "4478939.3", "4478938.3", "4478937.3"], "created": "2011-11-23 13:35:42", "url": "https://api.mg-rast.org/metagenome/mgm4477749.3?verbosity=full", "owner": "mgu50120", "sequence_type": "WGS", "job_id": 37346}