{"status": "public", "version": 1, "statistics": {}, "pipeline_parameters": {"filter_ambig": "yes", "assembled": "no", "prefix_length": "50", "aa_pid": "90", "max_ambig": "5", "filter_ln_mult": "2.0", "m5nr_annotation_version": "1", "m5rna_sims_version": "7", "priority": "never", "fgs_type": "454", "dereplicate": "yes", "m5nr_sims_version": "7", "m5rna_annotation_version": "1", "filter_ln": "yes", "bowtie": "yes", "rna_pid": "97", "screen_indexes": "h_sapiens", "file_type": "fna"}, "mixs": {"biome": "marine biome", "latitude": 32.6, "PI_lastname": "Rodriguez-Brito", "env_package_type": "water", "country": "United States of America", "project_id": "mgp11", "feature": "saline evaporation pond", "longitude": -117.1072, "seq_method": "454", "material": "saline water", "collection_date": "2005-11-11T00:00:00Z", "location": "Chula Vista, CA", "PI_firstname": "Beltran", "sequence_type": "WGS", "project_name": "Chula Vista, CA Solar Saltern Study"}, "owner": "mgu163", "md5_checksum": "f2403f581ceab7ac0ff1548e39e24cfb", "project_alpha_diversity": {"avg": 287.597157489909, "stdv": 214.92260101415, "max": 769.523606831403, "min": 25.0416487709006}, "job_id": 332, "mixs_compliant": 0, "sequence_type": "WGS", "pipeline_version": "3.0", "project": ["mgp11", "https://api.mg-rast.org/project/mgp11"], "metadata": {"sample": {"data": {"samp_collect_device": "Water samples from the solar saltern of South Bay Salt Works (Chula Vista, CA, USA) were collected from three ponds with different salinities: low (6-8%), medium (12-14%), and high (27-30%). Salinity was measured with a hand refractometer. The time between samplings ranged from 1 day to ~1.33 years (Table 1). Viral and microbial fractions were isolated from each water sample by passage through a 0.2-&#956;m tangential flow filter (TFF, Millipore, Westborough, MA, USA). The filtrate and the retentate were collected in separate tanks.", "biome": "marine biome", "latitude": 32.6, "isol_growth_condt": "20147985", "env_package": "water", "misc_param": "geodetic_system: wgs_84", "country": "United States of America", "continent": "north america", "sample_name": "MedSalternSDbayMic20051111", "collection_time": "00:00:00", "material": "saline water", "longitude": -117.1072, "feature": "saline evaporation pond", "collection_timezone": "UTC", "collection_date": "2005-11-11", "location": "Chula Vista, CA"}, "id": "mgs69215", "name": "MedSalternSDbayMic20051111"}, "env_package": {"id": "mge69216", "name": "MedSalternSDbayMic20051111: water", "type": "water", "data": {"sample_name": "MedSalternSDbayMic20051111", "biomass": "5.89E7 cells/ml", "env_package": "water", "salinity": "12-14%"}}, "project": {"name": "Chula Vista, CA Solar Saltern Study", "id": "mgp11", "public": "Chula Vista, CA Solar Saltern Study", "data": {"project_name": "Chula Vista, CA Solar Saltern Study", "PI_organization_address": "San Diego, CA", "PI_organization_url": "www.csrc.sdsu.edu/", "PI_firstname": "Beltran", "ncbi_id": "28377, 28725", "PI_email": "beltran.rodriguezbrito@gmail.com", "PI_organization_country": "USA", "PI_lastname": "Rodriguez-Brito", "project_description": "Water samples from the solar saltern of South Bay Salt Works (Chula Vista, CA, USA) were collected from three ponds with different salinities: low (6-8%), medium (12-14%), and high (27-30%). In this study, we used metagenomics to monitor the viral and microbial communities in this and 3 other distinctive, stable, human-controlled aquatic environments over time. The study environments included a freshwater aquaculture system and three solar saltern environments of differing salinity. Populations within the communities were monitored at both the coarse-grained level of species and the fine-grained level of strains. On the basis of our results, we propose a model for these stable aquatic environments that is consistent with a Kill-the-Winner cycling of predator and prey populations and in which sensitive microbial strains are killed off by viral predators and are replaced by phage-resistant strains of the same species.", "PI_organization": "Computational Science Research Center, San Diego State University", "project_funding": "NSF, Gordon and Betty Moore Foundation, ARCS Fellowship, NSF Postdoctoral Fellowship #DBI-0511948, ATP/Kent Sea Tech and EMBO ASTF366-2007 short-term fellowship."}}, "library": {"data": {"lib_size_mean": 99.9, "misc_param": "sequences_sequences_filtered: Removed redundant contigs", "pubmed_id": "18337718, 20147985", "investigation_type": "metagenome", "sample_name": "MedSalternSDbayMic20051111", "file_name": "MedSalternSDbayMic20051111.fna", "seq_center": "454 Life Sciences, Inc, Branford, CT", "metagenome_name": "MedSalternSDbayMic20051111", "gold_id": "Gm00134", "seq_meth": "454", "metagenome_id": "4440434.3", "file_checksum": "f2403f581ceab7ac0ff1548e39e24cfb"}, "id": "mgl69217", "type": "WGS", "name": "MedSalternSDbayMic20051111"}}, "sample": ["mgs69215", "https://api.mg-rast.org/sample/mgs69215"], "url": "https://api.mg-rast.org/metagenome/mgm4440434.3?verbosity=full", "library": ["mgl69217", "https://api.mg-rast.org/library/mgl69217"], "project_metagenomes": ["4440435.3", "4440426.3", "4440437.3", "4440427.3", "4440144.4", "4440145.4", "4440433.3", "4440419.3", "4440416.3", "4440425.3", "4440431.3", "4440417.3", "4440432.3", "4440434.3", "4440436.3", "4440421.3", "4440428.3", "4440324.3", "4440325.3", "4440420.3", "4440430.3", "4440429.3", "4440438.3", "4440090.3"], "name": "MedSalternSDbayMic20051111", "created": "2007-12-23 21:10:31", "id": "mgm4440434.3"}