{"mixs_compliant": 0, "id": "mgm4478030.3", "metadata": {"sample": {"name": "7LM", "data": {"country": "Brazil", "env_package": "soil", "collection_timezone": "UTC-10", "longitude": -55.8357663, "collection_date": "2009-10-28", "biome": "Tropical and subtropical moist broadleaf forest biome", "feature": "agricultural soil", "material": "rhizosphere", "location": "Amazonia", "collection_time": "11:40:00", "sample_name": "7LM", "latitude": -11.6832502}, "id": "mgs159754"}, "project": {"public": "Soybean Rhizosphere from Amazon Soils", "id": "mgp7774", "name": "Soybean Rhizosphere from Amazon Soils", "data": {"organization_address": "Avenida Centenario 303", "PI_organization_country": "Brazil", "PI_organization": "Center for Nuclear Energy in Agriculture CENA-USP", "organization": "Center for Nuclear Energy in Agriculture CENA-USP", "organization_country": "Brazil", "envo_release": "2013-04-27", "email": "lucaswmendes@gmail.com", "PI_organization_address": "Avenida Centen\u00e1rio 303, CEP 13400-970 Piracicaba-SP", "lastname": "Mendes", "firstname": "Lucas William", "project_description": "The selection of the rhizospheric microbial community from the bulk soil reservoir under agricultural management of soybean in Amazon forest soils. [Reference: Mendes LW, Kuramae EE, Navarrete AA, van VEEN JA, Tsai SM. (2014). Taxonomical and functional microbial community selection in soybean rhizosphere. The ISME Journal 8:1577-1587, 2014]", "project_funding": "FAPESP", "PI_organization_url": "www.cena.usp.br", "project_name": "Soybean Rhizosphere from Amazon Soils", "PI_lastname": "Mendes", "PI_email": "lucaswmendes@gmail.com", "organization_url": "www.cena.usp.br", "mgrast_id": "mgp7774", "PI_firstname": "Lucas William"}}, "env_package": {"type": "soil", "data": {"sample_name": "7LM", "env_package": "soil"}, "name": "7LM: soil", "id": "mge159755"}, "library": {"id": "mgl159756", "name": "7LM", "type": "WGS", "data": {"file_name": "2011_11_17_EikoKuramae_7_LM_SFF.sff.fasta", "file_checksum": "99b6d1fd2bba37feca26dfb96cfd8dea", "sample_name": "7LM", "seq_meth": "454", "metagenome_name": "7LM", "metagenome_id": "4478030.3", "investigation_type": "metagenome"}}}, "sample": ["mgs159754", "https://api.mg-rast.org/sample/mgs159754"], "project_alpha_diversity": {"max": 693.056468271845, "stdv": 35.0016630073723, "avg": 641.752377404847, "min": 539.324720307438}, "pipeline_parameters": {"fgs_type": "454", "filter_ambig": "yes", "m5nr_sims_version": "7", "assembled": "no", "aa_pid": "90", "bowtie": "no", "filter_ln": "yes", "m5rna_annotation_version": "1", "m5rna_sims_version": "1", "priority": "never", "max_ambig": "5", "filter_ln_mult": "1.99", "file_type": "fna", "rna_pid": "97", "m5nr_annotation_version": "1", "dereplicate": "yes", "prefix_length": "50", "screen_indexes": "h_sapiens_asm"}, "version": 1, "project": ["mgp7774", "https://api.mg-rast.org/project/mgp7774"], "name": "7LM", "library": ["mgl159756", "https://api.mg-rast.org/library/mgl159756"], "md5_checksum": "99b6d1fd2bba37feca26dfb96cfd8dea", "pipeline_version": "3.0", "owner": "mgu50120", "statistics": {}, "created": "2011-12-02 12:57:39", "sequence_type": "WGS", "url": "https://api.mg-rast.org/metagenome/mgm4478030.3?verbosity=full", "status": "public", "mixs": {"project_name": "Soybean Rhizosphere from Amazon Soils", "country": "Brazil", "env_package_type": "soil", "PI_firstname": "Lucas William", "seq_method": "454", "PI_lastname": "Mendes", "longitude": -55.8357663, "feature": "agricultural soil", "biome": "Tropical and subtropical moist broadleaf forest biome", "project_id": "mgp7774", "collection_date": "2009-10-28T11:40:00-1000", "sequence_type": "WGS", "latitude": -11.6832502, "location": "Amazonia", "material": "rhizosphere"}, "project_metagenomes": ["4477751.3", "4477749.3", "4477755.3", "4477757.3", "4478037.3", "4478030.3", "4477790.3", "4477789.3", "4478936.3", "4478934.3", "4478294.3", "4478292.3", "4478291.3", "4478290.3", "4478283.3", "4478222.3", "4478038.3", "4479311.3", "4478943.3", "4478941.3", "4478940.3", "4478939.3", "4478938.3", "4478937.3"], "job_id": 37660}