{"status": "public", "id": "mgm4477900.3", "version": 1, "mixs_compliant": 0, "sequence_type": "WGS", "owner": "mgu29672", "pipeline_parameters": {"m5rna_sims_version": "1", "dynamic_trim": "no", "prefix_length": "50", "bowtie": "no", "min_qual": "15", "m5rna_annotation_version": "1", "rna_pid": "97", "max_lqb": "5", "m5nr_annotation_version": "1", "priority": "never", "m5nr_sims_version": "7", "aa_pid": "90", "assembled": "no", "screen_indexes": "h_sapiens_asm", "fgs_type": "454", "file_type": "fastq", "dereplicate": "yes"}, "name": "EB017_r1", "statistics": {}, "mixs": {"latitude": -78.03, "biome": "Deserts and xeric shrubland biome", "longitude": 163.873283333333, "seq_method": "illumina", "project_name": "cross-site soil metagen", "collection_date": "2010-01-10T12:00:00-0700", "env_package_type": "soil", "PI_firstname": "Noah", "feature": "slope", "material": "bulk soil", "PI_lastname": "Fierer", "location": "Garwood Valley, Antarctica", "sequence_type": "WGS", "project_id": "mgp2997", "country": "USA"}, "created": "2011-11-26 16:03:55", "url": "https://api.mg-rast.org/metagenome/mgm4477900.3?verbosity=full", "project_alpha_diversity": {"max": 1104.69554506166, "stdv": 84.9436421028179, "avg": 867.144394137914, "min": 672.396823416176}, "sample": ["mgs92782", "https://api.mg-rast.org/sample/mgs92782"], "metadata": {"sample": {"name": "EB017", "id": "mgs92782", "data": {"env_package": "soil", "sample_name": "EB017", "biome": "Deserts and xeric shrubland biome", "latitude": -78.03, "collection_time": "12:00:00", "collection_timezone": "UTC-7", "collection_date": "2010-01-10", "longitude": 163.873283333333, "feature": "slope", "material": "bulk soil", "country": "USA", "location": "Garwood Valley, Antarctica"}}, "project": {"data": {"project_name": "cross-site soil metagen", "PI_organization_country": "USA", "PI_organization": "University of Colorado", "PI_email": "noah.fierer@colorado.edu", "PI_firstname": "Noah", "PI_lastname": "Fierer", "mgrast_id": "mgp2997", "PI_organization_address": "CIRES, UCB 216 Boulder CO 80309"}, "public": "cross-site soil metagen", "id": "mgp2997", "name": "cross-site soil metagen"}, "env_package": {"data": {"env_package": "soil", "sample_name": "EB017_r1"}, "type": "soil", "id": "mge92783", "name": "EB017_r1: soil"}, "library": {"type": "WGS", "data": {"metagenome_id": "4477900.3", "sample_name": "EB017_r1", "seq_meth": "illumina", "file_checksum": "b58d56e9c90b025e395548d984b6b393", "file_name": "Noah5_110721_HWI-EAS137R_0379_s_6_1_sequence.fastq.fasta", "metagenome_name": "EB017_r1", "investigation_type": "metagenome"}, "name": "EB017_r1", "id": "mgl92784"}}, "pipeline_version": "3.0", "project": ["mgp2997", "https://api.mg-rast.org/project/mgp2997"], "library": ["mgl92784", "https://api.mg-rast.org/library/mgl92784"], "project_metagenomes": ["4477904.3", "4477903.3", "4477902.3", "4477901.3", "4477900.3", "4477899.3", "4477877.3", "4477876.3", "4477875.3", "4477874.3", "4477873.3", "4477872.3", "4477807.3", "4477805.3", "4477804.3", "4477803.3"], "job_id": 37497, "md5_checksum": "b58d56e9c90b025e395548d984b6b393"}