{"created": "2007-12-23 21:10:31", "name": "MedSalternSDbayMic20051110", "project_metagenomes": ["4440435.3", "4440426.3", "4440437.3", "4440427.3", "4440144.4", "4440145.4", "4440433.3", "4440419.3", "4440416.3", "4440425.3", "4440431.3", "4440417.3", "4440432.3", "4440434.3", "4440436.3", "4440421.3", "4440428.3", "4440324.3", "4440325.3", "4440420.3", "4440430.3", "4440429.3", "4440438.3", "4440090.3"], "sequence_type": "WGS", "version": 1, "job_id": 331, "pipeline_parameters": {"dereplicate": "yes", "filter_ambig": "yes", "max_ambig": "5", "fgs_type": "454", "m5rna_sims_version": "7", "assembled": "no", "screen_indexes": "h_sapiens", "rna_pid": "97", "prefix_length": "50", "priority": "never", "m5nr_annotation_version": "1", "filter_ln_mult": "2.0", "m5nr_sims_version": "7", "m5rna_annotation_version": "1", "bowtie": "yes", "aa_pid": "90", "file_type": "fna", "filter_ln": "yes"}, "project_alpha_diversity": {"min": 25.0416487709006, "max": 769.523606831403, "avg": 287.597157489909, "stdv": 214.92260101415}, "pipeline_version": "3.0", "library": ["mgl69214", "https://api.mg-rast.org/library/mgl69214"], "url": "https://api.mg-rast.org/metagenome/mgm4440435.3?verbosity=full", "owner": "mgu163", "project": ["mgp11", "https://api.mg-rast.org/project/mgp11"], "status": "public", "mixs_compliant": 0, "md5_checksum": "d3ddeab9276f4e4c6451532bffc2bd69", "sample": ["mgs69212", "https://api.mg-rast.org/sample/mgs69212"], "metadata": {"library": {"data": {"lib_size_mean": 99.3, "gold_id": "Gm00134", "investigation_type": "metagenome", "pubmed_id": "18337718, 20147985", "misc_param": "sequences_sequences_filtered: Removed redundant contigs", "file_name": "MedSalternSDbayMic20051110.fna", "seq_meth": "454", "sample_name": "MedSalternSDbayMic20051110", "file_checksum": "d3ddeab9276f4e4c6451532bffc2bd69", "seq_center": "454 Life Sciences, Inc, Branford, CT", "metagenome_id": "4440435.3", "metagenome_name": "MedSalternSDbayMic20051110"}, "id": "mgl69214", "name": "MedSalternSDbayMic20051110", "type": "WGS"}, "project": {"id": "mgp11", "public": "Chula Vista, CA Solar Saltern Study", "data": {"project_name": "Chula Vista, CA Solar Saltern Study", "project_funding": "NSF, Gordon and Betty Moore Foundation, ARCS Fellowship, NSF Postdoctoral Fellowship #DBI-0511948, ATP/Kent Sea Tech and EMBO ASTF366-2007 short-term fellowship.", "PI_organization_url": "www.csrc.sdsu.edu/", "PI_lastname": "Rodriguez-Brito", "PI_email": "beltran.rodriguezbrito@gmail.com", "PI_organization_country": "USA", "PI_organization_address": "San Diego, CA", "PI_organization": "Computational Science Research Center, San Diego State University", "ncbi_id": "28377, 28725", "PI_firstname": "Beltran", "project_description": "Water samples from the solar saltern of South Bay Salt Works (Chula Vista, CA, USA) were collected from three ponds with different salinities: low (6-8%), medium (12-14%), and high (27-30%). In this study, we used metagenomics to monitor the viral and microbial communities in this and 3 other distinctive, stable, human-controlled aquatic environments over time. The study environments included a freshwater aquaculture system and three solar saltern environments of differing salinity. Populations within the communities were monitored at both the coarse-grained level of species and the fine-grained level of strains. On the basis of our results, we propose a model for these stable aquatic environments that is consistent with a Kill-the-Winner cycling of predator and prey populations and in which sensitive microbial strains are killed off by viral predators and are replaced by phage-resistant strains of the same species."}, "name": "Chula Vista, CA Solar Saltern Study"}, "env_package": {"name": "MedSalternSDbayMic20051110: water", "type": "water", "id": "mge69213", "data": {"salinity": "12-14%", "sample_name": "MedSalternSDbayMic20051110", "biomass": "5.89E7 cells/ml", "env_package": "water"}}, "sample": {"name": "MedSalternSDbayMic20051110", "id": "mgs69212", "data": {"latitude": 32.6, "env_package": "water", "misc_param": "geodetic_system: wgs_84", "samp_collect_device": "Water samples from the solar saltern of South Bay Salt Works (Chula Vista, CA, USA) were collected from three ponds with different salinities: low (6-8%), medium (12-14%), and high (27-30%). Salinity was measured with a hand refractometer. The time between samplings ranged from 1 day to ~1.33 years (Table 1). Viral and microbial fractions were isolated from each water sample by passage through a 0.2-&#956;m tangential flow filter (TFF, Millipore, Westborough, MA, USA). The filtrate and the retentate were collected in separate tanks.", "collection_time": "00:00:00", "longitude": -117.1072, "collection_date": "2005-11-10", "continent": "north america", "sample_name": "MedSalternSDbayMic20051110", "country": "United States of America", "material": "saline water", "location": "Chula Vista, CA", "isol_growth_condt": "20147985", "collection_timezone": "UTC", "biome": "marine biome", "feature": "saline evaporation pond"}}}, "mixs": {"project_id": "mgp11", "PI_firstname": "Beltran", "country": "United States of America", "latitude": 32.6, "longitude": -117.1072, "collection_date": "2005-11-10T00:00:00Z", "biome": "marine biome", "env_package_type": "water", "seq_method": "454", "feature": "saline evaporation pond", "project_name": "Chula Vista, CA Solar Saltern Study", "material": "saline water", "location": "Chula Vista, CA", "PI_lastname": "Rodriguez-Brito", "sequence_type": "WGS"}, "statistics": {}, "id": "mgm4440435.3"}