{"project_alpha_diversity": {"stdv": 350.570605652042, "min": 20.0230642565395, "max": 855.684392784736, "avg": 482.921152331943}, "sample": ["mgs62860", "https://api.mg-rast.org/sample/mgs62860"], "mixs_compliant": 1, "pipeline_parameters": {"filter_ln_mult": "2.00", "rna_pid": "97", "assembled": "no", "m5rna_annotation_version": "1", "m5nr_annotation_version": "1", "max_ambig": "5", "filter_ln": "yes", "bowtie": "no", "aa_pid": "90", "m5rna_sims_version": "7", "m5nr_sims_version": "7", "dereplicate": "no", "priority": "never", "fgs_type": "454", "screen_indexes": "h_sapiens_asm", "filter_ambig": "yes", "file_type": "fna", "prefix_length": "50"}, "status": "public", "id": "mgm4480861.3", "version": 1, "statistics": {}, "url": "https://api.mg-rast.org/metagenome/mgm4480861.3?verbosity=full", "library": ["mgl62862", "https://api.mg-rast.org/library/mgl62862"], "owner": "mgu20062", "metadata": {"env_package": {"id": "mge62861", "data": {"env_package": "wastewater|sludge", "sample_name": "Beer_CE_Day_98", "samp_store_temp": "-80", "ph": "5.5"}, "name": "Beer_CE_Day_98: wastewater|sludge", "type": "wastewater|sludge"}, "project": {"data": {"firstname": "Matthew", "project_name": "Beer-to-Caproate", "project_description": "Chain elongation with reactor microbiomes: upgrading dilute ethanol to medium-chain carboxylates", "PI_organization_url": "http://angenent.bee.cornell.edu/", "email": "matthewtagler@gmail.com", "PI_organization_address": "214 Riley-Robb Hall, Ithaca, NY 14853", "organization": "Cornell University", "lastname": "Agler", "project_funding": "USDA through the National Institutes of Food and Agriculture (NIFA), grant number 2007-35504-05381", "organization_country": "USA", "PI_organization": "Cornell Univeristy", "organization_url": "http://angenent.bee.cornell.edu/", "organization_address": "214 Riley-Robb Hall, Ithaca, NY 14853", "PI_organization_country": "USA", "PI_firstname": "Largus", "PI_email": "la249@cornell.edu", "PI_lastname": "Angenent"}, "name": "Beer-to-Caproate", "public": "Beer-to-Caproate", "id": "mgp397"}, "sample": {"name": "Beer_CE_Day_98", "data": {"env_package": "wastewater|sludge", "material": "anaerobic digester sludge", "temperature": 30, "ph": 5.5, "collection_date": "2011-06-28", "location": "Ithaca, New York", "collection_time": "13:00:00", "biome": "anaerobic digester sludge", "feature": "anaerobic digester sludge", "sample_name": "Beer_CE_Day_98", "country": "United States of America", "latitude": 42.44, "collection_timezone": "UTC-5", "depth": 0, "longitude": -76.5}, "id": "mgs62860"}, "library": {"type": "WGS", "data": {"metagenome_id": "4480861.3", "metagenome_name": "Beer_CE_Day_98", "investigation_type": "metagenome", "file_name": "1d62all_seqs_unique_nodots.fna", "sample_name": "Beer_CE_Day_98", "file_checksum": "148b0dbe4c96fe17630e02d609d6d841", "seq_meth": "illumina"}, "name": "Beer_CE_Day_98", "id": "mgl62862"}}, "sequence_type": "WGS", "mixs": {"country": "United States of America", "feature": "anaerobic digester sludge", "latitude": 42.44, "project_id": "mgp397", "PI_firstname": "Largus", "sequence_type": "WGS", "PI_lastname": "Angenent", "longitude": -76.5, "project_name": "Beer-to-Caproate", "env_package_type": "wastewater|sludge", "material": "anaerobic digester sludge", "location": "Ithaca, New York", "collection_date": "2011-06-28T13:00:00-0500", "seq_method": "illumina", "biome": "anaerobic digester sludge"}, "project_metagenomes": ["4480867.3", "4480865.3", "4480864.3", "4480863.3", "4480861.3", "4480859.3", "4480858.3", "4480849.3", "4480815.3", "4480776.3", "4480764.3", "4480719.3", "4493574.3", "4493577.3", "4493578.3", "4493579.3", "4493580.3", "4493575.3", "4493576.3"], "name": "Beer_CE_Day_98", "job_id": 41553, "pipeline_version": "3.0", "md5_checksum": "148b0dbe4c96fe17630e02d609d6d841", "created": "2012-01-22 07:06:57", "project": ["mgp397", "https://api.mg-rast.org/project/mgp397"]}