{"project": ["mgp1929", "https://api.mg-rast.org/project/mgp1929"], "md5_checksum": "93db1896c993f825cd7eee9586f511a2", "version": 1, "mixs": {"project_id": "mgp1929", "material": "coastal water", "PI_lastname": "Thompson", "seq_method": "454", "sequence_type": "WGS", "biome": "estuarine biome", "country": "Brazil", "latitude": -22.864633, "PI_firstname": "Fabiano", "longitude": -43.160464, "collection_date": "2010-02-23T09:15:00-0300", "location": "Rio de Janeiro", "feature": "ocean", "project_name": "Guanabara Bay Metagenome", "env_package_type": "water"}, "project_metagenomes": ["4454704.3", "4454702.3", "4454703.3", "4454701.3", "4454700.3", "4454699.3", "4454697.3", "4454698.3", "4454696.3", "4454694.3", "4454695.3", "4454693.3", "4454692.3", "4454691.3", "4454689.3", "4454688.3", "4454687.3", "4454686.3", "4454506.3", "4454505.3", "4454504.3", "4454503.3", "4454502.3", "4454501.3", "4453382.3", "4453381.3", "4453380.3", "4453379.3", "4453376.3", "4453375.3"], "project_alpha_diversity": {"max": 871.556007565905, "avg": 462.159589296933, "min": 154.271793800226, "stdv": 233.227285865519}, "metadata": {"library": {"data": {"investigation_type": "metagenome", "metagenome_name": "ActinoPt7", "file_checksum": "93db1896c993f825cd7eee9586f511a2", "sample_name": "ActinoPt7", "seq_meth": "454", "metagenome_id": "4454687.3"}, "id": "mgl103915", "name": "ActinoPt7", "type": "WGS"}, "env_package": {"data": {"env_package": "water", "sample_name": "ActinoPt7"}, "id": "mge103914", "type": "water", "name": "ActinoPt7: water"}, "project": {"name": "Guanabara Bay Metagenome", "public": "Guanabara Bay Metagenome", "data": {"PI_email": "fabiano.thompson@biologia.ufrj.br", "PI_organization_country": "Brazil", "project_funding": "CNPq/CAPES/FAPERJ", "mgrast_id": "mgp1929", "firstname": "Gustavo", "PI_lastname": "Thompson", "organization_country": "Brazil", "PI_organization_address": "Rio de Janeiro", "organization_address": "Rio de Janeiro", "project_name": "Guanabara Bay Metagenome", "organization": "Federal University of Rio de Janeiro (UFRJ)", "project_description": "Metagenomic snapshots of the Guanabara Bay, Rio de Janeiro, Brazil for the description of the microbial structure in complementation of the ecological survey", "PI_organization": "Federal University of Rio de Janeiro (UFRJ)", "lastname": "Gregoracci", "PI_firstname": "Fabiano", "email": "gustavo_biomed@yahoo.com"}, "id": "mgp1929"}, "sample": {"id": "mgs103913", "data": {"country": "Brazil", "continent": "south america", "latitude": -22.864633, "biome": "estuarine biome", "longitude": -43.160464, "collection_date": "2010-02-23", "feature": "ocean", "location": "Rio de Janeiro", "misc_param": "subsample from BG Site 7-1 and BG Site 7-2", "temperature": 27, "collection_timezone": "UTC-3", "depth": 1, "sample_name": "ActinoPt7", "material": "coastal water", "env_package": "water", "collection_time": "09:15:00"}, "name": "ActinoPt7"}}, "pipeline_version": "3.0", "job_id": 14288, "statistics": {}, "url": "https://api.mg-rast.org/metagenome/mgm4454687.3?verbosity=full", "created": "2011-02-13 00:34:57", "sample": ["mgs103913", "https://api.mg-rast.org/sample/mgs103913"], "id": "mgm4454687.3", "status": "public", "sequence_type": "WGS", "mixs_compliant": 0, "owner": "mgu9202", "pipeline_parameters": {"assembled": "no", "max_ambig": "5", "rna_pid": "97", "m5nr_annotation_version": "1", "filter_ln": "yes", "bowtie": "yes", "filter_ambig": "yes", "prefix_length": "50", "file_type": "fna", "m5nr_sims_version": "7", "fgs_type": "454", "filter_ln_mult": "2.0", "aa_pid": "90", "m5rna_sims_version": "7", "priority": "never", "dereplicate": "yes", "screen_indexes": "h_sapiens", "m5rna_annotation_version": "1"}, "library": ["mgl103915", "https://api.mg-rast.org/library/mgl103915"], "name": "ActinoPt7"}