{"project_metagenomes": ["4453371.3", "4453305.3", "4453304.3", "4447862.3", "4447551.3", "4447483.3", "4448427.3", "4453372.3"], "md5_checksum": "760dba98061d09e8c2cd883c8ba5ba7c", "statistics": {}, "name": "Sebastiao Gomes", "pipeline_parameters": {"screen_indexes": "h_sapiens", "prefix_length": "50", "max_ambig": "5", "bowtie": "yes", "file_type": "fna", "filter_ambig": "yes", "filter_ln_mult": "2.0", "m5rna_annotation_version": "1", "priority": "never", "aa_pid": "90", "m5nr_annotation_version": "1", "fgs_type": "454", "dereplicate": "yes", "assembled": "no", "rna_pid": "97", "m5rna_sims_version": "7", "filter_ln": "yes", "m5nr_sims_version": "7"}, "status": "public", "id": "mgm4448427.3", "project": ["mgp4558", "https://api.mg-rast.org/project/mgp4558"], "pipeline_version": "3.0", "version": 1, "metadata": {"project": {"id": "mgp4558", "name": "Abrolhos reef Bank", "data": {"PI_organization_country": "Brazil", "lastname": "Bruce", "PI_lastname": "Thompson", "PI_organization_address": "Lab. de Microbiologia - BIOMAR UFRJ Av. Carlos Chagas Fo., 373 CCS - Bloco A (Anexo), A3 - sl 202 Cidade Universit\u00c3\u00a1ria RJ - RJ - Brasil 21941-599, Brazil", "project_name": "Abrolhos reef Bank", "project_description": "The aim of this study was to characterize the coral reef systems of the Abrolhos Bank using Metagenomic approach. Metagenomes were used to evaluated healthy of Abrolhos reef Bank. Metagenomic analysis may accurately detect small changes in the diversity and metabolism of microbial community associated to reef ecossystem. Abrolhos Bank is the most important coral reef area of the South Atlantic Ocean, but less than 5% of the reefs are located within Marine Protected Areas (MPAs). All Brazilian endemic scleractinians are found in the Abrolhos Bank. The two offshore reefs within the no-take area of the National Marine Park of Abrolhos (NMPA) included in this study (Parcel dos Abrolhos and California) are well protected from fishing. The two inner reefs (Pedra de Leste and Sebastia\u00cb\u009co Gomes) are unprotected and subjected to high fishing pressure, while the third reef (Timbebas Reef) is located within a poorly enforced portion of the NMPA. Spatial management through implementations of the NMPA can be considered a large-scale ecological experiment that can provide important insights into ecosystem functioning and management effectiveness. The data presented here was published in Bruce et al 2012. Bruce, T., P. M. Meirelles, G. Garcia, R. Paranhos, C. E. Rezende, R. L. de Moura, R. F. Filho, E. O. Coni, A. T. Vasconcelos, G. Amado Filho, M. Hatay, R. Schmieder, R. Edwards, E. Dinsdale, and F. L. Thompson. 2012. Abrolhos bank reef health evaluated by means of water quality, microbial diversity, benthic cover, and fish biomass data. PLoS ONE 7:e36687.", "PI_email": "fabiano.thompson@biologia.ufrj.br", "PI_firstname": "Fabiano", "PI_organization_url": "http://www.microbiologia.biologia.ufrj.br", "project_funding": "CNPq, CAPES, FAPERJ", "firstname": "Thiago", "PI_organization": "Federal University of Rio de Janeiro", "email": "fabiano.thompson@biologia.ufrj.br"}, "public": "Abrolhos reef Bank"}, "sample": {"id": "mgs231550", "name": "Sebastiao Gomes", "data": {"collection_time": "10:00:00", "latitude": -17.9118027777778, "sample_name": "Sebastiao Gomes", "biome": "coral reef", "material": "water", "feature": "coral reef", "collection_date": "2009-02-20", "country": "Brazil", "location": "Abrolhos Reefs", "collection_timezone": "UTC-03:00", "longitude": -39.1294277777778, "sample_id": "4448427.3", "env_package": "water"}}, "library": {"type": "WGS", "data": {"file_checksum": "760dba98061d09e8c2cd883c8ba5ba7c", "metagenome_id": "4448427.3", "metagenome_name": "Sebastiao Gomes", "investigation_type": "metagenome", "sample_name": "Sebastiao Gomes", "seq_meth": "454"}, "id": "mgl231552", "name": "Sebastiao Gomes"}, "env_package": {"id": "mge231551", "name": "Sebastiao Gomes: water", "type": "water", "data": {"sample_name": "Sebastiao Gomes", "env_package": "water"}}}, "library": ["mgl231552", "https://api.mg-rast.org/library/mgl231552"], "mixs": {"project_id": "mgp4558", "longitude": -39.1294277777778, "sequence_type": "WGS", "seq_method": "454", "collection_date": "2009-02-20T10:00:00-0300", "location": "Abrolhos Reefs", "country": "Brazil", "env_package_type": "water", "project_name": "Abrolhos reef Bank", "feature": "coral reef", "material": "water", "PI_lastname": "Thompson", "biome": "coral reef", "PI_firstname": "Fabiano", "latitude": -17.9118027777778}, "created": "2010-05-21 21:28:06", "project_alpha_diversity": {"stdv": 154.538303568506, "min": 313.014668606957, "max": 791.723324221748, "avg": 585.657579898616}, "sequence_type": "WGS", "url": "https://api.mg-rast.org/metagenome/mgm4448427.3?verbosity=full", "mixs_compliant": 0, "job_id": 8181, "owner": "mgu9232", "sample": ["mgs231550", "https://api.mg-rast.org/sample/mgs231550"]}