{"project_alpha_diversity": {"avg": 867.144394137914, "stdv": 84.9436421028179, "max": 1104.69554506166, "min": 672.396823416176}, "url": "https://api.mg-rast.org/metagenome/mgm4477873.3?verbosity=full", "status": "public", "id": "mgm4477873.3", "sequence_type": "WGS", "metadata": {"project": {"public": "cross-site soil metagen", "id": "mgp2997", "name": "cross-site soil metagen", "data": {"PI_organization_country": "USA", "PI_organization": "University of Colorado", "PI_organization_address": "CIRES, UCB 216 Boulder CO 80309", "PI_lastname": "Fierer", "PI_firstname": "Noah", "project_name": "cross-site soil metagen", "mgrast_id": "mgp2997", "PI_email": "noah.fierer@colorado.edu"}}, "library": {"name": "SV1_r1", "type": "WGS", "id": "mgl92802", "data": {"metagenome_id": "4477873.3", "investigation_type": "metagenome", "sample_name": "SV1_r1", "file_name": "Noah15_110721_HWI-EAS137R_0379_s_4_1_sequence.fastq.fasta", "metagenome_name": "SV1_r1", "file_checksum": "7ccdcfbcaeb2315a708c3ccbcc070237", "seq_meth": "illumina"}}, "sample": {"data": {"collection_timezone": "UTC-7", "biome": "Deserts and xeric shrubland biome", "sample_name": "SV1", "latitude": 34.333, "longitude": -106.733, "material": "bulk soil", "env_package": "soil", "collection_time": "12:00:00", "feature": "slope", "location": "Chihuahuan Desert, Sevilleta LTER, New Mexico, USA", "country": "USA", "collection_date": "2010-01-10"}, "name": "SV1", "id": "mgs92800"}, "env_package": {"data": {"env_package": "soil", "sample_name": "SV1_r1"}, "id": "mge92801", "name": "SV1_r1: soil", "type": "soil"}}, "owner": "mgu29672", "mixs": {"seq_method": "illumina", "collection_date": "2010-01-10T12:00:00-0700", "sequence_type": "WGS", "project_id": "mgp2997", "biome": "Deserts and xeric shrubland biome", "material": "bulk soil", "longitude": -106.733, "latitude": 34.333, "PI_firstname": "Noah", "project_name": "cross-site soil metagen", "PI_lastname": "Fierer", "env_package_type": "soil", "country": "USA", "feature": "slope", "location": "Chihuahuan Desert, Sevilleta LTER, New Mexico, USA"}, "created": "2011-11-25 15:39:43", "project_metagenomes": ["4477904.3", "4477903.3", "4477902.3", "4477901.3", "4477900.3", "4477899.3", "4477877.3", "4477876.3", "4477875.3", "4477874.3", "4477873.3", "4477872.3", "4477807.3", "4477805.3", "4477804.3", "4477803.3"], "md5_checksum": "7ccdcfbcaeb2315a708c3ccbcc070237", "mixs_compliant": 0, "project": ["mgp2997", "https://api.mg-rast.org/project/mgp2997"], "library": ["mgl92802", "https://api.mg-rast.org/library/mgl92802"], "job_id": 37470, "version": 1, "pipeline_version": "3.0", "name": "SV1_r1", "statistics": {}, "sample": ["mgs92800", "https://api.mg-rast.org/sample/mgs92800"], "pipeline_parameters": {"m5nr_annotation_version": "1", "aa_pid": "90", "priority": "never", "assembled": "no", "file_type": "fastq", "min_qual": "15", "dereplicate": "yes", "m5rna_sims_version": "1", "max_lqb": "5", "prefix_length": "50", "dynamic_trim": "no", "bowtie": "no", "m5rna_annotation_version": "1", "rna_pid": "97", "fgs_type": "454", "m5nr_sims_version": "7", "screen_indexes": "h_sapiens_asm"}}