{"created": "2007-10-03 13:50:15", "sequence_type": "WGS", "statistics": {}, "job_id": 290, "metadata": {"library": {"name": "mgl52450", "data": {"metagenome_id": "4440212.3", "seq_center": "454 Life Sciences, Inc, Branford, CT", "sequences_sequences_filtered": "Extraneous sequences resulting from >1 template molecule per picotitre well were removed from the datasets", "investigation_type": "metagenome", "lib_type": "cDNA", "pubmed_id": "18725995", "metagenome_name": "Bag1_13thMay_DNA", "seq_meth": "454", "file_checksum": "eac564437d299849aca1af5c596e4b9f", "gold_id": "Gm00132", "seq_make": "454/Roche GS-FLX"}, "id": "mgl52450", "type": "WGS"}, "sample": {"id": "mgs22566", "data": {"samp_size": "15 L", "env_package": "water", "material": "marine habitat", "country": "Norway", "isol_growth_condt": "18725995", "longitude": 5.22, "collection_timezone": "UTC", "latitude": 60.27, "feature": "marine habitat", "biome": "marine habitat", "samp_collect_device": "Water samples were obtained from a replicated mesocosm study (two treatments, each in triplicate) established in coastal waters of a fjord close to Bergen, Norway (60.27\u00c2\u00b0N: 5.22\u00c2\u00b0E). Each mesocosm contained 11,000 L of coastal water and two of the six mesocosms were sampled for this study. To induce the phytoplankton bloom, nitrate and phosphate were added. Water samples were taken at the peak and immediately following the collapse of the phytoplankton bloom from both a high CO2 and control mesocosm. The nucleic acid extraction methodologies are briefly outlined in Gilbert et al. but are fully described here. To isolate DNA and RNA, 15 L of water from each sample was filtered through a 140 mm diameter, 1.6 \u00c2\u00b5m GF/A filter (Whatman), to reduce eukaryotic cell abundance and maximize the proportion of prokaryotic cells. This filtration took only 3 minutes and the filtrate was applied directly to a 0.22 \u00c2\u00b5m Sterivex filter (Millipore) to allow rapid filtration of samples (<15 minutes per sample) to limited mRNA degradation. Following filtration, each Sterivex was pumped dry, frozen in liquid nitrogen and stored at &#8722;80\u00c2\u00b0C until extraction.", "samp_mat_process": "filtering", "geodetic_system": "wgs_84", "continent": "europe", "location": "coastal waters of a fjord close to Bergen, Norway", "collection_date": "2006-05-13"}, "name": "mgs22566"}, "env_package": {"name": "mge52451", "type": "water", "id": "mge52451", "data": {"env_package": "water", "diss_carb_dioxide": "high CO2 levels", "misc_param": "mid-bloom"}}, "project": {"public": "cDNA - Plymouth Marine Lab Coastal Waters project", "name": "cDNA - Plymouth Marine Lab Coastal Waters project", "data": {"PI_organization_url": "www.pml.ac.uk", "project_description": "We present a study of a complex marine metatranscriptome obtained from random whole-community mRNA using the GS-FLX Pyrosequencing technology. Eight samples, four DNA and four mRNA, were processed from two time points in a controlled coastal ocean mesocosm study (Bergen, Norway) involving an induced phytoplankton bloom producing a total of 323,161,989 base pairs. Our study confirms the finding of the first published metatranscriptomic studies of marine and soil environments that metatranscriptomics targets highly expressed sequences which are frequently novel. Our alternative methodology increases the range of experimental options available for conducting such studies and is characterized by an exceptional enrichment of mRNA (99.92%) versus ribosomal RNA. Analysis of corresponding metagenomes confirms much higher levels of assembly in the metatranscriptomic samples and a far higher yield of large gene families with >100 members, ~91% of which were novel.  These datasets are described in PMID:  18725995  Gilbert et al. PLoS One. 2008 Aug 22;3(8):e3042. doi: 10.1371/journal.pone.0003042.\rDetection of large numbers of novel sequences in the metatranscriptomes of complex marine microbial communities. and are deposited as SRA000266.", "PI_organization_address": "Plymouth, Devon PL1 3DH", "PI_lastname": "Gilbert", "PI_organization_country": "United Kingdom", "PI_organization": "Plymouth Marine Laboratory", "PI_email": "jagi@pml.ac.uk", "project_funding": "Natural Environment Research Council (NE/C507902/1), Biodiversity Program of the Centre for Ecology and Hydrology, National Institute of Allergy and Infectious Diseases, National Institutes of Health, Department of Health and Human Services, the Gordon and Betty Moore Foundation", "PI_firstname": "Jack", "project_name": "cDNA - Plymouth Marine Lab Coastal Waters project", "ncbi_id": "28725"}, "id": "mgp52"}}, "mixs": {"project_name": "cDNA - Plymouth Marine Lab Coastal Waters project", "seq_method": "454", "env_package_type": "water", "biome": "marine habitat", "feature": "marine habitat", "latitude": 60.27, "longitude": 5.22, "collection_date": "2006-05-13", "location": "coastal waters of a fjord close to Bergen, Norway", "country": "Norway", "material": "marine habitat", "PI_firstname": "Jack ", "PI_lastname": "Gilbert", "sequence_type": "WGS", "project_id": "mgp52"}, "owner": "mgu260", "pipeline_parameters": {"m5nr_annotation_version": "1", "filter_ln_mult": "2.0", "rna_pid": "97", "screen_indexes": "h_sapiens", "m5nr_sims_version": "7", "file_type": "fna", "assembled": "no", "m5rna_annotation_version": "1", "filter_ln": "yes", "m5rna_sims_version": "7", "max_ambig": "5", "filter_ambig": "yes", "prefix_length": "50", "bowtie": "yes", "dereplicate": "yes", "aa_pid": "90", "priority": "never", "fgs_type": "454"}, "project": ["mgp52", "https://api.mg-rast.org/project/mgp52"], "md5_checksum": "eac564437d299849aca1af5c596e4b9f", "project_alpha_diversity": {"stdv": 133.924063927938, "min": 164.044584361858, "avg": 401.065629146282, "max": 521.075982951251}, "id": "mgm4440212.3", "sample": ["mgs22566", "https://api.mg-rast.org/sample/mgs22566"], "status": "public", "library": ["mgl52450", "https://api.mg-rast.org/library/mgl52450"], "project_metagenomes": ["4440163.5", "4440166.5", "4440165.5", "4440164.6", "4440213.3", "4440212.3", "4440275.3", "4440276.3"], "pipeline_version": "3.0", "mixs_compliant": 0, "url": "https://api.mg-rast.org/metagenome/mgm4440212.3?verbosity=full", "version": 1, "name": "Bag1_13thMay_DNA"}