{"url": "https://api.mg-rast.org/metagenome/mgm4440371.3?verbosity=full", "pipeline_version": "3.0", "version": 1, "statistics": {}, "id": "mgm4440371.3", "mixs_compliant": 1, "project_metagenomes": ["4440373.3", "4440375.3", "4440379.3", "4440371.3", "4440381.3", "4440377.3", "4440380.3", "4440376.3", "4440378.3", "4440374.3", "4440372.3", "4440370.3", "4440319.3"], "sequence_type": "WGS", "mixs": {"longitude": -157.7878, "env_package_type": "host-associated", "location": "Hawaii Institute of Marine Biology", "material": "animal-associated habitat", "biome": "animal-associated habitat", "project_id": "mgp16", "collection_date": "2006-02-22", "PI_firstname": "Rebecca", "country": "United States of America", "sequence_type": "WGS", "latitude": 21.434, "PI_lastname": "Vega  Thurber", "project_name": "Stressed Coral Holobionts", "feature": "animal-associated habitat", "seq_method": "454"}, "sample": ["mgs28665", "https://api.mg-rast.org/sample/mgs28665"], "project_alpha_diversity": {"stdv": 134.717305474331, "min": 138.940406910059, "max": 640.366857523245, "avg": 344.076724334809}, "created": "2007-12-15 05:14:33", "status": "public", "metadata": {"library": {"name": "mgl56456", "data": {"file_checksum": "a83f52769043f54753def0e2a2db94e3", "seq_center": "454 Life Sciences, Inc, Branford, CT", "sequences_sequences_combined_libraries": "Sequences are from combined libraries", "seq_meth": "454", "metagenome_name": "pHPorCompHawVir200602", "metagenome_id": "4440371.3", "sequences_sequences_filtered": "Removed redundant contigs", "pubmed_id": "19397678, 18337718", "gold_id": "Gm00087,  Gm00193", "investigation_type": "metagenome", "sequences_sequences_assembled": "Assembled contigs"}, "type": "WGS", "id": "mgl56456"}, "sample": {"data": {"longitude": -157.7878, "material": "animal-associated habitat", "location": "Hawaii Institute of Marine Biology", "env_package": "host-associated", "geodetic_system": "wgs_84", "biome": "animal-associated habitat", "collection_date": "2006-02-22", "continent": "north_america", "country": "United States of America", "ph": 6.7, "samp_size": "3 coral heads", "latitude": 21.434, "samp_collect_device": "Coral specimens were collected at the Hawaii Institute of Marine Biology (HIMB) on 22 February 2006. All P. compressa samples were collected 25 m offshore at 1 m depth and 5 m apart. Ambient sea surface water temperature was 24\u00c2\u00b0C. Three apparently healthy coral heads of approximately 20 cm in diameter were removed with hammer and chisel at the base of the colony to avoid polyp damage. Specimens were placed in a 3 l seawater-cured bucket, carried to shore, and immediately transferred to open outdoor aquaria that contained continuous flowing seawater.", "collection_timezone": "UTC", "temperature": 20, "samp_mat_process": "DNA extraction", "isol_growth_condt": "19397678", "feature": "animal-associated habitat"}, "name": "mgs28665", "id": "mgs28665"}, "project": {"id": "mgp16", "public": "Stressed Coral Holobionts", "name": "Stressed Coral Holobionts", "data": {"PI_email": "rvega@mail.sdsu.edu", "ncbi_id": "28595, 28433", "PI_organization": "San Diego State University", "PI_organization_country": "USA", "PI_firstname": "Rebecca", "PI_organization_url": "http://www.sci.sdsu.edu/cos/index.php", "PI_lastname": "Vega  Thurber", "PI_organization_address": "San Diego, CA", "project_description": "The coral holobiont is the community of metazoans, protists and microbes associated with scleractinian corals. Disruptions in these associations have been correlated with coral disease, but little is known about the series of events involved in the shift from mutualism to pathogenesis. To evaluate structural and functional changes in coral microbial communities, Porites compressa was exposed to four stressors: increased temperature, elevated nutrients, dissolved organic carbon loading and reduced pH. Microbial metagenomic samples were collected and pyrosequenced. Functional gene analysis demonstrated that stressors increased the abundance of microbial genes involved in virulence, stress resistance, sulfur and nitrogen metabolism, motility and chemotaxis, fatty acid and lipid utilization, and secondary metabolism. Relative changes in taxonomy also demonstrated that coral-associated microbiota (Archaea, Bacteria, protists) shifted from a healthy-associated coral community (e.g. Cyanobacteria, Proteobacteria and the zooxanthellae Symbiodinium) to a community (e.g. Bacteriodetes, Fusobacteria and Fungi) of microbes often found on diseased corals. Additionally, low-abundance Vibrio spp. were found to significantly alter microbiome metabolism, suggesting that the contribution of a just a few members of a community can profoundly shift the health status of the coral holobiont.", "project_funding": "NSF, the Gordon and Betty Moore Foundation", "project_name": "Stressed Coral Holobionts"}}, "env_package": {"type": "host-associated", "name": "mge56457", "data": {"_temp": "20", "host_growth_cond": "The reduced pH treatment was a reduction of ambient pH from &#8764;8.1 to 6.7 using molecular biology grade hydrochloric acid and bicarbonate. Tank pH was monitored every 12 h using Whatman pH indicator paper (6.0-8.1) with a graduate range of 0.2 pH units. Water in all tanks was continuously circulated, and air was bubbled throughout the experiment.", "host_common_name": "Coral", "height_or_length": "20 cm in diameter", "env_package": "host-associated", "samp_store_temp": "-20", "host_subject_id": "pHPorCompHawVir200602", "body_site": "Nubbins", "misc_param": "pH = 6.7", "disease_stat": "healthy", "host_taxid": "46720", "body_habitat": "25 m offshore"}, "id": "mge56457"}}, "library": ["mgl56456", "https://api.mg-rast.org/library/mgl56456"], "name": "pHPorCompHawVir200602", "job_id": 258, "owner": "mgu342", "pipeline_parameters": {"m5nr_sims_version": "7", "file_type": "fna", "screen_indexes": "h_sapiens", "m5rna_annotation_version": "1", "filter_ambig": "yes", "m5rna_sims_version": "7", "assembled": "no", "fgs_type": "454", "max_ambig": "5", "rna_pid": "97", "prefix_length": "50", "filter_ln_mult": "2.0", "m5nr_annotation_version": "1", "filter_ln": "yes", "bowtie": "yes", "dereplicate": "yes", "priority": "never", "aa_pid": "90"}, "project": ["mgp16", "https://api.mg-rast.org/project/mgp16"], "md5_checksum": "a83f52769043f54753def0e2a2db94e3"}