{"mixs_compliant": 1, "project_metagenomes": ["4481524.3", "4481526.3", "4481527.3", "4481530.3", "4481562.3", "4481563.3", "4481574.3", "4481575.3", "4489569.3", "4489582.3"], "md5_checksum": "4a0e83e8df4eb5d9d7b89de8781c5fdb", "id": "mgm4481524.3", "version": 1, "status": "public", "pipeline_parameters": {"aa_pid": "90", "priority": "never", "assembled": "no", "min_qual": "15", "screen_indexes": "h_sapiens_asm", "fgs_type": "454", "rna_pid": "97", "bowtie": "no", "m5rna_annotation_version": "1", "file_type": "fastq", "m5rna_sims_version": "7", "prefix_length": "50", "dereplicate": "yes", "max_lqb": "5", "dynamic_trim": "no", "m5nr_annotation_version": "1", "m5nr_sims_version": "7"}, "name": "T5KO5_2012", "owner": "mgu18732", "job_id": 42998, "project_alpha_diversity": {"min": 312.16307990822, "max": 498.19967560089, "avg": 396.078485673021, "stdv": 63.1817776552373}, "mixs": {"sequence_type": "WGS", "latitude": 42.444015, "PI_lastname": "Cornell", "seq_method": "illumina", "env_package_type": "host-associated", "longitude": -76.501893, "biome": "Temperate grasslands", "PI_firstname": "Ruth", "location": "Ithaca, NY", "project_id": "mgp6393", "material": "feces", "collection_date": "2011-08-02T12:00:00-0500", "project_name": "TLR5KO_Metagenome", "feature": "animal-associated habitat", "country": "USA"}, "sample": ["mgs138976", "https://api.mg-rast.org/sample/mgs138976"], "metadata": {"env_package": {"type": "host-associated", "data": {"body_site": "cecum", "env_package": "host-associated", "sample_name": "T5KO5_2012"}, "id": "mge138977", "name": "T5KO5_2012: host-associated"}, "project": {"data": {"PI_organization_address": "467 Biotechnology Building, Ithaca, NY, 14853", "PI_organization_country": "USA", "PI_lastname": "Cornell", "PI_organization": "Cornell University", "PI_firstname": "Ruth", "mgrast_id": "mgp6393", "PI_email": "rel222@cornell.edu", "project_name": "TLR5KO_Metagenome"}, "id": "mgp6393", "public": "TLR5KO_Metagenome", "name": "TLR5KO_Metagenome"}, "library": {"name": "T5KO5_2012", "type": "WGS", "data": {"metagenome_name": "T5KO5_2012", "metagenome_id": "4481524.3", "seq_meth": "illumina", "sample_name": "T5KO5_2012", "investigation_type": "metagenome", "file_name": "KO5_cleaned.fastq.fasta", "file_checksum": "4a0e83e8df4eb5d9d7b89de8781c5fdb"}, "id": "mgl138978"}, "sample": {"name": "T5KO5_2012", "data": {"longitude": -76.501893, "biome": "Temperate grasslands", "collection_timezone": "UTC-5", "collection_time": "12:00:00", "latitude": 42.444015, "sample_name": "T5KO5_2012", "env_package": "host-associated", "feature": "animal-associated habitat", "country": "USA", "collection_date": "2011-08-02", "material": "feces", "location": "Ithaca, NY"}, "id": "mgs138976"}}, "library": ["mgl138978", "https://api.mg-rast.org/library/mgl138978"], "project": ["mgp6393", "https://api.mg-rast.org/project/mgp6393"], "sequence_type": "WGS", "url": "https://api.mg-rast.org/metagenome/mgm4481524.3?verbosity=full", "created": "2012-01-31 22:53:44", "pipeline_version": "3.0", "statistics": {}}