{"project": ["mgp358", "https://api.mg-rast.org/project/mgp358"], "sample": ["mgs73659", "https://api.mg-rast.org/sample/mgs73659"], "mixs": {"country": "Australia", "feature": "marine benthic feature", "collection_date": "2008-01-31T10:00:00+0930", "material": "sandy sediment", "project_id": "mgp358", "longitude": 139.31, "env_package_type": "sediment", "sequence_type": "WGS", "project_name": "Jeffries et al PLoS One", "location": "Coorong Lagoon", "PI_lastname": "Jeffries", "latitude": 35.79, "seq_method": "454", "biome": "estuarine biome", "PI_firstname": "Thomas"}, "job_id": 880, "mixs_compliant": 0, "pipeline_version": "3.0", "owner": "mgu349", "metadata": {"project": {"id": "mgp358", "name": "Jeffries et al PLoS One", "public": "Jeffries et al PLoS One", "data": {"PI_lastname": "Jeffries", "project_name": "Jeffries et al PLoS One", "PI_firstname": "Thomas", "PI_organization_address": "School Of Biological Sciences Flinders University GPO Boc 2100 SA 5001", "PI_email": "jeffries.thomas@gmail.com", "PI_organization": "Flinders University", "PI_organization_country": "Australia"}}, "library": {"id": "mgl73661", "type": "WGS", "name": "Australian Coorong medium salinity 105psu M2", "data": {"metagenome_id": "4441020.3", "seq_meth": "454", "metagenome_name": "Australian Coorong medium salinity 105psu M2", "sample_name": "Australian Coorong medium salinity 105psu M2", "file_checksum": "91d7caeaa709627fbbd681afe1263263", "investigation_type": "metagenome"}}, "env_package": {"name": "Australian Coorong medium salinity 105psu M2 : sediment", "type": "sediment", "id": "mge73660", "data": {"sample_name": "Australian Coorong medium salinity 105psu M2", "env_package": "sediment"}}, "sample": {"data": {"collection_timezone": "UTC+9:30", "collection_time": "10:00:00", "sample_name": "Australian Coorong medium salinity 105psu M2", "country": "Australia", "feature": "marine benthic feature", "collection_date": "2008-01-31", "env_package": "sediment", "latitude": 35.79, "biome": "estuarine biome", "longitude": 139.31, "material": "sandy sediment", "location": "Coorong Lagoon"}, "name": "Australian Coorong medium salinity 105psu M2 ", "id": "mgs73659"}}, "status": "public", "project_alpha_diversity": {"stdv": 122.705695818549, "max": 889.874953582374, "avg": 772.591540211783, "min": 514.625301430474}, "md5_checksum": "91d7caeaa709627fbbd681afe1263263", "id": "mgm4441020.3", "statistics": {}, "sequence_type": "WGS", "created": "2008-06-17 00:23:49", "url": "https://api.mg-rast.org/metagenome/mgm4441020.3?verbosity=full", "library": ["mgl73661", "https://api.mg-rast.org/library/mgl73661"], "project_metagenomes": ["4440984.3", "4441020.3", "4441021.3", "4441022.3", "4446342.3", "4446341.3", "4446406.3", "4446411.3", "4446412.3"], "version": 1, "pipeline_parameters": {"max_ambig": "5", "m5nr_annotation_version": "1", "file_type": "fna", "priority": "never", "assembled": "no", "filter_ln": "yes", "aa_pid": "90", "fgs_type": "454", "screen_indexes": "h_sapiens", "m5rna_annotation_version": "1", "filter_ambig": "yes", "bowtie": "yes", "prefix_length": "50", "m5rna_sims_version": "7", "rna_pid": "97", "filter_ln_mult": "2.0", "dereplicate": "yes", "m5nr_sims_version": "7"}, "name": "Australian Coorong medium salinity 105psu M2"}