{"job_id": 3685, "project_alpha_diversity": {"min": 70.3924979616079, "avg": 315.50007858805, "max": 415.815521844713, "stdv": 97.730567805129}, "statistics": {}, "metadata": {"project": {"id": "mgp48", "public": "Surface Water Marine Microbial Community Gene Expression", "data": {"PI_lastname": "Hewson", "project_name": "Surface Water Marine Microbial Community Gene Expression", "PI_organization_url": "http://oceansci.ucsc.edu", "project_funding": "Gordon and Betty Moore Foundation Marine Microbiology Initiative, and NSF", "ncbi_id": "10651", "PI_organization": "Department of Ocean Sciences, University of California Santa Cruz", "PI_organization_country": "USA", "PI_organization_address": "Santa Cruz, CA", "PI_email": "hewson@cornell.edu", "PI_firstname": "Ian", "project_description": "Despite the heterogeneity of the marine environment, the genome of C. watsonii is highly conserved in nucleotide sequence in contrast to sympatric planktonic cyanobacteria. We applied a whole assemblage shotgun transcript sequencing approach to samples collected from a bloom of C. watsonii observed in the South Pacific to understand the genomic mechanisms that may lead to high population densities. We obtained 999 C. watsonii transcript reads from two metatranscriptomes prepared from mixed assemblage RNA collected in the day and at night."}, "name": "Surface Water Marine Microbial Community Gene Expression"}, "sample": {"id": "mgs21600", "data": {"samp_mat_process": "filtering", "longitude": -31.9567, "country": "United States of America", "geodetic_system": "wgs_84", "material": "marine habitat", "samp_collect_device": "Seawater samples were collected using 8 \u00c3\u0097 10&#8201;l Niskin bottles that were triggered at the sampling depth and returned to the research vessel. Both daytime and nighttime samples were collected into into acid-washed and seawater-rinsed polycarbonate bottles of varying  volumes. Water for DNA and RNA samples was filtered using peristaltic-pump-driven positive-pressure filtration serially through 10&#8201;&#956;m polycarbonate (GE Osmonics, Trevose, PA, USA) and 0.2&#8201;&#956;m Supor (Pall Gelman, Ann Arbor, MI, USA) filters. For RNA, 3&#8201;l were filtered, and the filters were placed immediately into microcentrifuge tubes containing 100&#8201;&#956;l glass beads and 350&#8201;&#956;l RLT buffer (RNEasy kit, Qiagen, Valencia, CA, USA). Samples for DNA (4&#8201;l) were filtered per the RNA samples and placed into microcentrifuge tubes containing 200&#8201;&#956;l TE buffer. The filters were then frozen in liquid nitrogen for transport to the laboratory at the University of California Santa Cruz.", "samp_size": "100 L", "collection_timezone": "UTC", "collection_date": "2006-07-07", "biome": "marine habitat", "isol_growth_condt": "19225552", "location": "SJ0609.12 Station", "feature": "marine habitat", "continent": "na", "depth": 5, "temperature": 25.1453, "salinity": "3.63339", "env_package": "water", "latitude": 15.03833}, "name": "mgs21600"}, "env_package": {"type": "water", "id": "mge52259", "name": "mge52259", "data": {"env_package": "water", "misc_param": "filter size = 0.2 - 5"}}, "library": {"type": "WGS", "name": "mgl52258", "data": {"seq_center": "454 Life Sciences, Inc, Branford, CT", "investigation_type": "metagenome", "sequences_sequences_filtered": "Sequences with <99% similarity and E-values >10&#8722;20 to the genome contigs were discarded", "seq_meth": "454", "pubmed_id": "19225552", "gold_id": "Gi01148", "metagenome_name": "S_20162", "file_checksum": "77878d0ba872f81eab91ce13989c82d4", "lib_type": "cDNA", "metagenome_id": "4443734.3"}, "id": "mgl52258"}}, "version": 1, "status": "public", "project": ["mgp48", "https://api.mg-rast.org/project/mgp48"], "name": "S_20162", "mixs_compliant": 0, "md5_checksum": "77878d0ba872f81eab91ce13989c82d4", "id": "mgm4443734.3", "url": "https://api.mg-rast.org/metagenome/mgm4443734.3?verbosity=full", "sample": ["mgs21600", "https://api.mg-rast.org/sample/mgs21600"], "owner": "mgu347", "pipeline_version": "3.0", "sequence_type": "WGS", "mixs": {"PI_lastname": "Hewson", "collection_date": "2006-07-07", "biome": "marine habitat", "seq_method": "454", "sequence_type": "WGS", "material": "marine habitat", "project_id": "mgp48", "country": "United States of America", "longitude": -31.9567, "env_package_type": "water", "project_name": "Surface Water Marine Microbial Community Gene Expression", "latitude": 15.03833, "feature": "marine habitat", "location": "SJ0609.12 Station", "PI_firstname": "Ian"}, "project_metagenomes": ["4443740.3", "4443737.3", "4443736.3", "4443734.3", "4443735.3", "4443733.3", "4443743.3", "4443763.3", "4443742.3", "4443741.3", "4443738.3", "4443744.3"], "library": ["mgl52258", "https://api.mg-rast.org/library/mgl52258"], "pipeline_parameters": {"rna_pid": "97", "file_type": "fna", "dereplicate": "yes", "prefix_length": "50", "filter_ambig": "yes", "m5nr_annotation_version": "1", "bowtie": "yes", "fgs_type": "454", "m5nr_sims_version": "7", "m5rna_sims_version": "7", "filter_ln_mult": "2.0", "filter_ln": "yes", "priority": "never", "aa_pid": "90", "screen_indexes": "h_sapiens", "max_ambig": "5", "m5rna_annotation_version": "1", "assembled": "no"}, "created": "2009-06-03 21:20:07"}