{"name": "CtrlF_shotgun", "mixs_compliant": 0, "library": ["mgl477145", "https://api.mg-rast.org/library/mgl477145"], "version": 1, "mixs": {"PI_lastname": "Paces", "project_id": "mgp271", "feature": "landfill", "location": "South Bohemia", "longitude": 14.16, "seq_method": "454", "material": "contaminated soil", "latitude": 48.99, "project_name": "Rhizosphere", "collection_date": "2012-06-01T10:30:00+0200", "country": "Czech Republic", "PI_firstname": "Jan", "env_package_type": "soil", "biome": "terrestrial biome", "sequence_type": "WGS"}, "sequence_type": "WGS", "metadata": {"sample": {"name": "CtrlF", "id": "mgs477143", "data": {"feature": "landfill", "continent": "europe", "location": "South Bohemia", "sample_name": "CtrlF", "env_package": "soil", "latitude": 48.99, "depth": 1, "experimental_factor": "Control soil", "longitude": 14.16, "collection_time": "10:30:00", "material": "contaminated soil", "collection_timezone": "UTC+2", "country": "Czech Republic", "collection_date": "2012-06-01", "biome": "terrestrial biome", "elevation": 531}}, "library": {"data": {"investigation_type": "metagenome", "seq_meth": "454", "metagenome_name": "CtrlF_shotgun", "metagenome_id": "4450131.3", "file_checksum": "9b813deda0152479f4e9338285c38d36", "sample_name": "CtrlF"}, "type": "WGS", "id": "mgl477145", "name": "CtrlF_shotgun"}, "env_package": {"type": "soil", "id": "mge477144", "name": "CtrlF: soil", "data": {"env_package": "soil", "sample_name": "CtrlF"}}, "project": {"public": "Rhizosphere", "name": "Rhizosphere", "id": "mgp271", "data": {"administrative-contact_PI_email": "hpaces@img.cas.cz", "administrative-contact_PI_lastname": "Paces", "project_funding": "NPVII MSMT CR", "administrative-contact_PI_organization_url": "www.img.cas.cz", "organization_url": "http://www.img.cas.cz/en/", "lastname": "Ridl", "PI_lastname": "Paces", "PI_email": "jan.paces@img.cas.cz", "PI_organization_address": "Videnska 1083, 14220 Prague 4, Czech Republic", "PI_organization_country": "Czech Republic", "administrative-contact_PI_organization_country": "Czech Republic", "project_name": "rhizosphere", "PI_firstname": "Jan", "administrative-contact_PI_firstname": "Jan", "envo_release": "2013-04-27", "firstname": "Jakub", "email": "ridlj@img.cas.cz", "organization": "Institute of Molecular Genetics of the ASCR", "PI_organization_url": "http://www.img.cas.cz/en/", "project_description": "454 shotgun sequencing of plant root zone specific microbiomes in long-term contaminated soil", "organization_address": "Videnska 1083, 14220 Prague 4, Czech Republic", "organization_country": "Czech Republic", "PI_organization": "Institute of Molecular Genetics of the ASCR"}}}, "owner": "mgu3612", "project_metagenomes": ["4450631.3", "4450630.3", "4450629.3", "4450628.3", "4450172.3", "4450171.3", "4450131.3", "4450130.3"], "statistics": {}, "md5_checksum": "9b813deda0152479f4e9338285c38d36", "url": "https://api.mg-rast.org/metagenome/mgm4450131.3?verbosity=full", "project_alpha_diversity": {"avg": 718.224371189495, "stdv": 94.9686550073062, "min": 552.015272165527, "max": 814.672792461465}, "id": "mgm4450131.3", "created": "2010-07-27 13:49:47", "job_id": 9865, "sample": ["mgs477143", "https://api.mg-rast.org/sample/mgs477143"], "status": "public", "pipeline_version": "3.0", "project": ["mgp271", "https://api.mg-rast.org/project/mgp271"], "pipeline_parameters": {"m5rna_annotation_version": "1", "screen_indexes": "h_sapiens", "prefix_length": "50", "file_type": "fna", "m5nr_sims_version": "7", "m5nr_annotation_version": "1", "aa_pid": "90", "fgs_type": "454", "priority": "never", "dereplicate": "yes", "rna_pid": "97", "assembled": "no", "m5rna_sims_version": "7", "bowtie": "yes", "filter_ln_mult": "2.0", "filter_ln": "yes", "filter_ambig": "yes", "max_ambig": "5"}}