{"pipeline_version": "3.0", "status": "public", "md5_checksum": "20fdcab9417175e8481c465183c27d0e", "pipeline_parameters": {"prefix_length": "50", "fgs_type": "454", "rna_pid": "97", "dereplicate": "yes", "filter_ln_mult": "2.00", "file_type": "fna", "m5rna_annotation_version": "1", "aa_pid": "90", "priority": "never", "bowtie": "no", "m5rna_sims_version": "7", "filter_ln": "yes", "m5nr_sims_version": "7", "assembled": "no", "screen_indexes": "h_sapiens_asm", "m5nr_annotation_version": "1", "filter_ambig": "yes", "max_ambig": "5"}, "mixs": {"project_id": "mgp16102", "location": "Vitoria-Trindade Chain", "country": "Brazil", "PI_firstname": "Fabiano", "PI_lastname": "Thompson", "biome": "coral reef", "latitude": -20.504, "longitude": -25.355, "seq_method": "454", "sequence_type": "WGS", "env_package_type": "host-associated", "feature": "coral reef", "collection_date": "2011-02-11T09:00:00-0300", "material": "organic material", "project_name": "Vitoria-Trindade Seamounts Chain"}, "job_id": 41349, "sequence_type": "WGS", "project_metagenomes": ["4480739.3", "4484839.3", "4487909.3", "4487910.3", "4487911.3", "4480740.3", "4480746.3", "4480747.3", "4480748.3", "4480749.3", "4480741.3", "4480742.3", "4480743.3", "4480750.3", "4480751.3", "4487651.3", "4487649.3", "4487650.3", "4487647.3"], "statistics": {}, "id": "mgm4480750.3", "created": "2012-01-20 02:52:25", "url": "https://api.mg-rast.org/metagenome/mgm4480750.3?verbosity=full", "project_alpha_diversity": {"min": 168.447214621078, "stdv": 233.248394837337, "avg": 418.628891122351, "max": 968.253047581434}, "library": ["mgl411796", "https://api.mg-rast.org/library/mgl411796"], "sample": ["mgs411794", "https://api.mg-rast.org/sample/mgs411794"], "owner": "mgu9482", "mixs_compliant": 1, "version": 1, "metadata": {"sample": {"id": "mgs411794", "name": "SAN_Island_W1", "data": {"longitude": -25.355, "biome": "coral reef", "latitude": -20.504, "env_package": "host-associated", "material": "organic material", "sample_id": "4480750.3", "feature": "coral reef", "collection_date": "2011-02-11", "collection_timezone": "UTC-03:00", "country": "Brazil", "location": "Vitoria-Trindade Chain", "sample_name": "SAN_Island_W1", "collection_time": "09:00:00"}}, "library": {"data": {"sample_name": "SAN_Island_W1", "file_checksum": "20fdcab9417175e8481c465183c27d0e", "file_name": "brazilA25b.RL5.fasta", "seq_meth": "454", "metagenome_id": "4480750.3", "investigation_type": "metagenome", "metagenome_name": "SAN_Island_W1"}, "name": "SAN_Island_W1", "id": "mgl411796", "type": "WGS"}, "env_package": {"data": {"sample_name": "SAN_Island_W1", "env_package": "host-associated"}, "name": "SAN_Island_W1: host-associated", "type": "host-associated", "id": "mge411795"}, "project": {"name": "Vitoria-Trindade Seamounts Chain", "data": {"PI_email": "fabianothompson1@gmail.com", "project_funding": "CNPq, CAPES, and FAPERJ", "organization_country": "Brazil", "organization_address": "Federal University of Rio de Janeiro", "envo_release": "2013-04-27", "PI_organization_address": "Lab. de Microbiologia - BIOMAR UFRJ Av. Carlos Chagas Fo., 373 CCS - Bloco A (Anexo), A3 - sl 202 Cidade Universit\u00e1ria RJ - RJ - Brasil 21941-599, Brazil", "project_name": "Vitoria-Trindade Seamounts Chain", "email": "fabiano.thompson@biologia.ufrj.br", "PI_organization": "Federal University of Rio de Janeiro", "PI_organization_url": "http://www.microbiologia.biologia.ufrj.br", "firstname": "Pedro", "PI_lastname": "Thompson", "lastname": "Meirelles", "PI_firstname": "Fabiano", "project_description": "Data from the paper \"Baseline Assessment of Mesophotic Reefs of the Vit\u00f3ria-Trindade Seamount Chain Based on Water Quality\". If you use it please cite us: Meirelles, P. M., Amado-Filho, G. M., Pereira-Filho, G. H., et al. (2015) PLoS One, 10, e0130084, Baseline Assessment of Mesophotic Reefs of the Vit\u00f3ria-Trindade Seamount Chain Based on Water Quality, Microbial Diversity, Benthic Cover and Fish Biomass Data. Benthic, fish, water chemistry and microbial abundance data are available at: ecogrid://knb/pmeirelles.14.1", "PI_organization_country": "Brazil", "organization": "Federal University of Rio de Janeiro"}, "public": "Vitoria-Trindade Seamounts Chain", "id": "mgp16102"}}, "project": ["mgp16102", "https://api.mg-rast.org/project/mgp16102"], "name": "SAN_Island_W1"}