{"mixs_compliant": 0, "owner": "mgu13502", "sequence_type": "WGS", "pipeline_parameters": {"priority": "never", "m5nr_annotation_version": "1", "max_ambig": "5", "m5nr_sims_version": "7", "fgs_type": "454", "prefix_length": "50", "filter_ln_mult": "2.0", "bowtie": "yes", "file_type": "fna", "screen_indexes": "h_sapiens", "aa_pid": "90", "rna_pid": "97", "m5rna_sims_version": "7", "assembled": "no", "dereplicate": "yes", "filter_ambig": "yes", "filter_ln": "yes", "m5rna_annotation_version": "1"}, "id": "mgm4446120.3", "pipeline_version": "3.0", "version": 1, "status": "public", "project_alpha_diversity": {"max": 321.2982126663, "avg": 321.2982126663, "min": 321.2982126663, "stdv": 0}, "project": ["mgp483", "https://api.mg-rast.org/project/mgp483"], "library": ["mgl48960", "https://api.mg-rast.org/library/mgl48960"], "statistics": {}, "url": "https://api.mg-rast.org/metagenome/mgm4446120.3?verbosity=full", "sample": ["mgs15587", "https://api.mg-rast.org/sample/mgs15587"], "name": "5-1", "metadata": {"project": {"id": "mgp483", "public": "Project for: 5-1", "data": {"administrative-contact_PI_email": "pridedt9@gmail.com", "email": "pridedt9@gmail.com", "project_description": "Analysis of saliva virome", "administrative-contact_PI_organization_country": "United States of America", "administrative-contact_PI_lastname": "Pride", "lastname": "Pride", "firstname": "David", "project_name": "Saliva Virome", "organization_country": "United States of America", "administrative-contact_PI_firstname": "David"}, "name": "Project for: 5-1"}, "library": {"type": "WGS", "id": "mgl48960", "data": {"investigation_type": "metagenome", "file_checksum": "db03d2cd6434cfcad0bf246df536ffda", "pubmed_id": "22158393", "seq_meth": "454", "metagenome_id": "4446120.3", "metagenome_name": "5-1"}, "name": "mgl48960"}, "sample": {"data": {"longitude": -117.2, "feature": "human-associated habitat", "env_package": "human-associated", "country": "United States of America", "continent": "north_america", "collection_date": "2008-06-01", "material": "human-associated habitat", "biome": "human-associated habitat", "latitude": 32.9, "collection_time": "12:00:00", "isol_growth_condt": "22158393", "collection_timezone": "UTC"}, "name": "mgs15587", "id": "mgs15587"}, "env_package": {"type": "human-associated", "id": "mge48961", "name": "mge48961", "data": {"age": "33 ; Second", "host_subject_id": "4", "profile_rating_demo 2": "bronze", "sex": "Female", "env_package": "human-associated"}}}, "md5_checksum": "db03d2cd6434cfcad0bf246df536ffda", "project_metagenomes": ["4446120.3"], "job_id": 6002, "mixs": {"latitude": 32.9, "project_id": "mgp483", "PI_lastname": null, "env_package_type": "human-associated", "location": "", "sequence_type": "WGS", "PI_firstname": null, "longitude": -117.2, "feature": "human-associated habitat", "country": "United States of America", "material": "human-associated habitat", "project_name": "Project for: 5-1", "biome": "human-associated habitat", "collection_date": "2008-06-01T12:00:00Z", "seq_method": "454"}, "created": "2010-01-19 13:55:05"}