{"md5_checksum": "454962626ee9e6051893abe658830454", "statistics": {}, "version": 1, "mixs_compliant": 0, "project_alpha_diversity": {"max": 786.968886392106, "stdv": 20.8781854970513, "avg": 763.606978894591, "min": 729.747479578911}, "url": "https://api.mg-rast.org/metagenome/mgm4450127.3?verbosity=full", "created": "2010-07-27 09:01:22", "owner": "mgu24522", "sequence_type": "WGS", "project_metagenomes": ["4450124.3", "4450123.3", "4450125.3", "4450126.3", "4450127.3", "4450249.3", "4450250.3"], "sample": ["mgs108259", "https://api.mg-rast.org/sample/mgs108259"], "status": "public", "pipeline_parameters": {"fgs_type": "454", "max_ambig": "5", "aa_pid": "90", "bowtie": "yes", "assembled": "no", "file_type": "fna", "filter_ambig": "yes", "m5rna_annotation_version": "1", "m5nr_sims_version": "7", "m5nr_annotation_version": "1", "dereplicate": "yes", "m5rna_sims_version": "7", "priority": "never", "prefix_length": "50", "filter_ln": "yes", "rna_pid": "97", "screen_indexes": "h_sapiens", "filter_ln_mult": "2.0"}, "pipeline_version": "3.0", "job_id": 9861, "mixs": {"project_name": "Organic carbon transformations in high-Arctic peat soils: key functions and microorganisms", "sequence_type": "WGS", "project_id": "mgp4192", "collection_date": "2009-08-01T12:00:00+0200", "biome": "Tundra biome", "material": "peat soil", "PI_firstname": "Mette", "PI_lastname": "Svenning", "seq_method": "454", "location": "Ny \u00c3\u0085lesund, Svalbard", "feature": "peat soil", "latitude": 80.6090666666667, "country": "Norway", "longitude": 13.48425, "env_package_type": "soil"}, "project": ["mgp4192", "https://api.mg-rast.org/project/mgp4192"], "library": ["mgl108261", "https://api.mg-rast.org/library/mgl108261"], "id": "mgm4450127.3", "metadata": {"sample": {"name": "K1c", "data": {"biome": "Tundra biome", "collection_date": "2009-08-01", "collection_timezone": "UTC+2", "material": "peat soil", "env_package": "soil", "feature": "peat soil", "longitude": 13.48425, "latitude": 80.6090666666667, "country": "Norway", "location": "Ny \u00c3\u0085lesund, Svalbard", "sample_name": "K1c", "collection_time": "12:00:00"}, "id": "mgs108259"}, "project": {"id": "mgp4192", "public": "Organic carbon transformations in high-Arctic peat soils: key functions and microorganisms", "data": {"PI_organization_country": "Norway", "project_name": "Organic carbon transformations in high-Arctic peat soils: key functions and microorganisms", "PI_email": "mette.svenning@uit.no", "PI_organization": "University of Troms\u00c3\u00b8", "PI_firstname": "Mette", "PI_lastname": "Svenning", "PI_organization_address": "Dramsveien 201, 9037, Troms\u00c3\u00b8"}, "name": "Organic carbon transformations in high-Arctic peat soils: key functions and microorganisms"}, "library": {"id": "mgl108261", "data": {"investigation_type": "metagenome", "sample_name": "K1c", "metagenome_name": "K1c_metagenome", "seq_meth": "454", "metagenome_id": "4450127.3", "file_checksum": "454962626ee9e6051893abe658830454"}, "name": "K1c_metagenome", "type": "WGS"}, "env_package": {"id": "mge108260", "data": {"sample_name": "K1c", "env_package": "soil"}, "type": "soil", "name": "K1c: soil"}}, "name": "K1c_metagenome"}