{"md5_checksum": "e9336067c701c8a2154d9d798d5aee59", "statistics": {}, "status": "public", "mixs_compliant": 0, "url": "https://api.mg-rast.org/metagenome/mgm4448187.3?verbosity=full", "created": "2010-05-13 17:28:37", "sample": ["mgs25840", "https://api.mg-rast.org/sample/mgs25840"], "version": 1, "mixs": {"PI_firstname": null, "feature": "extreme habitat, marine habitat, hydrothermal vent", "sequence_type": "WGS", "biome": "hydrothermal vent, extreme habitat, marine habitat", "PI_lastname": null, "seq_method": "454", "longitude": -129.096, "country": "United States of America", "project_id": "mgp274", "latitude": 47.95, "location": "Juan de Fuca Ridge", "material": "hydrothermal vent, extreme habitat, marine habitat", "env_package_type": "water", "collection_date": "2009-06-16T21:15:00Z", "project_name": "aquatic"}, "pipeline_version": "3.0", "id": "mgm4448187.3", "metadata": {"library": {"name": "mgl52956", "data": {"seq_make": "Roche", "lib_type": "454 rapid library", "seq_meth": "454", "pubmed_id": "21410492", "file_checksum": "e9336067c701c8a2154d9d798d5aee59", "investigation_type": "metagenome", "metagenome_name": "HulkVentVirome", "seq_model": "FLX-Titanium", "metagenome_id": "4448187.3", "lib_const_meth": "roche 454 manual"}, "type": "WGS", "id": "mgl52956"}, "env_package": {"name": "mge52957", "type": "water", "id": "mge52957", "data": {"diss_hydrogen": "2.44 \u00c2\u00b5M", "organism_count": "1.69 x 107 cells/ml, 6.80 x 106 VLPs/ml", "env_package": "water", "silicate": "6378 mmol/L", "samp_store_temp": "-80 ; Celsius", "misc_param": "dissolved methane ; 28.99 \u00c2\u00b5M ; Mole", "samp_store_dur": "June 2009 ; August 2009", "_temp": "13-130 ; Celsius", "samp_store_loc": "Seattle, WA"}}, "sample": {"data": {"feature": "hydrothermal vent", "collection_time": "21:15:00", "continent": "north_america", "biome": "hydrothermal vent", "geodetic_system": "wgs_84", "isol_growth_condt": "21410492", "env_package": "water", "collection_timezone": "UTC", "country": "United States of America", "longitude": -129.096, "samp_mat_process": "total DNA extraction - enzymes", "collection_date": "2009-06-16", "samp_size": "170 liters", "latitude": 47.95, "location": "Juan de Fuca Ridge", "material": "hydrothermal vent", "samp_collect_device": "170L of diffuse flow fluid was collected in a barrel sampler from Hulk vent in the Main Endeavour Field of the Juan de Fuca ridge. Sample was pre-filtered on a 0.22 \u00c2\u00b5m filter, then concentrated via tangential flow filtration. Sample was stored at -80&#730;C, then thawed and precipitated with polyethylene glycol 8000. Viral particles were purified with DNase and chloroform prior to DNA extraction.", "sample_strategy": "Physical enrichment of viruses"}, "id": "mgs25840", "name": "mgs25840"}, "project": {"id": "mgp274", "data": {"organization_url": "msi.ucsb.edu", "administrative-contact_PI_lastname": "Foster", "administrative-contact_PI_organization_country": "United States of America", "administrative-contact_PI_firstname": "Jamie", "project_description": "Samples of Type 1 stromatolitic mats were collected from Site 2 of Highborne Cay, Bahamas to examine the metagenome of the community.", "email": "jfoster@ufl.edu", "administrative-contact_PI_organization_url": "cmore.soest.hawaii.edu/", "project-description_internal_project_ID": "MBv200m", "lastname": "Foster", "firstname": "Jamie", "administrative-contact_PI_organization_address": "Space Life Science Lab ; 32899 ; Kennedy Space Center ; FL", "organization_address": "University of Florida ; 32899 ; Kennedy Space Center ; Florida", "organization": "ME", "project_name": "aquatic", "organization_country": "United States of America", "administrative-contact_PI_email": "jfoster@ufl.edu", "administrative-contact_PI_organization": "ME"}, "public": "aquatic", "name": "aquatic"}}, "owner": "mgu20752", "job_id": 7958, "name": "HulkVentVirome", "library": ["mgl52956", "https://api.mg-rast.org/library/mgl52956"], "project_metagenomes": ["4448187.3", "4449590.3", "4449591.3", "4461422.3"], "project": ["mgp274", "https://api.mg-rast.org/project/mgp274"], "sequence_type": "WGS", "project_alpha_diversity": {"min": 129.266101040894, "stdv": 190.86874947845, "avg": 451.583345660985, "max": 626.537039922853}, "pipeline_parameters": {"m5nr_annotation_version": "1", "prefix_length": "50", "assembled": "no", "filter_ln": "yes", "dereplicate": "yes", "priority": "never", "m5rna_sims_version": "7", "file_type": "fna", "filter_ln_mult": "2.0", "aa_pid": "90", "max_ambig": "5", "m5rna_annotation_version": "1", "fgs_type": "454", "screen_indexes": "h_sapiens", "bowtie": "yes", "rna_pid": "97", "m5nr_sims_version": "7", "filter_ambig": "yes"}}