{"name": "RMcleanSr5derep", "created": "2011-11-22 09:46:17", "mixs_compliant": 1, "project_metagenomes": ["4481670.3", "4481669.3", "4481668.3", "4481667.3", "4481666.3", "4481665.3", "4477709.3", "4477703.3", "4477702.3", "4478287.3", "4478286.3", "4477704.3", "4479548.3", "4479547.3", "4478289.3", "4477983.3", "4480877.3", "4480797.3", "4480777.3", "4480766.3", "4480765.3", "4480759.3"], "url": "https://api.mg-rast.org/metagenome/mgm4477704.3?verbosity=full", "sequence_type": "WGS", "pipeline_version": "3.0", "mixs": {"PI_lastname": "Raaijmakers", "country": "Netherlands", "material": "rhizosphere", "longitude": 5.663678, "sequence_type": "WGS", "PI_firstname": "Jos", "project_id": "mgp4747", "seq_method": "illumina", "latitude": 51.9673749, "location": "wageningen", "env_package_type": "plant-associated", "biome": "terrestrial biome", "project_name": "Hoeven metatranscriptome", "collection_date": "2009-10-06T09:00:00ERROR timezone has no sign in (1)", "feature": "field"}, "version": 1, "project": ["mgp4747", "https://api.mg-rast.org/project/mgp4747"], "id": "mgm4477704.3", "statistics": {}, "metadata": {"library": {"name": "RMcleanSr5derep", "id": "mgl268225", "data": {"investigation_type": "metagenome", "metagenome_name": "RMcleanSr5derep", "sample_name": "mRNA_Sr2", "seq_make": "Illumina", "file_checksum": "ebb8162a27a9a482dcb66fd5dd05cdaa", "seq_center": "Vertis Biotech, Germany", "seq_meth": "illumina", "seq_model": "HiSeq", "file_name": "5_Sr5_clean.fasta", "metagenome_id": "4477704.3"}, "type": "WGS"}, "env_package": {"type": "plant-associated", "data": {"disease_stat": "damping off", "air_temp_regm": "22", "infra_specific_rank": "Aligator", "fertilizer_regm": "Hoagland macronutrients", "life_stage": "seedling", "climate_environment": "Growthchamber, 70% humidity, 16h daylight", "plant_body_site": "rhizosphere", "fungicide_regm": "Hymexazol, Thiram seed coating", "phenotype": "diseased", "host_common_name": "sugarbeet", "env_package": "plant-associated", "sample_name": "mRNA_Sr2", "age": "21 days", "misc_param_1": "env_package: plant-associated", "host_taxid": "161934"}, "id": "mge268224", "name": "mRNA_Sr2: plant-associated"}, "sample": {"name": "mRNA_Sr2", "id": "mgs268223", "data": {"temperature": 22, "biome": "terrestrial biome", "collection_time": "9:00:00", "collection_date": "2009-10-06", "feature": "field", "collection_timezone": "UTC1", "latitude": 51.9673749, "location": "wageningen", "continent": "europe", "sample_name": "mRNA_Sr2", "material": "rhizosphere", "env_package": "plant-associated", "longitude": 5.663678, "ph": 5.8, "country": "Netherlands"}}, "project": {"name": "Hoeven metatranscriptome", "id": "mgp4747", "data": {"PI_email": "jos.raaijmakers@wur.nl", "project_funding": "NWO / EU", "PI_lastname": "Raaijmakers", "project_description": "This project aim at comparing the soil metatranscriptome in the rhizosphere of sugarbeet plants grown in a suppressive soil in the presence (Sr) or absence (S) of the fungal pathogen Rhizoctonia solani.\nThe dataset comprises 3 biological replicates (pooled rhizosphere soil from 12 21-days-old sugarbeet plants) of each S and Sr treatments.", "firstname": "Emilie", "organization": "Wageningen University", "PI_organization_country": "Netherlands", "lastname": "Chapelle", "organization_url": "http://www.wageningenur.nl/en/Expertise-Services/Chair-groups/Plant-Sciences/Laboratory-of-Phytopathology/Research/Bacterial-Ecology-Genomics.htm", "PI_firstname": "Jos", "PI_organization": "Wageningen University", "organization_country": "Netherlands", "PI_organization_address": "Droevendaalsesteeg 1, Radix", "project_name": "Hoeven metatranscriptome", "PI_organization_url": "http://www.wageningenur.nl/en/Expertise-Services/Chair-groups/Plant-Sciences/Laboratory-of-Phytopathology/Research/Bacterial-Ecology-Genomics.htm", "email": "emilie.chapelle@wur.nl", "organization_address": "Droevendaalsesteeg 1, Radix"}, "public": "Hoeven metatranscriptome"}}, "pipeline_parameters": {"filter_ln_mult": "-12.78", "m5rna_sims_version": "1", "m5nr_sims_version": "7", "priority": "never", "screen_indexes": "h_sapiens_asm", "fgs_type": "454", "aa_pid": "90", "filter_ambig": "no", "assembled": "no", "max_ambig": "5", "filter_ln": "no", "file_type": "fna", "m5nr_annotation_version": "1", "bowtie": "no", "prefix_length": "50", "m5rna_annotation_version": "1", "rna_pid": "97", "dereplicate": "yes"}, "status": "public", "project_alpha_diversity": {"avg": 570.395555136054, "stdv": 317.110157649563, "min": 59.3762830326442, "max": 913.922525876901}, "md5_checksum": "ebb8162a27a9a482dcb66fd5dd05cdaa", "sample": ["mgs268223", "https://api.mg-rast.org/sample/mgs268223"], "library": ["mgl268225", "https://api.mg-rast.org/library/mgl268225"], "owner": "mgu49827", "job_id": 37301}