{"library": ["mgl411793", "https://api.mg-rast.org/library/mgl411793"], "version": 1, "mixs": {"feature": "coral reef", "sequence_type": "WGS", "latitude": -20.504, "longitude": -25.355, "collection_date": "2011-02-11T09:00:00-0300", "PI_firstname": "Fabiano", "PI_lastname": "Thompson", "location": "Vitoria-Trindade Chain", "material": "water", "env_package_type": "water", "seq_method": "454", "project_id": "mgp16102", "biome": "coral reef", "country": "Brazil", "project_name": "Vitoria-Trindade Seamounts Chain"}, "status": "public", "pipeline_version": "3.0", "job_id": 41350, "owner": "mgu9482", "mixs_compliant": 0, "sequence_type": "WGS", "statistics": {}, "url": "https://api.mg-rast.org/metagenome/mgm4480751.3?verbosity=full", "id": "mgm4480751.3", "project_alpha_diversity": {"max": 968.253047581434, "min": 168.447214621078, "stdv": 233.248394837337, "avg": 418.628891122351}, "pipeline_parameters": {"assembled": "no", "fgs_type": "454", "rna_pid": "97", "filter_ln_mult": "2.00", "priority": "never", "m5nr_sims_version": "7", "dereplicate": "yes", "prefix_length": "50", "aa_pid": "90", "screen_indexes": "h_sapiens_asm", "bowtie": "no", "max_ambig": "5", "filter_ambig": "yes", "file_type": "fna", "filter_ln": "yes", "m5nr_annotation_version": "1", "m5rna_annotation_version": "1", "m5rna_sims_version": "7"}, "sample": ["mgs411791", "https://api.mg-rast.org/sample/mgs411791"], "name": "SAN_Island_W2", "project_metagenomes": ["4480739.3", "4484839.3", "4487909.3", "4487910.3", "4487911.3", "4480740.3", "4480746.3", "4480747.3", "4480748.3", "4480749.3", "4480741.3", "4480742.3", "4480743.3", "4480750.3", "4480751.3", "4487651.3", "4487649.3", "4487650.3", "4487647.3"], "created": "2012-01-20 02:52:56", "md5_checksum": "614bf8c6f15ea786d8c9ad3f3c6d15fe", "metadata": {"library": {"type": "WGS", "name": "SAN_Island_W2", "id": "mgl411793", "data": {"seq_meth": "454", "file_name": "brazilA25b.RL6.fasta", "file_checksum": "614bf8c6f15ea786d8c9ad3f3c6d15fe", "investigation_type": "metagenome", "metagenome_name": "SAN_Island_W2", "metagenome_id": "4480751.3", "sample_name": "SAN_Island_W2"}}, "sample": {"name": "SAN_Island_W2", "id": "mgs411791", "data": {"env_package": "water", "collection_time": "09:00:00", "biome": "coral reef", "sample_name": "SAN_Island_W2", "country": "Brazil", "feature": "coral reef", "latitude": -20.504, "collection_timezone": "UTC-03:00", "longitude": -25.355, "collection_date": "2011-02-11", "sample_id": "4480751.3", "location": "Vitoria-Trindade Chain", "material": "water"}}, "env_package": {"id": "mge411792", "type": "water", "name": "SAN_Island_W2: water", "data": {"sample_name": "SAN_Island_W2", "env_package": "water"}}, "project": {"id": "mgp16102", "name": "Vitoria-Trindade Seamounts Chain", "data": {"PI_firstname": "Fabiano", "PI_lastname": "Thompson", "PI_organization_country": "Brazil", "project_description": "Data from the paper \"Baseline Assessment of Mesophotic Reefs of the Vit\u00c3\u00b3ria-Trindade Seamount Chain Based on Water Quality\". If you use it please cite us: Meirelles, P. M., Amado-Filho, G. M., Pereira-Filho, G. H., et al. (2015) PLoS One, 10, e0130084, Baseline Assessment of Mesophotic Reefs of the Vit\u00c3\u00b3ria-Trindade Seamount Chain Based on Water Quality, Microbial Diversity, Benthic Cover and Fish Biomass Data. Benthic, fish, water chemistry and microbial abundance data are available at: ecogrid://knb/pmeirelles.14.1", "firstname": "Pedro", "lastname": "Meirelles", "PI_email": "fabianothompson1@gmail.com", "email": "fabiano.thompson@biologia.ufrj.br", "PI_organization_address": "Lab. de Microbiologia - BIOMAR UFRJ Av. Carlos Chagas Fo., 373 CCS - Bloco A (Anexo), A3 - sl 202 Cidade Universit\u00c3\u00a1ria RJ - RJ - Brasil 21941-599, Brazil", "envo_release": "2013-04-27", "organization": "Federal University of Rio de Janeiro", "project_funding": "CNPq, CAPES, and FAPERJ", "PI_organization_url": "http://www.microbiologia.biologia.ufrj.br", "organization_country": "Brazil", "PI_organization": "Federal University of Rio de Janeiro", "organization_address": "Federal University of Rio de Janeiro", "project_name": "Vitoria-Trindade Seamounts Chain"}, "public": "Vitoria-Trindade Seamounts Chain"}}, "project": ["mgp16102", "https://api.mg-rast.org/project/mgp16102"]}