{"library": ["mgl48890", "https://api.mg-rast.org/library/mgl48890"], "md5_checksum": "7b79dac7f85e3988bf8ff5331d8ecf8b", "name": "XmasLIMic20050805", "owner": "mgu303", "sequence_type": "WGS", "mixs_compliant": 0, "job_id": 51, "statistics": {}, "metadata": {"env_package": {"name": "mge48891", "data": {"env_package": "water", "suspend_part_matter": "8.4\u00c3\u009710^5\u00c2\u00b11.4\u00c3\u009710^5 microbes*ml&#8722;1", "diss_org_carb": "31 \u00c2\u00b5M"}, "type": "water", "id": "mge48891"}, "sample": {"id": "mgs15548", "name": "mgs15548", "data": {"material": "marine habitat", "feature": "marine habitat", "collection_timezone": "UTC", "isol_growth_condt": "18301735", "collection_date": "2005-08-05", "location": "Christmas (Kiritimati) Atoll", "biome": "marine habitat", "ebi_id": "ERS1937505", "samp_mat_process": "filtering", "env_package": "water", "continent": "na", "longitude": -157.4840667, "metagenome_taxonomy": "marine", "samp_size": "150 litres", "samp_collect_device": "The water for the metagenomes was collected from below the boundary layer (in crevices and against the benthos) to avoid confounding problems with the water column. The sampling was conducted at the same time of day to help minimize diurnal effects. The water was collected from over ~20 m2 of reef using a modified bilge pump connected to low density polyethylene (LDPE) collapsible bags (19 l; Cole-Parmer, Vernon Hills, IL; Figure S1). 1) A large fraction containing mostly microbes, some small eukaryotes (such as dinoflagellates and protists), and a few VLPs, and 2) a small fraction containing mostly VLPs and some small microbes. To obtain these fractions the seawater was processed through a series of filters. The large eukaryotes were removed by filtering the entire sample through 100 \u00c2\u00b5m Nitex, into a barrel lined with a clean, high-density polyethylene bag. The filtrate was then concentrated to ~500 ml on a 100 kDa tangential flow filter (TFF), which captured the unicellular eukaryotes, microbes and VLPs (i.e., the water was removed). During the filtration, pressures were kept below 0.6 bar (10 psi) to ensure that the viruses were not destroyed. The concentrated sample was then passed through 0.45 \u00c2\u00b5m Sterivex filters (Millipore, Inc) using a 50 ml syringe. In this step, the large metagenomic fraction consisting of microbial cells was caught on the filter (microbiomes) and the filtrate was the small metagenomic fraction (viromes). All filtrations were performed on the research vessel, and the samples were stored for further processing in the laboratory at SDSU. The Sterivex filters were frozen at &#8722;80\u00c2\u00b0C. The 0.45 \u00c2\u00b5m filtrates (i.e., the virome) were extracted with chloroform to kill any residual cells (10% vol:vol; most viruses are resistant to chloroform) and stored at 4\u00c2\u00b0C.", "latitude": 1.99231667, "country": "United States of America", "geodetic_system": "wgs_84"}}, "project": {"data": {"PI_organization": "San Diego State University", "PI_email": "Elizabeth_dinsdale@hotmail.com", "project_description": "Microbes are key players in both healthy and degraded coral reefs. A combination of metagenomics, microscopy, culturing, and water chemistry were used to characterize microbial communities on four coral atolls in the Northern Line Islands, central Pacific. Kingman, a small uninhabited atoll which lies most northerly in the chain, had microbial and water chemistry characteristic of an open ocean ecosystem.Obtaining the microbial data set, from atolls is particularly important given the association of microbes in the ongoing degradation of coral reef ecosystems worldwide.", "PI_lastname": "Dinsdale", "PI_organization_country": "USA", "project_funding": "Gordon and Betty Moore Foundation", "PI_firstname": "Elizabeth", "project_name": "Northern Line Islands", "ebi_id": "ERP104414", "PI_organization_address": "San Diego, CA", "PI_organization_url": "http://www.sdsu.edu/", "ncbi_id": "28343"}, "name": "Northern Line Islands ", "id": "mgp40", "public": "Northern Line Islands "}, "library": {"data": {"seq_meth": "454", "metagenome_name": "XmasLIMic20050805", "file_checksum": "7b79dac7f85e3988bf8ff5331d8ecf8b", "454_regions": 227542, "gold_id": "Gm00083", "metagenome_id": "4440041.3", "pubmed_id": "18301735, 18337718", "seq_center": "454 Life Sciences, Inc, Branford, CT", "sequences_sequences_predicted_genes": "Some Metagenome data has predicted genes", "sequences_sequences_assembled": "Contigs NOT assembled", "ebi_id": "ERX2188339", "investigation_type": "metagenome"}, "name": "mgl48890", "id": "mgl48890", "type": "WGS"}}, "pipeline_version": "3.0", "project_alpha_diversity": {"stdv": 87.4090407556243, "avg": 343.800423960588, "min": 250.196724557189, "max": 519.871180631381}, "version": 1, "pipeline_parameters": {"dereplicate": "yes", "filter_ln_mult": "2.0", "assembled": "no", "file_type": "fna", "prefix_length": "50", "m5nr_sims_version": "7", "rna_pid": "97", "priority": "never", "max_ambig": "5", "bowtie": "yes", "screen_indexes": "h_sapiens", "m5nr_annotation_version": "1", "filter_ambig": "yes", "filter_ln": "yes", "m5rna_annotation_version": "1", "m5rna_sims_version": "7", "aa_pid": "90", "fgs_type": "454"}, "sample": ["mgs15548", "https://api.mg-rast.org/sample/mgs15548"], "created": "2007-05-22 00:11:41", "id": "mgm4440041.3", "project": ["mgp40", "https://api.mg-rast.org/project/mgp40"], "url": "https://api.mg-rast.org/metagenome/mgm4440041.3?verbosity=full", "mixs": {"biome": "marine habitat", "longitude": -157.4840667, "sequence_type": "WGS", "env_package_type": "water", "feature": "marine habitat", "material": "marine habitat", "collection_date": "2005-08-05", "location": "Christmas (Kiritimati) Atoll", "seq_method": "454", "project_name": "Northern Line Islands ", "country": "United States of America", "latitude": 1.99231667, "PI_firstname": "Elizabeth", "project_id": "mgp40", "PI_lastname": "Dinsdale"}, "project_metagenomes": ["4440039.3", "4440038.3", "4440041.3", "4440036.3", "4440040.3", "4440280.3", "4440279.3", "4440037.3"], "status": "public"}