{"url": "https://api.mg-rast.org/metagenome/mgm4440276.3?verbosity=full", "status": "public", "mixs": {"latitude": 60.27, "collection_date": "2006-05-19", "PI_lastname": "Gilbert", "biome": "marine habitat", "material": "marine habitat", "country": "Norway", "sequence_type": "WGS", "seq_method": "454", "project_name": "cDNA - Plymouth Marine Lab Coastal Waters project", "location": "coastal waters of a fjord close to Bergen, Norway", "env_package_type": "water", "longitude": -5.22, "PI_firstname": "Jack ", "project_id": "mgp52", "feature": "marine habitat"}, "project": ["mgp52", "https://api.mg-rast.org/project/mgp52"], "md5_checksum": "e25f56b36c71f8a784dd274a0a2260aa", "sample": ["mgs22755", "https://api.mg-rast.org/sample/mgs22755"], "metadata": {"env_package": {"name": "mge52489", "type": "water", "data": {"samp_store_temp": "-80", "diss_carb_dioxide": "standard amount for seawater", "env_package": "water", "misc_param": "post-bloom"}, "id": "mge52489"}, "sample": {"data": {"latitude": 60.27, "collection_date": "2006-05-19", "continent": "europe", "collection_timezone": "UTC", "samp_collect_device": "Water samples were taken at the peak and immediately following the collapse of the phytoplankton bloom. Briefly, water samples from the coastal mesocosm were collected and processed as follows: 15 l of water from four samples was filtered through a 1.6 &#956;m GF/A filter (Whatman) to remove most phytoplankton cells and this filtrate was collected on 0.22 &#956;m Sterivex filters (Millipore) which were pumped dry, frozen in liquid nitrogen and stored at &#8722;80\u00c2\u00b0C until nucleic acid extraction.", "biome": "marine habitat", "material": "marine habitat", "country": "Norway", "env_package": "water", "geodetic_system": "wgs_84", "samp_mat_process": "filtering", "location": "coastal waters of a fjord close to Bergen, Norway", "samp_size": "15 L", "isol_growth_condt": "18783384, 18725995", "longitude": -5.22, "feature": "marine habitat"}, "id": "mgs22755", "name": "mgs22755"}, "library": {"name": "mgl52488", "type": "WGS", "data": {"sequences_sequences_assembled": "Assembled contigs", "lib_const_meth": "Epicenter", "gold_id": "Gm00132", "pubmed_id": "18783384, 18725995", "file_checksum": "e25f56b36c71f8a784dd274a0a2260aa", "sequences_sequences_predicted_genes": "Metagenome data cosists of predicted genes", "sequences_sequences_combined_libraries": "Sequences are from combined libraries", "seq_meth": "454", "metagenome_id": "4440276.3", "investigation_type": "metagenome", "seq_center": "NERC-funded University of Liverpool 454 Sequencing Facility", "lib_type": "fosmid", "metagenome_name": "6-19-DNA-flx"}, "id": "mgl52488"}, "project": {"name": "cDNA - Plymouth Marine Lab Coastal Waters project", "id": "mgp52", "data": {"project_description": "We present a study of a complex marine metatranscriptome obtained from random whole-community mRNA using the GS-FLX Pyrosequencing technology. Eight samples, four DNA and four mRNA, were processed from two time points in a controlled coastal ocean mesocosm study (Bergen, Norway) involving an induced phytoplankton bloom producing a total of 323,161,989 base pairs. Our study confirms the finding of the first published metatranscriptomic studies of marine and soil environments that metatranscriptomics targets highly expressed sequences which are frequently novel. Our alternative methodology increases the range of experimental options available for conducting such studies and is characterized by an exceptional enrichment of mRNA (99.92%) versus ribosomal RNA. Analysis of corresponding metagenomes confirms much higher levels of assembly in the metatranscriptomic samples and a far higher yield of large gene families with >100 members, ~91% of which were novel.  These datasets are described in PMID:  18725995  Gilbert et al. PLoS One. 2008 Aug 22;3(8):e3042. doi: 10.1371/journal.pone.0003042.\rDetection of large numbers of novel sequences in the metatranscriptomes of complex marine microbial communities. and are deposited as SRA000266.", "project_name": "cDNA - Plymouth Marine Lab Coastal Waters project", "PI_organization_country": "United Kingdom", "PI_organization": "Plymouth Marine Laboratory", "PI_email": "jagi@pml.ac.uk", "ncbi_id": "28725", "PI_lastname": "Gilbert", "PI_organization_address": "Plymouth, Devon PL1 3DH", "project_funding": "Natural Environment Research Council (NE/C507902/1), Biodiversity Program of the Centre for Ecology and Hydrology, National Institute of Allergy and Infectious Diseases, National Institutes of Health, Department of Health and Human Services, the Gordon and Betty Moore Foundation", "PI_organization_url": "www.pml.ac.uk", "PI_firstname": "Jack"}, "public": "cDNA - Plymouth Marine Lab Coastal Waters project"}}, "statistics": {}, "job_id": 9, "id": "mgm4440276.3", "owner": "mgu260", "project_metagenomes": ["4440163.5", "4440166.5", "4440165.5", "4440164.6", "4440213.3", "4440212.3", "4440275.3", "4440276.3"], "pipeline_parameters": {"m5rna_annotation_version": "1", "dereplicate": "yes", "filter_ln_mult": "2.0", "filter_ambig": "yes", "priority": "never", "m5nr_annotation_version": "1", "m5nr_sims_version": "7", "aa_pid": "90", "fgs_type": "454", "screen_indexes": "h_sapiens", "bowtie": "yes", "rna_pid": "97", "m5rna_sims_version": "7", "max_ambig": "5", "file_type": "fna", "prefix_length": "50", "assembled": "no", "filter_ln": "yes"}, "mixs_compliant": 0, "created": "2007-11-02 14:40:12", "sequence_type": "WGS", "version": 1, "pipeline_version": "3.0", "name": "6-19-DNA-flx", "library": ["mgl52488", "https://api.mg-rast.org/library/mgl52488"], "project_alpha_diversity": {"min": 164.044584361858, "max": 521.075982951251, "avg": 401.065629146282, "stdv": 133.924063927938}}