{"mixs_compliant": 1, "created": "2007-07-02 20:49:48", "project": ["mgp21", "https://api.mg-rast.org/project/mgp21"], "version": 1, "library": ["mgl52502", "https://api.mg-rast.org/library/mgl52502"], "status": "public", "mixs": {"longitude": -116.097751, "location": "San Diego University, San Diego, California", "material": "bodily fluid", "country": "United States of America", "collection_date": "2006-05-04T12:00:00Z", "project_name": "Aquacultured Fish (Kent State)", "project_id": "mgp21", "feature": "animal-associated habitat", "env_package_type": "host-associated", "PI_firstname": "Florent", "latitude": 33.537594, "PI_lastname": "Angly", "seq_method": "454", "biome": "Small lake biome", "sequence_type": "WGS"}, "project_alpha_diversity": {"min": 57.6775499450334, "max": 235.03940523201, "stdv": 46.2465541848945, "avg": 154.971972233003}, "id": "mgm4440056.3", "pipeline_parameters": {"m5nr_annotation_version": "1", "filter_ln": "yes", "bowtie": "yes", "m5rna_annotation_version": "1", "filter_ln_mult": "2.0", "rna_pid": "97", "fgs_type": "454", "prefix_length": "50", "assembled": "no", "m5rna_sims_version": "7", "max_ambig": "5", "m5nr_sims_version": "7", "screen_indexes": "h_sapiens", "filter_ambig": "yes", "aa_pid": "90", "priority": "never", "file_type": "fna", "dereplicate": "yes"}, "metadata": {"sample": {"id": "mgs22822", "name": "FishMorGutKentSTMic20060504", "data": {"country": "United States of America", "samp_collect_device": "Adult hybrid striped bass were collected in April 2006 from a 5x2 m open\u00c2\u00adair aquaculture pond in San Diego, California, USA. Each fish was classified as healthy or morbid by veterinarians upon visual inspection. Fish were sacrificed with an overdose of MS\u00c2\u00ad222 (Finquel, Argent Laboratories), and examined for the presence of gross external and internal lesions to confirm preliminary diagnoses. Symptomatic fish had empty gut contents. Five symptomatic and five asymptomatic fish were selected and gut contents were collected by flushing aseptically with 10 mL of SM buffer. Samples were sonicated (15 seconds, 3 times) and then centrifuged at 150 x g for 20 minutes at 4\u00c2\u00b0C. The supernatant was then filtered (0.45 &#956;m and 0.2 &#956;m) to separate the microbial fraction (attached onto the filter) from the viruses (filtrate). Viral particles in the filtrate were purified using a CsCl step gradient and viral DNA was extracted as described by Thurber [5].", "metagenome_taxonomy": "fish gut", "isol_growth_condt": "20011103", "collection_time": "12:00:00", "continent": "north america", "mgrast_id": "mgs22822", "location": "San Diego University, San Diego, California", "longitude": -116.097751, "env_package": "host-associated", "material": "bodily fluid", "latitude": 33.537594, "samp_mat_process": "DNA extraction", "biome": "Small lake biome", "collection_timezone": "UTC", "collection_date": "2006-05-04", "sample_name": "FishMorGutKentSTMic20060504", "feature": "animal-associated habitat"}}, "project": {"data": {"ncbi_id": "28389", "project_description": "As part of the GAAS genomic tool execution and development, Adult hybrid striped bass were collected in April 2006 from a 5x2 m open\u00c2\u00adair aquaculture pond in San Diego, California, USA. Each fish was classified as healthy or morbid by veterinarians upon visual inspection. Fish were sacrificed with an overdose of MS\u00c2\u00ad222 (Finquel, Argent Laboratories), and examined for the presence of gross external and internal lesions to confirm preliminary diagnoses. Symptomatic fish had empty gut contents. Five symptomatic and five asymptomatic fish were selected and gut contents were collected by flushing aseptically with 10 mL of SM buffer. Samples were sonicated (15 seconds, 3 times) and then centrifuged at 150 x g for 20 minutes at 4\u00c2\u00b0C. The supernatant was then filtered (0.45 &#956;m and 0.2 &#956;m) to separate the microbial fraction (attached onto the filter) from the viruses (filtrate). Viral particles in the filtrate were purified using a CsCl step gradient and viral DNA was extracted as described by Thurber . Viral DNA was amplified with GenomiPhi (GE Healthcare, Piscataway, NJ) and ethanol precipitated. Approximately 10 &#956;g of each DNA sample was submitted for GS20 pyrosequencing at 454 Life Sciences to produce the FishHealGutKentSTVir20060504 and FishMorGutKentSTVir20060504 metagenomes (from healthy fish and morbid fish respectively). Duplicate sequences were removed and the metagenomes were submitted to NCBI (Genome Project 28397 and 28399).", "PI_organization_address": "San Diego, CA", "PI_email": "forent.angly@gmail.com", "PI_organization_url": "http://bio.sdsu.edu", "project_name": "Aquacultured Fish (Kent State)", "PI_firstname": "Florent", "PI_organization_country": "USA", "PI_lastname": "Angly", "PI_organization": "Biology Department, San Diego State University", "ebi_id": "ERP104408"}, "id": "mgp21", "name": "Aquacultured Fish (Kent State)", "public": "Aquacultured Fish (Kent State)"}, "library": {"data": {"seq_center": "454 Life Sciences, Inc, Branford, CT", "mgrast_id": "mgl52502", "metagenome_name": "FishMorGutKentSTMic20060504", "pubmed_id": "20011103, 18337718", "file_checksum": "03e3737a1d3627cebac70ee6b600756b", "sample_name": "FishMorGutKentSTMic20060504", "seq_meth": "454", "investigation_type": "metagenome", "lib_type": "random shotgun", "gold_id": "Gm00133", "metagenome_id": "4440056.3"}, "id": "mgl52502", "type": "WGS", "name": "FishMorGutKentSTMic20060504"}, "env_package": {"data": {"host_growth_cond": "5x2 m open\u00c2\u00adair aquaculture pond", "disease_stat": "sick", "body_product": "gut contents", "life_stage": "Adult", "misc_param_1": "env_package: host-associated", "host_taxid": "34816", "host_common_name": "striped bass", "mgrast_id": "mge52503", "env_package": "host-associated", "sample_name": "FishMorGutKentSTMic20060504"}, "id": "mge52503", "name": "FishMorGutKentSTMic20060504: host-associated", "type": "host-associated"}}, "statistics": {}, "md5_checksum": "03e3737a1d3627cebac70ee6b600756b", "job_id": 69, "project_metagenomes": ["4440066.3", "4440062.3", "4440055.3", "4440056.3", "4440065.3", "4440063.3", "4440059.3", "4440064.3", "4441696.3", "4441695.3"], "name": "FishMorGutKentSTMic20060504", "owner": "mgu182", "pipeline_version": "3.0", "sample": ["mgs22822", "https://api.mg-rast.org/sample/mgs22822"], "url": "https://api.mg-rast.org/metagenome/mgm4440056.3?verbosity=full", "sequence_type": "WGS"}