{"project_alpha_diversity": {"max": 448.422692804302, "avg": 257.254317465676, "min": 101.123279516691, "stdv": 136.14625633552}, "mixs": {"project_name": "Iquique Oxygen minimum zone Chile", "latitude": 20.116183, "biome": "ocean biome", "collection_date": "2008-06-18T21:00:00-0300", "location": "Iquique", "sequence_type": "WGS", "env_package_type": "water", "PI_lastname": "Dinsdale", "project_id": "mgp2265", "feature": "marine habitat", "seq_method": "454", "material": "anoxic water", "country": "Chile", "PI_firstname": "Liz", "longitude": 70.793567}, "owner": "mgu347", "id": "mgm4443777.3", "metadata": {"library": {"id": "mgl80191", "name": "OxMinZoneSite5Vir20080618-90", "type": "WGS", "data": {"investigation_type": "metagenome", "metagenome_id": "4443777.3", "metagenome_name": "OxMinZoneSite5Vir20080618-90", "sample_name": "OxMinZoneSite5Vir20080618-90", "file_checksum": "5fd4f295efa63479cadedb756f1ca498", "seq_meth": "454"}}, "project": {"id": "mgp2265", "name": "Iquique Oxygen minimum zone Chile", "public": "Iquique Oxygen minimum zone Chile", "data": {"PI_organization": "San Diego State University", "PI_lastname": "Dinsdale", "project_name": "Iquique Oxygen minimum zone Chile", "PI_organization_address": "5500 Campanile Drive, San Diego, CA 92115", "PI_firstname": "Liz", "PI_organization_country": "United States of America", "PI_email": "Elizabeth_dinsdale@hotmail.com"}}, "sample": {"name": "OxMinZoneSite5Vir20080618-90", "id": "mgs80189", "data": {"location": "Iquique", "continent": "south america", "collection_date": "2008-06-18", "sample_id": "4443777.3", "biome": "ocean biome", "collection_time": "21:00:00", "sample_name": "OxMinZoneSite5Vir20080618-90", "latitude": 20.116183, "collection_timezone": "UTC -3", "longitude": 70.793567, "country": "Chile", "material": "anoxic water", "depth": 90, "env_package": "water", "feature": "marine habitat"}}, "env_package": {"name": "OxMinZoneSite5Vir20080618-90: water", "id": "mge80190", "type": "water", "data": {"env_package": "water", "sample_name": "OxMinZoneSite5Vir20080618-90"}}}, "sample": ["mgs80189", "https://api.mg-rast.org/sample/mgs80189"], "job_id": 3723, "library": ["mgl80191", "https://api.mg-rast.org/library/mgl80191"], "pipeline_version": "3.0", "statistics": {}, "name": "OxMinZoneSite5Vir20080618-90", "created": "2009-06-08 21:28:32", "mixs_compliant": 0, "version": 1, "sequence_type": "WGS", "project_metagenomes": ["4443777.3", "4443776.3", "4443317.3", "4443316.3"], "status": "public", "pipeline_parameters": {"filter_ambig": "yes", "m5nr_sims_version": "7", "rna_pid": "97", "assembled": "no", "dereplicate": "yes", "screen_indexes": "h_sapiens", "prefix_length": "50", "m5rna_sims_version": "7", "file_type": "fna", "bowtie": "yes", "filter_ln": "yes", "aa_pid": "90", "priority": "never", "m5nr_annotation_version": "1", "fgs_type": "454", "m5rna_annotation_version": "1", "filter_ln_mult": "2.0", "max_ambig": "5"}, "md5_checksum": "5fd4f295efa63479cadedb756f1ca498", "url": "https://api.mg-rast.org/metagenome/mgm4443777.3?verbosity=full", "project": ["mgp2265", "https://api.mg-rast.org/project/mgp2265"]}