{"mixs_compliant": 0, "project_alpha_diversity": {"min": 245.989884532423, "avg": 253.143140941311, "stdv": 7.15325640888801, "max": 260.296397350199}, "library": ["mgl52400", "https://api.mg-rast.org/library/mgl52400"], "owner": "mgu347", "version": 1, "status": "public", "created": "2008-10-21 21:25:18", "project": ["mgp4", "https://api.mg-rast.org/project/mgp4"], "statistics": {}, "pipeline_version": "3.0", "md5_checksum": "aaa05aeed5341efc1cccd180176fe278", "pipeline_parameters": {"m5nr_sims_version": "7", "filter_ln_mult": "2.0", "filter_ln": "yes", "dereplicate": "yes", "m5rna_annotation_version": "1", "max_ambig": "5", "prefix_length": "50", "priority": "never", "screen_indexes": "h_sapiens", "m5rna_sims_version": "7", "bowtie": "yes", "rna_pid": "97", "assembled": "no", "file_type": "fna", "fgs_type": "454", "aa_pid": "90", "m5nr_annotation_version": "1", "filter_ambig": "yes"}, "metadata": {"project": {"data": {"PI_email": "caryc@udel.edu", "project_name": "Alvinella Pompejana Epibiont Metagenome", "project_description": "The polychaete Alvinella pompejana is an endemic inhabitant of deep-sea hydrothermal vents located from 21N to 32S latitude on the East Pacific Rise. This tube-dwelling polychaete forms dense colonies exclusively on the walls of high-temperature black smoker chimneys, which are characterized by extreme physicochemical gradients and dynamic in thermal emission rates and intensive mineral precipitation.\r\n\r\nWe performed an environmental genomic analysis of the A. pompejana episymbiont community in an effort to define the basic metabolic strategy of the association and elucidate why Epsilonproteobacteria are so successful in this environment. We hypothesized that under extreme constraints imposed by the local geochemical environment, the Epsilonproteobacteria episymbiotic consortium employs a core metabolic strategy shared by most members of the community and that geochemical and thermal fluctuations impose significant selection pressures on the community. Identification of the metabolic and cellular features of this microbial community have provided details regarding the relationships between the symbionts and their host as well as the nature of epibiont adaptation in a dynamic physiochemical environment", "project_funding": "Desert Research Institute and NSF", "ncbi_id": "17241", "PI_organization_url": "www.dri.edu/dees", "PI_organization_country": "USA", "PI_lastname": "Cary", "PI_organization_address": "2215 Raggio Parkway, Reno, NV 89512", "PI_organization": "aDivision of Earth and Ecosystem Sciences, Desert Research Institute", "PI_firstname": "Stephen"}, "id": "mgp4", "public": "Alvinella Pompejana Epibiont Metagenome", "name": "Alvinella Pompejana Epibiont Metagenome"}, "sample": {"data": {"biome": "hydrothermal vent", "collection_timezone": "UTC", "metagenome_taxonomy": "hydrothermal vent", "continent": "na", "longitude": -104.28, "geodetic_system": "wgs_84", "env_package": "water", "samp_collect_device": "A. pompejana specimens in their associated tubes were collected at the East Pacific Rise by the deep submergence research vehicle Alvin in 1994 (13\u00c2\u00b0N), 1999 (9\u00c2\u00b0N), 2001 (9\u00c2\u00b0N), and 2002 (9\u00c2\u00b0N). Before collection, the temperature of the worms' immediate environment was measured and discrete water samples were taken from within the tubes for geochemical analysis (3). Individual alvinellids were collected, transported to the surface, and frozen.", "feature": "hydrothermal vent", "samp_mat_process": "DNA extraction", "material": "hydrothermal vent", "location": "Black smoker chimneys on East Pacific Rise", "depth": 2500, "latitude": 9.84, "isol_growth_condt": "18987310"}, "id": "mgs22321", "name": "mgs22321"}, "env_package": {"type": "water", "name": "mge52401", "data": {"life_stage": "Adult", "sulfide": "undetectable (<0.2 &#956;M) - 46.5 &#956;M", "magnesium": "72% to 91% concentrations typically found in deep seawater", "samp_store_temp": "-20", "nitrate": "13.9 to 20.0 &#956;M,", "ph": "5.33 - 6.40", "body_site": "dorsal surface", "host_common_name": "Alvinella pompejana", "host_taxid": "6376", "ammonium": "2.5 to 9.7 &#956;M", "env_package": "water", "_temp": "28.6-84", "sulfate": "22.5 mM - 27.5 mM."}, "id": "mge52401"}, "library": {"id": "mgl52400", "data": {"sequences_sequences_filtered": "Removed redundant contigs", "file_checksum": "aaa05aeed5341efc1cccd180176fe278", "investigation_type": "metagenome", "sequences_sequences_combined_libraries": "Sequences are not from combined libraries", "metagenome_name": "Alvinella Pompejana Epibiont", "gold_id": "Gm00023", "metagenome_id": "4441663.3", "pubmed_id": "18987310", "seq_meth": "other", "sequences_sequences_assembled": "Assembled contigs"}, "name": "mgl52400", "type": "WGS"}}, "project_metagenomes": ["4441102.3", "4441663.3"], "url": "https://api.mg-rast.org/metagenome/mgm4441663.3?verbosity=full", "sample": ["mgs22321", "https://api.mg-rast.org/sample/mgs22321"], "job_id": 1511, "sequence_type": "WGS", "id": "mgm4441663.3", "mixs": {"latitude": 9.84, "seq_method": "other", "location": "Black smoker chimneys on East Pacific Rise", "material": "hydrothermal vent", "project_name": "Alvinella Pompejana Epibiont Metagenome", "project_id": "mgp4", "collection_date": "", "country": "", "env_package_type": "water", "feature": "hydrothermal vent", "PI_lastname": "Cary", "sequence_type": "WGS", "PI_firstname": "Stephen", "biome": "hydrothermal vent", "longitude": -104.28}, "name": "Alvinella Pompejana Epibiont"}