{"pipeline_parameters": {"assembled": "no", "dereplicate": "yes", "priority": "never", "bowtie": "yes", "m5nr_sims_version": "7", "screen_indexes": "h_sapiens", "m5rna_sims_version": "7", "filter_ln": "yes", "file_type": "fna", "filter_ln_mult": "2.0", "prefix_length": "50", "aa_pid": "90", "fgs_type": "454", "rna_pid": "97", "m5nr_annotation_version": "1", "filter_ambig": "yes", "m5rna_annotation_version": "1", "max_ambig": "5"}, "owner": "mgu9232", "library": ["mgl231537", "https://api.mg-rast.org/library/mgl231537"], "name": "Pedra do Leste 2010", "created": "2010-12-08 23:18:20", "project_alpha_diversity": {"stdv": 154.538303568506, "avg": 585.657579898616, "min": 313.014668606957, "max": 791.723324221748}, "metadata": {"project": {"id": "mgp4558", "data": {"project_description": "The aim of this study was to characterize the coral reef systems of the Abrolhos Bank using Metagenomic approach. Metagenomes were used to evaluated healthy of Abrolhos reef Bank. Metagenomic analysis may accurately detect small changes in the diversity and metabolism of microbial community associated to reef ecossystem. Abrolhos Bank is the most important coral reef area of the South Atlantic Ocean, but less than 5% of the reefs are located within Marine Protected Areas (MPAs). All Brazilian endemic scleractinians are found in the Abrolhos Bank. The two offshore reefs within the no-take area of the National Marine Park of Abrolhos (NMPA) included in this study (Parcel dos Abrolhos and California) are well protected from fishing. The two inner reefs (Pedra de Leste and Sebastia\u02dco Gomes) are unprotected and subjected to high fishing pressure, while the third reef (Timbebas Reef) is located within a poorly enforced portion of the NMPA. Spatial management through implementations of the NMPA can be considered a large-scale ecological experiment that can provide important insights into ecosystem functioning and management effectiveness. The data presented here was published in Bruce et al 2012. Bruce, T., P. M. Meirelles, G. Garcia, R. Paranhos, C. E. Rezende, R. L. de Moura, R. F. Filho, E. O. Coni, A. T. Vasconcelos, G. Amado Filho, M. Hatay, R. Schmieder, R. Edwards, E. Dinsdale, and F. L. Thompson. 2012. Abrolhos bank reef health evaluated by means of water quality, microbial diversity, benthic cover, and fish biomass data. PLoS ONE 7:e36687.", "project_name": "Abrolhos reef Bank", "PI_email": "fabiano.thompson@biologia.ufrj.br", "PI_lastname": "Thompson", "lastname": "Bruce", "PI_organization_url": "http://www.microbiologia.biologia.ufrj.br", "PI_organization_address": "Lab. de Microbiologia - BIOMAR UFRJ Av. Carlos Chagas Fo., 373 CCS - Bloco A (Anexo), A3 - sl 202 Cidade Universit\u00e1ria RJ - RJ - Brasil 21941-599, Brazil", "firstname": "Thiago", "PI_organization_country": "Brazil", "PI_organization": "Federal University of Rio de Janeiro", "PI_firstname": "Fabiano", "email": "fabiano.thompson@biologia.ufrj.br", "project_funding": "CNPq, CAPES, FAPERJ"}, "public": "Abrolhos reef Bank", "name": "Abrolhos reef Bank"}, "env_package": {"data": {"env_package": "water", "sample_name": "Pedra do Leste 2010"}, "id": "mge231536", "name": "Pedra do Leste 2010: water", "type": "water"}, "library": {"data": {"investigation_type": "metagenome", "metagenome_name": "Pedra do Leste 2010", "sample_name": "Pedra do Leste 2010", "metagenome_id": "4453305.3", "file_checksum": "6d3d6e30e49ed869f96c0ca8c02ce6aa", "seq_meth": "454"}, "id": "mgl231537", "name": "Pedra do Leste 2010", "type": "WGS"}, "sample": {"data": {"latitude": -17.7836944444444, "location": "Abrolhos Reefs", "biome": "coral reef", "country": "Brazil", "material": "water", "sample_name": "Pedra do Leste 2010", "feature": "coral reef", "collection_date": "2010-02-20", "collection_time": "10:00:00", "sample_id": "4453305.3", "env_package": "water", "collection_timezone": "UTC-03:00", "longitude": -39.0513888888889}, "id": "mgs231535", "name": "Pedra do Leste 2010"}}, "url": "https://api.mg-rast.org/metagenome/mgm4453305.3?verbosity=full", "status": "public", "version": 1, "mixs": {"sequence_type": "WGS", "PI_firstname": "Fabiano", "seq_method": "454", "collection_date": "2010-02-20T10:00:00-0300", "location": "Abrolhos Reefs", "env_package_type": "water", "feature": "coral reef", "biome": "coral reef", "country": "Brazil", "PI_lastname": "Thompson", "longitude": -39.0513888888889, "latitude": -17.7836944444444, "project_name": "Abrolhos reef Bank", "project_id": "mgp4558", "material": "water"}, "md5_checksum": "6d3d6e30e49ed869f96c0ca8c02ce6aa", "id": "mgm4453305.3", "project_metagenomes": ["4453371.3", "4453305.3", "4453304.3", "4447862.3", "4447551.3", "4447483.3", "4448427.3", "4453372.3"], "statistics": {}, "pipeline_version": "3.0", "sequence_type": "WGS", "sample": ["mgs231535", "https://api.mg-rast.org/sample/mgs231535"], "job_id": 12912, "project": ["mgp4558", "https://api.mg-rast.org/project/mgp4558"], "mixs_compliant": 0}