{"sample": ["mgs80192", "https://api.mg-rast.org/sample/mgs80192"], "pipeline_parameters": {"priority": "never", "file_type": "fna", "filter_ambig": "yes", "m5rna_sims_version": "7", "fgs_type": "454", "assembled": "no", "filter_ln_mult": "2.0", "m5nr_sims_version": "7", "dereplicate": "yes", "bowtie": "yes", "m5rna_annotation_version": "1", "max_ambig": "5", "screen_indexes": "h_sapiens", "filter_ln": "yes", "m5nr_annotation_version": "1", "prefix_length": "50", "aa_pid": "90", "rna_pid": "97"}, "project": ["mgp2265", "https://api.mg-rast.org/project/mgp2265"], "project_alpha_diversity": {"avg": 257.254317465676, "min": 101.123279516691, "max": 448.422692804302, "stdv": 136.14625633552}, "url": "https://api.mg-rast.org/metagenome/mgm4443776.3?verbosity=full", "statistics": {}, "md5_checksum": "cfb404dad3e78ea256c6ac66aed0be19", "sequence_type": "WGS", "id": "mgm4443776.3", "pipeline_version": "3.0", "version": 1, "status": "public", "name": "OxMinZoneSite5Vir20080618-55", "created": "2009-06-08 21:27:35", "project_metagenomes": ["4443777.3", "4443776.3", "4443317.3", "4443316.3"], "job_id": 3722, "mixs_compliant": 0, "owner": "mgu347", "metadata": {"library": {"id": "mgl80194", "data": {"metagenome_id": "4443776.3", "file_checksum": "cfb404dad3e78ea256c6ac66aed0be19", "sample_name": "OxMinZoneSite5Vir20080618-55", "metagenome_name": "OxMinZoneSite5Vir20080618-55", "investigation_type": "metagenome", "seq_meth": "454"}, "type": "WGS", "name": "OxMinZoneSite5Vir20080618-55"}, "sample": {"id": "mgs80192", "data": {"longitude": 70.803417, "country": "Chile", "continent": "south america", "env_package": "water", "sample_id": "4443776.3", "material": "anoxic water", "feature": "marine habitat", "location": "Iquique", "collection_timezone": "UTC -3", "depth": 55, "collection_time": "21:00:00", "latitude": 20.104183, "sample_name": "OxMinZoneSite5Vir20080618-55", "collection_date": "2008-06-18", "biome": "ocean biome"}, "name": "OxMinZoneSite5Vir20080618-55"}, "project": {"name": "Iquique Oxygen minimum zone Chile", "public": "Iquique Oxygen minimum zone Chile", "data": {"project_name": "Iquique Oxygen minimum zone Chile", "PI_organization_country": "United States of America", "PI_firstname": "Liz", "PI_organization": "San Diego State University", "PI_lastname": "Dinsdale", "PI_email": "Elizabeth_dinsdale@hotmail.com", "PI_organization_address": "5500 Campanile Drive, San Diego, CA 92115"}, "id": "mgp2265"}, "env_package": {"name": "OxMinZoneSite5Vir20080618-55: water", "type": "water", "id": "mge80193", "data": {"sample_name": "OxMinZoneSite5Vir20080618-55", "env_package": "water"}}}, "mixs": {"seq_method": "454", "longitude": 70.803417, "country": "Chile", "material": "anoxic water", "feature": "marine habitat", "PI_firstname": "Liz", "sequence_type": "WGS", "project_name": "Iquique Oxygen minimum zone Chile", "location": "Iquique", "PI_lastname": "Dinsdale", "latitude": 20.104183, "env_package_type": "water", "project_id": "mgp2265", "collection_date": "2008-06-18T21:00:00-0300", "biome": "ocean biome"}, "library": ["mgl80194", "https://api.mg-rast.org/library/mgl80194"]}