{"owner": "mgu19912", "mixs_compliant": 0, "id": "mgm4448044.3", "sample": ["mgs22789", "https://api.mg-rast.org/sample/mgs22789"], "library": ["mgl52496", "https://api.mg-rast.org/library/mgl52496"], "version": 1, "project_alpha_diversity": {"max": 439.332554015502, "stdv": 0, "avg": 439.332554015502, "min": 439.332554015502}, "pipeline_version": "3.0", "created": "2010-05-08 10:26:53", "project_metagenomes": ["4448044.3"], "sequence_type": "WGS", "pipeline_parameters": {"prefix_length": "50", "dereplicate": "yes", "filter_ln": "yes", "filter_ln_mult": "2.0", "fgs_type": "454", "priority": "never", "m5rna_sims_version": "7", "m5rna_annotation_version": "1", "m5nr_annotation_version": "1", "max_ambig": "5", "screen_indexes": "h_sapiens", "file_type": "fna", "m5nr_sims_version": "7", "filter_ambig": "yes", "rna_pid": "97", "bowtie": "yes", "assembled": "no", "aa_pid": "90"}, "metadata": {"env_package": {"type": "human-gut", "data": {"samp_store_temp": "-80", "env_package": "human-gut", "body_product": "stool"}, "id": "mge52497", "name": "mge52497"}, "library": {"name": "mgl52496", "data": {"gold_id": "Gm00154", "sequences_sequences_predicted_genes": "Metagenome data has predicted genes", "seq_meth": "illumina", "sequences_sequences_assembled": "High-quality short reads of each DNA sample were assembled by the SOAPdenovo assembler", "investigation_type": "metagenome", "pubmed_id": "20203603", "file_checksum": "58ca3f1a3707f8e57cd0842b7311d450", "metagenome_name": "BGIgutGeneSet", "metagenome_id": "4448044.3", "sequences_sequences_filtered": "The 17-mers with depth less than 5 were screened in front of assembly,"}, "id": "mgl52496", "type": "WGS"}, "sample": {"name": "mgs22789", "data": {"samp_collect_device": "Patients and healthy controls were asked to provide a frozen stool sample. Fresh stool samples were obtained at home, and samples were immediately frozen by storing them in their home freezer. Frozen samples were delivered to the Hospital using insulating polystyrene foam containers, and then they were stored at -80&#8201;\u00c2\u00b0C until analysis. A frozen aliquot (200&#8201;mg) of each faecal sample was suspended in 250&#8201;&#956;l of guanidine thiocyanate, 0.1&#8201;M Tris (pH 7.5) and 40&#8201;&#956;l of 10% N-lauroyl sarcosine. Then, DNA extraction was conducted as previously described22. The DNA concentration and its molecular size were estimated by nanodrop (Thermo Scientific) and agarose gel electrophoresis.", "isol_growth_condt": "20203603", "continent": "europe", "samp_size": "200 mg", "env_package": "human-gut", "samp_mat_process": "DNA extraction", "geodetic_system": "wgs_84", "collection_timezone": "UTC"}, "id": "mgs22789"}, "project": {"name": "Human Gut Microbial Metagenome", "data": {"PI_firstname": "Jun", "ncbi_id": "32811", "PI_lastname": "Wang", "PI_email": "wangj@genomics.org.cn", "PI_organization_country": "Denemark", "project_funding": "uropean Community\u00e2\u0080\u0099s Seventh Framework Programme, MetaHIT, Danish Natural Science Research Council, the Solexa project, Shenzhen Municipal Government of China, the National Natural Science Foundation of China, International Science and Technology Cooperation Project, China, Danish Strategic Research Council, and the Lundbeck Foundation Centre for Applied Medical Genomics in Personalised Disease Prediction, Prevention and Care", "project_description": "Metagenomic sequencing represents a powerful alternative to rRNA sequencing for analysing complex microbial communities13, 14, 15. Applied to the human gut, such studies have already generated some 3&#8201;gigabases (Gb) of microbial sequence from faecal samples of 33 individuals from the United States or Japan8, 16, 17. To get a broader overview of the human gut microbial genes we used the Illumina Genome Analyser (GA) technology to carry out deep sequencing of total DNA from faecal samples of 124 European adults. We generated 576.7&#8201;Gb of sequence, almost 200 times more than in all previous studies, assembled it into contigs and predicted 3.3 million unique open reading frames (ORFs). This gene catalogue contains virtually all of the prevalent gut microbial genes in our cohort, provides a broad view of the functions important for bacterial life in the gut and indicates that many bacterial species are shared by different individuals. Our results also show that short-read metagenomic sequencing can be used for global characterization of the genetic potential of ecologically complex environments.", "project_name": "Human Gut Microbial Metagenome", "PI_organization": "Department of Biology, University of Copenhagen", "PI_organization_url": "http://www1.bio.ku.dk/english/", "PI_organization_address": "DK-2200 Copenhagen"}, "id": "mgp60", "public": "Human Gut Microbial Metagenome"}}, "url": "https://api.mg-rast.org/metagenome/mgm4448044.3?verbosity=full", "mixs": {"longitude": null, "latitude": null, "env_package_type": "human-gut", "project_name": "Human Gut Microbial Metagenome", "PI_lastname": "Wang", "biome": "", "country": "", "collection_date": "", "PI_firstname": "Jun", "sequence_type": "WGS", "feature": "", "material": "", "seq_method": "illumina", "location": "", "project_id": "mgp60"}, "project": ["mgp60", "https://api.mg-rast.org/project/mgp60"], "md5_checksum": "58ca3f1a3707f8e57cd0842b7311d450", "name": "BGIgutGeneSet", "status": "public", "statistics": {}, "job_id": 7819}