{"project": ["mgp731", "https://api.mg-rast.org/project/mgp731"], "name": "Activated sludge plasmids M07 (MORGES2007-SANGER)", "owner": "mgu14132", "library": ["mgl99678", "https://api.mg-rast.org/library/mgl99678"], "job_id": 23662, "url": "https://api.mg-rast.org/metagenome/mgm4464065.3?verbosity=full", "statistics": {}, "mixs": {"latitude": 46.5166, "collection_date": "2007-05-03T09:00:00+0100", "material": "Activated sludge", "feature": "Wastewater treatment plant", "PI_firstname": "Vladimir", "PI_lastname": "Sentchilo", "sequence_type": "WGS", "env_package_type": "wastewater|sludge", "project_id": "mgp731", "location": "Morges", "biome": "freshwater biome", "seq_method": "sanger", "country": "Switzerland", "longitude": 6.51014, "project_name": " WWTP activated sludge plasmid (and viral) metagenomes from Switzerland"}, "version": 1, "status": "public", "pipeline_parameters": {"m5nr_sims_version": "7", "fgs_type": "454", "rna_pid": "97", "file_type": "fna", "bowtie": "no", "prefix_length": "50", "m5nr_annotation_version": "1", "assembled": "no", "aa_pid": "90", "filter_ln_mult": "-5.49", "m5rna_annotation_version": "1", "dereplicate": "no", "max_ambig": "5", "m5rna_sims_version": "7", "filter_ln": "no", "screen_indexes": "h_sapiens_asm", "filter_ambig": "yes", "priority": "never"}, "id": "mgm4464065.3", "sample": ["mgs99676", "https://api.mg-rast.org/sample/mgs99676"], "created": "2011-05-19 16:17:50", "pipeline_version": "3.0", "mixs_compliant": 1, "metadata": {"project": {"data": {"PI_firstname": "Vladimir", "PI_lastname": "Sentchilo", "organization_address": "Biophore Building, UNIL-Sorge, 1015 Lausanne", "PI_organization": "Department of Fundamental Microbiology, University of Lausanne", "firstname": "Vladimir", "email": "vladimir.sentchilo@unil.ch", "administrative-contact_PI_organization_country": "Switzerland", "administrative-contact_PI_organization_address": "B\u00e2timent Biophore, Quartier UNIL-Sorge ; 1015 ; Lausanne ;", "lastname": "Sentchilo", "PI_organization_url": "http://www.unil.ch/dmf/page14867.html", "project_funding": "University of Lausanne, Switzerland.United States Department of Energy Joint Genome Institute (US DOE JGI) as part of the Community Sequencing Program 2007 (project CSP 776886)", "PI_email": "vladimir.sentchilo@unil.ch", "project_description": "The aim of the project is to selectively purify, to sequence and to compare mobile gene pools from the activated sludge microbial communities from the two waste water treatment plants (WWTP) in Switzerland. (A fraction of ) mobile gene pool represented by plasmid-like covalently closed double-stranded circular supercoiled DNA molecules was extracted directly from the microbial community, sequenced and assembled. Two WWTPs were sampled : Morges (GPS: 46.5166N, 6.51014E) (municipal waste waters plus hospital effluents; sampled twice-- in 2007 and in 2009) and Visp (GPS: 7.85940W, 46.30044N; mainly (bio)chemical synthesis industry effluents, sampled once in 2009). Short description of the data sets in the project: 4464065.3 (WWTP Morges-2007 Sanger reads);4474073.3 (WWTP Morges-2009 454-reads); 4464108.3 (WWTP Visp-2009, Sanger reads from 8-10 kb insert library); 4464109.3 (WWTP Visp-2009, 454 reads); 4474000.3 (WWTP Morges 2007/2009 contigs assembled by MIRA 3 assembler, only >5x covered contigs longer than 1 kb). For comparison two artificial sets were produced by in silico shearing 1848 NCBI plasmids to pieces of 753 bp (imitating Sanger reads, 4482706.3) and 270 bp (imitating 454 reads, 4482707.3) plus remaining 'tails'.", "administrative-contact_PI_email": "vladimir.sentchilo@unil.ch", "administrative-contact_PI_firstname": "Vladimir", "organization": "Department of Fundamental Microbiology, University of Lausanne", "project_name": "WWTP activated sludge plasmid (and viral) metagenomes from Switzerland", "administrative-contact_PI_lastname": "Sentchilo", "organization_url": "http://www.unil.ch/dmf/page14867.html", "PI_organization_address": "Biophore Building, UNIL-Sorge, 1015 Lausanne", "organization_country": "Switzerland", "administrative-contact_PI_organization_url": "www.unil.ch/dmf", "PI_organization_country": "Switzerland"}, "public": " WWTP activated sludge plasmid (and viral) metagenomes from Switzerland", "name": " WWTP activated sludge plasmid (and viral) metagenomes from Switzerland", "id": "mgp731"}, "env_package": {"data": {"chem_oxygen_dem": "378 mg O2/l", "biochem_oxygen_dem": "122 mg O2/l", "ph": "7", "tot_phosphate": "5.65 mg P/L", "nitrate": "1.88 mg N/l", "sewage_type": "municipal", "wastewater_type": "human waste, rainfall, storm drains,hospital effluent", "chem_administration": "antibiotics from hospital, heavy metals", "phosphate": "6.96 mg P/l", "env_package": "wastewater|sludge", "indust_eff_percent": "0", "sample_name": "Activated sludge plasmids M07 (MORGES2007-SANGER)"}, "id": "mge99677", "name": "Activated sludge plasmids M07 (MORGES2007-SANGER): wastewater|sludge", "type": "wastewater|sludge"}, "library": {"type": "WGS", "data": {"seq_center": "DOE JGI", "seq_model": "ABI 3730xl DNA Analyzer", "seq_url": "http://www.jgi.doe.gov/", "metagenome_name": "Activated sludge plasmids M07 (MORGES2007-SANGER)", "metagenome_id": "4464065.3", "file_name": "Morges2007_reads.fasta", "file_checksum": "e6d141b85751b89426023f05b7270f2a", "gold_id": "Gm00049", "investigation_type": "metagenome", "seq_meth": "sanger", "sample_name": "Activated sludge plasmids M07 (MORGES2007-SANGER)"}, "name": "Activated sludge plasmids M07 (MORGES2007-SANGER)", "id": "mgl99678"}, "sample": {"data": {"ph": 7, "temperature": 14, "sample_name": "Activated sludge plasmids M07 (MORGES2007-SANGER)", "env_package": "wastewater|sludge", "collection_timezone": "UTC+01:00", "elevation": 270, "sample_id": "4464065.3", "country": "Switzerland", "longitude": 6.51014, "continent": "europe", "misc_param": "Sample source--Municipal WWTP", "collection_time": "09:00:00", "location": "Morges", "biome": "freshwater biome", "latitude": 46.5166, "collection_date": "2007-05-03", "feature": "Wastewater treatment plant", "material": "Activated sludge", "depth": 0.5}, "id": "mgs99676", "name": "Activated sludge plasmids M07 (MORGES2007-SANGER)"}}, "project_alpha_diversity": {"avg": 438.5668269036, "stdv": 64.7661521408246, "min": 337.976883076442, "max": 560.141835015785}, "project_metagenomes": ["4464073.3", "4482706.3", "4464065.3", "4474000.3", "4464109.3", "4464108.3", "4482707.3"], "md5_checksum": "e6d141b85751b89426023f05b7270f2a", "sequence_type": "WGS"}