{"metadata": {"library": {"name": "lepida_foregut_563_creosote_ALL", "id": "mgl192574", "data": {"sample_name": "4482714.3", "file_name": "8872X6_111216_SN141_0431_AC09W4ACXX_8_ALL.txt.fasta", "metagenome_id": "4482714.3", "seq_center": "University of Utah Core Facility", "seq_meth": "illumina", "file_checksum": "7b95aff79fc2ac30d70d76ce0fe0b84f", "investigation_type": "metagenome", "metagenome_name": "lepida_foregut_563_creosote_ALL"}, "type": "WGS"}, "env_package": {"name": "4482714.3: host-associated", "data": {"host_common_name": "desert woodrat", "misc_param": "Neotoma lepida", "host_subject_id": "563", "diet": "creosote", "sample_name": "4482714.3", "env_package": "host-associated", "body_product": "foregut contents"}, "id": "mge192573", "type": "host-associated"}, "project": {"name": "Woodrat_foregut_metagenome_creosote", "public": "Woodrat_foregut_metagenome_creosote", "data": {"project_description": "Metagenomic shotgun sequencing of foregut contents of N. lepida fed either a control diet of high-fiber rabbit chow, or a diet amended with 2% of extracted creosote resin.", "organization_address": "710 McClelland St", "PI_firstname": "Kevin", "PI_lastname": "Kohl", "organization": "University of Utah", "PI_organization_address": "257 South 1400 East", "PI_organization_country": "USA", "PI_organization": "University of Utah", "PI_email": "kkohl78@gmail.com", "lastname": "Kohl", "email": "kkohl78@gmail.com", "project_name": "Woodrat_foregut_metagenome_creosote", "organization_country": "United States", "firstname": "Kevin"}, "id": "mgp9847"}, "sample": {"data": {"env_package": "host-associated", "country": "USA", "biome": "Deserts and xeric shrubland biome", "collection_time": "09:20:00", "collection_date": "2011-02-16", "longitude": -111.89105, "collection_timezone": "UTC-7", "material": "chyme", "sample_name": "4482714.3", "latitude": 40.76078, "feature": "organic feature", "location": "Salt Lake City UT"}, "id": "mgs192572", "name": "4482714.3"}}, "id": "mgm4482714.3", "md5_checksum": "7b95aff79fc2ac30d70d76ce0fe0b84f", "url": "https://api.mg-rast.org/metagenome/mgm4482714.3?verbosity=full", "version": 1, "project_alpha_diversity": {"max": 797.686510607398, "stdv": 219.457560854748, "min": 0, "avg": 463.36318850334}, "status": "public", "pipeline_parameters": {"m5rna_annotation_version": "1", "m5rna_sims_version": "7", "fgs_type": "454", "assembled": "no", "aa_pid": "90", "min_qual": "15", "rna_pid": "97", "dynamic_trim": "yes", "dereplicate": "yes", "m5nr_annotation_version": "1", "priority": "never", "file_type": "fastq", "max_lqb": "5", "screen_indexes": "a_thaliana", "bowtie": "yes", "prefix_length": "50", "m5nr_sims_version": "7"}, "statistics": {}, "sequence_type": "WGS", "mixs_compliant": 1, "library": ["mgl192574", "https://api.mg-rast.org/library/mgl192574"], "created": "2012-02-15 22:53:02", "owner": "mgu49909", "name": "lepida_foregut_563_creosote_ALL", "project": ["mgp9847", "https://api.mg-rast.org/project/mgp9847"], "sample": ["mgs192572", "https://api.mg-rast.org/sample/mgs192572"], "job_id": 44256, "mixs": {"longitude": -111.89105, "project_id": "mgp9847", "location": "Salt Lake City UT", "seq_method": "illumina", "feature": "organic feature", "env_package_type": "host-associated", "latitude": 40.76078, "material": "chyme", "biome": "Deserts and xeric shrubland biome", "project_name": "Woodrat_foregut_metagenome_creosote", "country": "USA", "collection_date": "2011-02-16T09:20:00-0700", "PI_lastname": "Kohl", "sequence_type": "WGS", "PI_firstname": "Kevin"}, "pipeline_version": "3.0", "project_metagenomes": ["4486239.3", "4484865.3", "4484859.3", "4484670.3", "4483943.3", "4483883.3", "4483800.3", "4482714.3"]}