{"name": "SRS000536_1", "library": ["mgl51684", "https://api.mg-rast.org/library/mgl51684"], "job_id": 3661, "project": ["mgp35", "https://api.mg-rast.org/project/mgp35"], "metadata": {"env_package": {"id": "mge51685", "name": "mge51685", "type": "water", "data": {"chlorophyll": "0.63 mg m&#8722;3", "phosphate": "0.27 &#956;M", "env_package": "water", "biomass": "7.6 10e4 ml&#8722;1 Synechococcus, 4.5 10e4 ml&#8722;1 Picoeukaryotes, 4.9 10e4 ml&#8722;1 Prochlorococcus", "nitrite": "0.19 &#956;M", "ammonium": "0.32 &#956;M", "silicate": "3.1 &#956;M", "nitrate": "0.19 &#956;M"}}, "sample": {"name": "mgs17605", "id": "mgs17605", "data": {"geodetic_system": "wgs_84", "collection_date": "2006-10-10", "samp_size": "3 litres", "longitude": -117.2522, "temperature": 17.8, "biome": "marine habitat", "altitude": 12.192, "isol_growth_condt": "19196269", "elevation": 12.192, "samp_collect_device": "n 10 October, 2006, coastal surface water was collected from the end of the pier located at the Scripps Institution of Oceanography, La Jolla, CA. The sampled water was processed for chlorophyll, nutrient and flow cytometry analysis. Chlorophyll measurements were obtained from unfiltered seawater and seawater filtered through a 2.0 &#956;m polycarbonate filter (GE Osmonics, Minnetonka, MN). Five hundred millilitres were passed through GF/F filters (Whatman, Florham Park, NJ) and stored at &#8722;80\u00c2\u00b0C. Within 2 weeks, chlorophyll was extracted from the filters with 90% acetone in dark at &#8722;20\u00c2\u00b0C overnight. Samples for flow cytometry were preserved with 0.25% gluteraldehyde and stored at &#8722;80\u00c2\u00b0C. The samples were analysed at the highest flow rate using a Becton-Dickinson FACSort flow cytometer as described by Collier and Palenik (2003), but without applying a compensation matrix.  A concentrated picoplankton sample was obtained for flow cytometry sorting as follows: Three litres were filtered through 2.0 &#956;m polycarbonate filters (GE Osmonics) to remove zooplankton and large phytoplankton. The < 2.0 &#956;m picoplankton, including Synechococcus, were captured onto 0.45 &#956;m Supor 200 filters (Pall Corporation, Ann Arbor, MI) and re-suspended by repetitively flushing the filters with 1 ml of seawater using a pipettor. In total, 8 ml of concentrated and re-suspended picoplankton was obtained.  Using flow cytometry, Synechococcus cells are distinguished from other picoplankton by the fluorescence of their phycoerythrin pigments. From the picoplankton concentrate, Synechococcus cells were sorted using a FACS Vantage DiVa instrument (BD Biosciences, San Jose, CA). The sorted cells were collected onto a 0.2 &#956;m Supor 200 filter (Pall) and stored at &#8722;80\u00c2\u00b0C.", "continent": "north_america", "country": "United States of America", "latitude": 32.8664, "material": "marine habitat", "feature": "marine habitat", "samp_mat_process": "DNA extraction", "location": "Scripps Institution of Oceanography, La Jolla, CA", "env_package": "water", "collection_timezone": "UTC"}}, "library": {"type": "WGS", "data": {"lib_size_mean": 103, "sequences_sequences_predicted_genes": "Metagenome data has some predicted genes", "pubmed_id": "19196269", "sequences_sequences_filtered": "Removed redundant contigs", "seq_center": "454 Life Sciences, Inc, Branford, CT", "investigation_type": "metagenome", "seq_meth": "454", "metagenome_name": "SRS000536_1", "pcr_notes": "Inverse PCR using this DNA was carried out to confirm one plasmid", "metagenome_id": "4443765.3", "file_checksum": "4c4c2dbb1eb28188a47996245022f372", "other_additives": "Random primers used.", "amp_polymerase": "phi29 DNA polymerase"}, "name": "mgl51684", "id": "mgl51684"}, "project": {"id": "mgp35", "name": "Marine Synechococcus Metagenome", "data": {"PI_organization_country": "USA", "ncbi_id": "19301", "PI_organization_url": "http://sdsu.edu", "project_name": "Marine Synechococcus Metagenome", "PI_lastname": "Palenik", "project_funding": "National Science Foundation", "PI_organization_address": "San Diego, CA", "PI_email": "bpalenik@ucsd.edu", "project_description": "The extent to which cultured strains represent the genetic diversity of a population of microorganisms is poorly understood. Because they do not require culturing, metagenomic approaches have the potential to reveal the genetic diversity of the microbes actually present in an environment. From coastal California seawater, a complex and diverse environment, the marine cyanobacteria of the genus Synechococcus were enriched by flow cytometry-based sorting and the population metagenome was analysed with 454 sequencing technology. The sequence data were compared with model Synechococcus genomes, including those of two coastal strains, one isolated from the same and one from a very similar environment.", "PI_firstname": "Brian", "PI_organization": "University of California, San Diego"}, "public": "Marine Synechococcus Metagenome"}}, "created": "2009-06-03 21:09:28", "version": 1, "id": "mgm4443765.3", "owner": "mgu347", "mixs": {"collection_date": "2006-10-10", "project_id": "mgp35", "env_package_type": "water", "longitude": -117.2522, "project_name": "Marine Synechococcus Metagenome", "PI_lastname": "Palenik", "biome": "marine habitat", "PI_firstname": "Brian", "latitude": 32.8664, "country": "United States of America", "seq_method": "454", "sequence_type": "WGS", "material": "marine habitat", "feature": "marine habitat", "location": "Scripps Institution of Oceanography, La Jolla, CA"}, "md5_checksum": "4c4c2dbb1eb28188a47996245022f372", "mixs_compliant": 0, "sequence_type": "WGS", "url": "https://api.mg-rast.org/metagenome/mgm4443765.3?verbosity=full", "pipeline_parameters": {"bowtie": "yes", "max_ambig": "5", "filter_ambig": "yes", "m5rna_sims_version": "7", "prefix_length": "50", "filter_ln_mult": "2.0", "filter_ln": "yes", "screen_indexes": "h_sapiens", "rna_pid": "97", "m5nr_sims_version": "7", "priority": "never", "m5rna_annotation_version": "1", "m5nr_annotation_version": "1", "fgs_type": "454", "aa_pid": "90", "assembled": "no", "file_type": "fna", "dereplicate": "yes"}, "statistics": {}, "sample": ["mgs17605", "https://api.mg-rast.org/sample/mgs17605"], "status": "public", "project_metagenomes": ["4443765.3", "4443711.3"], "project_alpha_diversity": {"stdv": 0.506400269778506, "max": 69.349290224588, "min": 68.336489685031, "avg": 68.8428899548095}, "pipeline_version": "3.0"}