{"owner": "mgu354", "library": ["mgl117213", "https://api.mg-rast.org/library/mgl117213"], "sample": ["mgs117211", "https://api.mg-rast.org/sample/mgs117211"], "mixs_compliant": 0, "mixs": {"location": "Cedar Creek Ecosystem Science Reserve, Bethel, MN, USA", "PI_lastname": "Fierer", "project_id": "mgp4745", "env_package_type": "soil", "biome": "grassland biome", "PI_firstname": "Noah", "collection_date": "2008-07-15T12:00:00-0700", "feature": "meadow soil", "country": "USA", "project_name": " Comparative metagenomic, phylogenetic, and physiological analyses of soil microbial communities across nitrogen gradients", "latitude": 45.39926, "seq_method": "454", "sequence_type": "WGS", "material": "bulk soil", "longitude": -93.26529}, "project_metagenomes": ["4449877.3", "4449362.3", "4449363.3", "4449364.3", "4449365.3", "4449357.3", "4449356.3", "4449358.3", "4449360.3", "4449359.3", "4449256.3", "4449255.3", "4449252.3", "4449249.3", "4449258.3", "4449284.3"], "pipeline_parameters": {"m5rna_annotation_version": "1", "max_ambig": "5", "dereplicate": "yes", "aa_pid": "90", "filter_ln_mult": "2.0", "filter_ambig": "yes", "file_type": "fna", "m5nr_annotation_version": "1", "m5rna_sims_version": "7", "prefix_length": "50", "screen_indexes": "h_sapiens", "fgs_type": "454", "assembled": "no", "rna_pid": "97", "bowtie": "yes", "m5nr_sims_version": "7", "filter_ln": "yes", "priority": "never"}, "statistics": {}, "md5_checksum": "68571841a1d78c0f50e759f2e85c40aa", "status": "public", "sequence_type": "WGS", "url": "https://api.mg-rast.org/metagenome/mgm4449357.3?verbosity=full", "metadata": {"env_package": {"data": {"mgrast_id": "mge117212", "env_package": "soil", "sample_name": "1_45_RL7"}, "type": "soil", "id": "mge117212", "name": "1_45_RL7: soil"}, "sample": {"name": "1_45_RL7", "id": "mgs117211", "data": {"env_package": "soil", "location": "Cedar Creek Ecosystem Science Reserve, Bethel, MN, USA", "feature": "meadow soil", "latitude": 45.39926, "collection_timezone": "UTC-7", "collection_time": "12:00:00", "country": "USA", "biome": "grassland biome", "material": "bulk soil", "collection_date": "2008-07-15", "sample_name": "1_45_RL7", "longitude": -93.26529}}, "library": {"data": {"sample_name": "1_45_RL7", "investigation_type": "metagenome", "seq_meth": "454", "metagenome_id": "4449357.3", "metagenome_name": "1_45_RL7", "file_checksum": "68571841a1d78c0f50e759f2e85c40aa"}, "type": "WGS", "name": "1_45_RL7", "id": "mgl117213"}, "project": {"name": " Comparative metagenomic, phylogenetic, and physiological analyses of soil microbial communities across nitrogen gradients", "public": " Comparative metagenomic, phylogenetic, and physiological analyses of soil microbial communities across nitrogen gradients", "id": "mgp4745", "data": {"project_description": "Terrestrial ecosystems are receiving elevated inputs of nitrogen (N) from anthropogenic sources and understanding how these increases in N availability affect soil microbial communities is critical for predicting the associated effects on belowground ecosystems. We used a suite of approaches to analyze the structure and functional characteristics of soil microbial communities from replicated plots in two long-term N fertilization experiments located in contrasting systems. Pyrosequencing-based analyses of 16S rRNA genes revealed no significant effects of N fertilization on bacterial diversity but significant effects on community composition at both sites; copiotrophic taxa (including members of the Proteobacteria and Bacteroidetes phyla) typically increased in relative abundance in the high N plots with oligotrophic taxa (mainly Acidobacteria) exhibiting the opposite pattern. Consistent with the phylogenetic shifts under N fertilization, shotgun metagenomic sequencing revealed increases in the relative abundances of genes associated with DNA/RNA replication, electron transport, and protein metabolism, increases that could be resolved even with the shallow shotgun metagenomic sequencing conducted here (average of 75,000 reads per sample). We also observed shifts in the catabolic capabilities of the communities across the N gradients that were significantly correlated with the phylogenetic and metagenomic responses, indicating possible linkages between the structure and functioning of soil microbial communities. Overall, our results suggest that N fertilization may, directly or indirectly, induce a shift in the predominant microbial life history strategies, favoring a more active, copiotrophic microbial community, a pattern that parallels the often observed replacement of K-selected with r-selected plant species with elevated N.\n\nStudy Authors: Noah Fierer, Christian L. Lauber, Kelly S. Ramirez, Jesse Zaneveld, Mark A. Bradford, Rob Knight", "PI_email": "noah.fierer@colorado.edu", "PI_organization": "University of Colorado at Boulder", "mgrast_id": "mgp4745", "PI_firstname": "Noah", "project_name": "Comparative metagenomic, phylogenetic, and physiological analyses of soil microbial communities across nitrogen gradients", "PI_organization_address": "CIRES  UCB 216 Boulder CO 80309", "PI_organization_country": "USA", "PI_lastname": "Fierer"}}}, "project_alpha_diversity": {"min": 474.104819910981, "max": 719.391169362259, "avg": 623.63565988788, "stdv": 75.1425680147457}, "pipeline_version": "3.0", "name": "1_45_RL7", "id": "mgm4449357.3", "job_id": 9074, "project": ["mgp4745", "https://api.mg-rast.org/project/mgp4745"], "version": 1, "created": "2010-06-28 17:48:21"}