{"statistics": {}, "owner": "mgu333", "pipeline_version": "3.0", "job_id": 25906, "project": ["mgp9220", "https://api.mg-rast.org/project/mgp9220"], "sample": ["mgs192776", "https://api.mg-rast.org/sample/mgs192776"], "url": "https://api.mg-rast.org/metagenome/mgm4466309.3?verbosity=full", "sequence_type": "WGS", "mixs": {"PI_firstname": "Forest", "collection_date": "2010-10-25T10:00:00-1000", "project_id": "mgp9220", "material": "water", "location": "Pacific Ocean", "latitude": 5.86646, "biome": "coral reef", "env_package_type": "water", "longitude": -162.11346, "project_name": "Pacific Reef Microbiomes", "PI_lastname": "Rohwer", "country": "USA", "seq_method": "454", "sequence_type": "WGS", "feature": "coral reef"}, "version": 1, "status": "public", "library": ["mgl192778", "https://api.mg-rast.org/library/mgl192778"], "project_metagenomes": ["4466846.3", "4466845.3", "4466844.3", "4466835.3", "4466825.3", "4466820.3", "4466814.3", "4466812.3", "4466810.3", "4466809.3", "4466745.3", "4466741.3", "4466739.3", "4466738.3", "4466737.3", "4466736.3", "4466599.3", "4466597.3", "4466596.3", "4466592.3", "4466582.3", "4466309.3"], "metadata": {"library": {"name": "CoralPalmyra1Mic20101025_NP", "id": "mgl192778", "data": {"metagenome_name": "CoralPalmyra1Mic20101025_NP", "seq_chem": "Titanium", "sample_name": "CoralPalmyra1Mic20101025_NP", "seq_meth": "454", "seq_quality_check": "Prinseq", "file_name": "CoralPalmyra1Mic_NPFinal.fasta", "file_checksum": "8fb83f70638629b130a9919809133a49", "investigation_type": "metagenome", "seq_center": "SDSU", "metagenome_id": "4466309.3"}, "type": "WGS"}, "env_package": {"type": "water", "data": {"sample_name": "CoralPalmyra1Mic20101025_NP", "env_package": "water"}, "id": "mge192777", "name": "CoralPalmyra1Mic20101025_NP: water"}, "sample": {"id": "mgs192776", "name": "CoralPalmyra1Mic20101025_NP", "data": {"material": "water", "sample_id": "4466309.3", "collection_date": "2010-10-25", "location": "Pacific Ocean", "depth": 30, "sample_name": "CoralPalmyra1Mic20101025_NP", "longitude": -162.11346, "collection_timezone": "UTC-10", "biome": "coral reef", "latitude": 5.86646, "feature": "coral reef", "collection_time": "10:00:00", "country": "USA", "env_package": "water"}}, "project": {"id": "mgp9220", "name": "Pacific Reef Microbiomes", "data": {"email": "lwegley@gmail.com", "organization_address": "LS301 Biology Department, San Diego State University, 5500 Campanile Drive, San Diego, CA 92182", "PI_email": "forest@sunstroke.sdsu.edu", "organization_country": "USA", "PI_firstname": "Forest", "PI_organization_url": "coralandphage.org", "organization": "San Diego State University", "firstname": "Linda", "organization_url": "coralandphage.org", "PI_organization": "San Diego State University", "PI_lastname": "Rohwer", "PI_organization_country": "USA", "project_description": "Metagenomes from the Line Islands", "lastname": "Kelly", "project_name": "Pacific Reef Microbiomes", "project_funding": "NSF", "PI_organization_address": "LS301 Biology Department, San Diego State University, 5500 Campanile Drive, San Diego, CA 92182"}, "public": "Pacific Reef Microbiomes"}}, "mixs_compliant": 0, "id": "mgm4466309.3", "pipeline_parameters": {"m5nr_sims_version": "7", "rna_pid": "97", "fgs_type": "454", "m5rna_annotation_version": "1", "file_type": "fna", "max_ambig": "5", "priority": "never", "aa_pid": "90", "filter_ln_mult": "-2.98", "filter_ambig": "no", "prefix_length": "50", "m5nr_annotation_version": "1", "screen_indexes": "h_sapiens_asm", "assembled": "no", "bowtie": "no", "filter_ln": "no", "dereplicate": "no", "m5rna_sims_version": "7"}, "created": "2011-06-14 18:19:41", "name": "CoralPalmyra1Mic20101025_NP", "md5_checksum": "8fb83f70638629b130a9919809133a49", "project_alpha_diversity": {"stdv": 120.439104940246, "max": 739.242402937356, "min": 256.005423264818, "avg": 453.581479636971}}