{"job_id": 12859, "owner": "mgu11652", "sequence_type": "WGS", "mixs": {"longitude": 0.222231, "material": "soil", "project_name": "Soil microbial community from Rothamsted, Park Grass (METASOIL project)", "collection_date": "2009-06-01T12:00:00-0000", "country": "England", "env_package_type": "soil", "location": "Rothamsted", "project_id": "mgp405", "seq_method": "454", "sequence_type": "WGS", "PI_lastname": "Tom O Delmont", "feature": "prairie", "latitude": 51.481481, "PI_firstname": "Tim M Vogel and", "biome": "Temperate grasslands"}, "sample": ["mgs109324", "https://api.mg-rast.org/sample/mgs109324"], "pipeline_version": "3.0", "name": "METASOIL J4 Rothamsted 2009 July 0-10cm Indirect DNA Tissue", "status": "public", "project_alpha_diversity": {"max": 650.454442800207, "stdv": 28.9576263798265, "avg": 603.087339105196, "min": 540.408521458922}, "statistics": {}, "version": 1, "project_metagenomes": ["4453261.3", "4453247.3", "4453246.3", "4453254.3", "4453256.3", "4453257.3", "4453274.3", "4453406.3", "4453407.3", "4453433.3", "4453434.3", "4453435.3", "4453436.3"], "created": "2010-12-06 14:22:50", "id": "mgm4453256.3", "md5_checksum": "237cc88f8cb5cae8dea5f9ef39f75902", "url": "https://api.mg-rast.org/metagenome/mgm4453256.3?verbosity=full", "mixs_compliant": 0, "project": ["mgp405", "https://api.mg-rast.org/project/mgp405"], "metadata": {"library": {"type": "WGS", "id": "mgl109326", "name": "METASOIL J4 Rothamsted 2009 July 0-10cm Indirect DNA Tissue", "data": {"sample_name": "METASOIL J4 Rothamsted 2009 July 0-10cm Indirect DNA Tissue", "seq_meth": "454", "metagenome_id": "4453256.3", "investigation_type": "metagenome", "file_checksum": "237cc88f8cb5cae8dea5f9ef39f75902", "metagenome_name": "METASOIL J4 Rothamsted 2009 July 0-10cm Indirect DNA Tissue"}}, "project": {"name": "Soil microbial community from Rothamsted, Park Grass (METASOIL project)", "data": {"lastname": "Delmont", "PI_organization_country": "France", "PI_lastname": "Tom O Delmont", "mgrast_id": "mgp405", "PI_organization_address": "Ecully", "email": "tomdelmont@hotmail.fr", "project_funding": "French National Research Agency (ANR) Projet ANR-08-GENM-025", "PI_firstname": "Tim M Vogel and", "PI_organization": "Ecole centrale de Lyon", "project_description": "Metagenomic analyse of soil microbial communities from Rothamsted, UK.\nRelated article on http://www.ncbi.nlm.nih.gov/pubmed/22297556.\nMore information (including Metadata) on the project at http://www.genomenviron.org/Projects/METASOIL.html", "firstname": "Tom", "organization": "Ecole centrale de Lyon", "PI_email": "timothy.vogel@ec-lyon.fr", "project_name": "Soil microbial community from Rothamsted, Park Grass (METASOIL project)"}, "public": "Soil microbial community from Rothamsted, Park Grass (METASOIL project)", "id": "mgp405"}, "sample": {"data": {"biome": "Temperate grasslands", "collection_timezone": "UTC-0", "feature": "prairie", "collection_time": "12:00:00", "latitude": 51.481481, "env_package": "soil", "longitude": 0.222231, "material": "soil", "location": "Rothamsted", "country": "England", "sample_name": "METASOIL J4 Rothamsted 2009 July 0-10cm Indirect DNA Tissue", "collection_date": "2009-06-01"}, "name": "METASOIL J4 Rothamsted 2009 July 0-10cm Indirect DNA Tissue", "id": "mgs109324"}, "env_package": {"data": {"env_package": "soil", "sample_name": "METASOIL J4 Rothamsted 2009 July 0-10cm Indirect DNA Tissue"}, "name": "METASOIL J4 Rothamsted 2009 July 0-10cm Indirect DNA Tissue: soil", "id": "mge109325", "type": "soil"}}, "pipeline_parameters": {"screen_indexes": "h_sapiens", "m5rna_sims_version": "7", "bowtie": "yes", "dereplicate": "yes", "m5nr_annotation_version": "1", "m5rna_annotation_version": "1", "assembled": "no", "filter_ambig": "yes", "file_type": "fna", "aa_pid": "90", "fgs_type": "454", "filter_ln": "yes", "filter_ln_mult": "2.0", "prefix_length": "50", "max_ambig": "5", "rna_pid": "97", "m5nr_sims_version": "7", "priority": "never"}, "library": ["mgl109326", "https://api.mg-rast.org/library/mgl109326"]}