{"statistics": {}, "pipeline_version": "3.0", "project_metagenomes": ["4450124.3", "4450123.3", "4450125.3", "4450126.3", "4450127.3", "4450249.3", "4450250.3"], "md5_checksum": "27a6548feef2d2a8f712c2a27c64bf35", "id": "mgm4450123.3", "url": "https://api.mg-rast.org/metagenome/mgm4450123.3?verbosity=full", "owner": "mgu24522", "job_id": 9858, "project_alpha_diversity": {"stdv": 20.8781854970513, "min": 729.747479578911, "max": 786.968886392106, "avg": 763.606978894591}, "sequence_type": "WGS", "mixs": {"project_name": "Organic carbon transformations in high-Arctic peat soils: key functions and microorganisms", "feature": "peat soil", "PI_firstname": "Mette", "latitude": 80.5925, "collection_date": "2009-08-01T12:00:00+0200", "env_package_type": "soil", "location": "Ny \u00c3\u0085lesund, Svalbard", "material": "peat soil", "country": "Norway", "longitude": 13.6101833333333, "PI_lastname": "Svenning", "seq_method": "454", "sequence_type": "WGS", "biome": "Tundra biome", "project_id": "mgp4192"}, "name": "S2b_metagenome", "status": "public", "project": ["mgp4192", "https://api.mg-rast.org/project/mgp4192"], "metadata": {"env_package": {"data": {"env_package": "soil", "sample_name": "S2b"}, "id": "mge108266", "type": "soil", "name": "S2b: soil"}, "sample": {"name": "S2b", "id": "mgs108265", "data": {"feature": "peat soil", "collection_time": "12:00:00", "sample_name": "S2b", "collection_date": "2009-08-01", "latitude": 80.5925, "location": "Ny \u00c3\u0085lesund, Svalbard", "env_package": "soil", "collection_timezone": "UTC+2", "material": "peat soil", "longitude": 13.6101833333333, "country": "Norway", "biome": "Tundra biome"}}, "library": {"type": "WGS", "name": "S2b_metagenome", "data": {"sample_name": "S2b", "investigation_type": "metagenome", "file_checksum": "27a6548feef2d2a8f712c2a27c64bf35", "metagenome_name": "S2b_metagenome", "metagenome_id": "4450123.3", "seq_meth": "454"}, "id": "mgl108267"}, "project": {"name": "Organic carbon transformations in high-Arctic peat soils: key functions and microorganisms", "public": "Organic carbon transformations in high-Arctic peat soils: key functions and microorganisms", "id": "mgp4192", "data": {"PI_organization": "University of Troms\u00c3\u00b8", "PI_organization_country": "Norway", "PI_organization_address": "Dramsveien 201, 9037, Troms\u00c3\u00b8", "project_name": "Organic carbon transformations in high-Arctic peat soils: key functions and microorganisms", "PI_lastname": "Svenning", "PI_firstname": "Mette", "PI_email": "mette.svenning@uit.no"}}}, "version": 1, "sample": ["mgs108265", "https://api.mg-rast.org/sample/mgs108265"], "library": ["mgl108267", "https://api.mg-rast.org/library/mgl108267"], "mixs_compliant": 0, "created": "2010-07-27 08:32:48", "pipeline_parameters": {"m5rna_annotation_version": "1", "m5rna_sims_version": "7", "max_ambig": "5", "prefix_length": "50", "assembled": "no", "aa_pid": "90", "file_type": "fna", "bowtie": "yes", "dereplicate": "yes", "fgs_type": "454", "m5nr_sims_version": "7", "screen_indexes": "h_sapiens", "m5nr_annotation_version": "1", "filter_ln": "yes", "priority": "never", "rna_pid": "97", "filter_ln_mult": "2.0", "filter_ambig": "yes"}}