{"created": "2010-06-19 20:20:05", "mixs_compliant": 0, "mixs": {"latitude": 32.17, "env_package_type": "water", "project_id": "mgp1167", "PI_lastname": "Carlson", "location": "Sargasso Sea", "material": "water", "longitude": -64.5, "PI_firstname": "Craig", "biome": "oceanic epipelagic zone biome", "sequence_type": "WGS", "project_name": "BIOS Microbial Oceanography Course", "country": "Bermuda", "feature": "marine oligotrophic desert", "collection_date": "2009-10-03T14:30:00-0700", "seq_method": "454"}, "statistics": {}, "status": "public", "id": "mgm4449103.3", "metadata": {"library": {"name": "BIOS Microbial Oceanography Course 2010 MGMO-09-3_200m", "type": "WGS", "id": "mgl139900", "data": {"seq_make": "GS", "metagenome_id": "4449103.3", "seq_model": "FLX", "sample_name": "MGMO-09-3_200m", "seq_url": "http://www.cidd.psu.edu/people/scs19/", "file_checksum": "d267dc90d1b778e65df675e9518b2ad4", "file_name": "2.GAC.454Reads.fna", "seq_meth": "454", "metagenome_name": "BIOS Microbial Oceanography Course 2010 MGMO-09-3_200m", "seq_chem": "Titanium", "investigation_type": "metagenome", "seq_center": "Pennsylvania State University; Schuster Lab", "lib_type": "WGS"}}, "project": {"name": "BIOS Microbial Oceanography Course", "data": {"firstname": "Craig", "PI_organization_url": "http://msi.ucsb.edu/", "email": "craig.nelson@hawaii.edu", "lastname": "Nelson", "project_description": "Summer course Bermuda Institute Ocean Sciences for Microbial Oceanography instructors Carlson/Nelson/Giovannoni/Heidelberg", "organization_country": "USA", "organization": "University of Hawaii", "PI_lastname": "Carlson", "organization_url": "http://www.soest.hawaii.edu/oceanography/", "project_funding": "Gordon and Betty Moore Foundation", "PI_firstname": "Craig", "mgrast_id": "mgp1167", "PI_organization_country": "USA", "PI_email": "craig.carlson@lifesci.ucsb.edu", "PI_organization": "University of California, Santa Barbara", "PI_organization_address": "Marine Science Institute, University of California, Santa Barbara, CA, 93106, USA", "project_name": "BIOS Microbial Oceanography Course", "organization_address": "C-MORE, 1950 East-West Road, Honolulu, HI, 96822"}, "id": "mgp1167", "public": "BIOS Microbial Oceanography Course"}, "env_package": {"data": {"sample_name": "MGMO-09-3_200m", "misc_param_1": "env_package: water", "env_package": "water", "mgrast_id": "mge139899"}, "id": "mge139899", "type": "water", "name": "MGMO-09-3_200m: water"}, "sample": {"id": "mgs139898", "data": {"samp_collect_device": "Water collected from 200m depth via Niskin filtered through 0.2 micron pore size polyethersulfone (SUPOR 200) filter and frozen in sucrose lysis buffer.", "longitude": -64.5, "samp_mat_process": "Extraction proceeded using SDS (1% final) and Proteinase K followed by Silica Column Purification (Qiagen DNEasy) and direct sequencing of product.", "depth": 200, "biome": "oceanic epipelagic zone biome", "feature": "marine oligotrophic desert", "collection_timezone": "UTC-7", "country": "Bermuda", "sample_id": "MGMO-09-3_200m", "samp_size": "30L", "collection_date": "2009-10-03", "env_package": "water", "latitude": 32.17, "sample_strategy": "0.2 micron filter collection from Niskin", "continent": "north america", "collection_time": "14:30:00", "location": "Sargasso Sea", "material": "water", "sample_name": "MGMO-09-3_200m"}, "name": "MGMO-09-3_200m"}}, "sequence_type": "WGS", "project": ["mgp1167", "https://api.mg-rast.org/project/mgp1167"], "pipeline_parameters": {"file_type": "fna", "dereplicate": "yes", "priority": "never", "m5nr_sims_version": "7", "filter_ln": "yes", "m5nr_annotation_version": "1", "filter_ln_mult": "2.0", "screen_indexes": "h_sapiens", "max_ambig": "5", "m5rna_sims_version": "7", "assembled": "no", "aa_pid": "90", "fgs_type": "454", "bowtie": "yes", "filter_ambig": "yes", "prefix_length": "50", "rna_pid": "97", "m5rna_annotation_version": "1"}, "name": "BIOS Microbial Oceanography Course 2010 MGMO-09-3_200m", "pipeline_version": "3.0", "library": ["mgl139900", "https://api.mg-rast.org/library/mgl139900"], "md5_checksum": "d267dc90d1b778e65df675e9518b2ad4", "job_id": 8840, "project_metagenomes": ["4494598.3", "4494607.3", "4494602.3", "4494608.3", "4494603.3", "4494609.3", "4494604.3", "4494599.3", "4494605.3", "4494600.3", "4494606.3", "4494601.3", "4449103.3", "4449104.3", "4539502.3", "4539503.3", "4539504.3", "4539505.3", "4539506.3", "4539507.3", "4539508.3", "4539509.3", "4539510.3", "4539511.3", "4539512.3", "4539513.3"], "owner": "mgu21852", "project_alpha_diversity": {"stdv": 333.554978733329, "avg": 738.222240794327, "min": 137.78624125523, "max": 1280.14702188558}, "sample": ["mgs139898", "https://api.mg-rast.org/sample/mgs139898"], "url": "https://api.mg-rast.org/metagenome/mgm4449103.3?verbosity=full", "version": 1}