{"sequence_type": "WGS", "name": "Beer_CE_Day_126", "status": "public", "id": "mgm4480865.3", "metadata": {"library": {"type": "WGS", "name": "Beer_CE_Day_126", "data": {"metagenome_name": "Beer_CE_Day_126", "sample_name": "Beer_CE_Day_126", "metagenome_id": "4480865.3", "file_checksum": "1466b9e7861934eec1476ef93bfb2370", "seq_meth": "illumina", "investigation_type": "metagenome", "file_name": "1d90all_seqs_unique_nodots.fna"}, "id": "mgl62871"}, "project": {"name": "Beer-to-Caproate", "public": "Beer-to-Caproate", "data": {"organization": "Cornell University", "PI_organization_address": "214 Riley-Robb Hall, Ithaca, NY 14853", "project_description": "Chain elongation with reactor microbiomes: upgrading dilute ethanol to medium-chain carboxylates", "PI_firstname": "Largus", "PI_organization": "Cornell Univeristy", "PI_lastname": "Angenent", "organization_url": "http://angenent.bee.cornell.edu/", "firstname": "Matthew", "lastname": "Agler", "email": "matthewtagler@gmail.com", "project_funding": "USDA through the National Institutes of Food and Agriculture (NIFA), grant number 2007-35504-05381", "PI_organization_country": "USA", "organization_country": "USA", "organization_address": "214 Riley-Robb Hall, Ithaca, NY 14853", "PI_email": "la249@cornell.edu", "project_name": "Beer-to-Caproate", "PI_organization_url": "http://angenent.bee.cornell.edu/"}, "id": "mgp397"}, "env_package": {"id": "mge62870", "data": {"samp_store_temp": "-80", "sample_name": "Beer_CE_Day_126", "env_package": "wastewater|sludge", "ph": "5.5"}, "name": "Beer_CE_Day_126: wastewater|sludge", "type": "wastewater|sludge"}, "sample": {"id": "mgs62869", "data": {"collection_timezone": "UTC-5", "ph": 5.5, "depth": 0, "env_package": "wastewater|sludge", "sample_name": "Beer_CE_Day_126", "latitude": 42.44, "collection_time": "13:00:00", "feature": "anaerobic digester sludge", "material": "anaerobic digester sludge", "biome": "anaerobic digester sludge", "longitude": -76.5, "temperature": 30, "country": "United States of America", "location": "Ithaca, New York", "collection_date": "2011-07-26"}, "name": "Beer_CE_Day_126"}}, "library": ["mgl62871", "https://api.mg-rast.org/library/mgl62871"], "project": ["mgp397", "https://api.mg-rast.org/project/mgp397"], "pipeline_parameters": {"filter_ln_mult": "2.00", "m5rna_sims_version": "7", "file_type": "fna", "m5nr_annotation_version": "1", "screen_indexes": "h_sapiens_asm", "rna_pid": "97", "aa_pid": "90", "filter_ambig": "yes", "priority": "never", "filter_ln": "yes", "m5nr_sims_version": "7", "m5rna_annotation_version": "1", "prefix_length": "50", "dereplicate": "no", "assembled": "no", "bowtie": "no", "max_ambig": "5", "fgs_type": "454"}, "created": "2012-01-22 15:44:30", "sample": ["mgs62869", "https://api.mg-rast.org/sample/mgs62869"], "owner": "mgu20062", "statistics": {}, "mixs_compliant": 1, "project_alpha_diversity": {"min": 20.0230642565395, "avg": 482.921152331943, "stdv": 350.570605652042, "max": 855.684392784736}, "project_metagenomes": ["4480867.3", "4480865.3", "4480864.3", "4480863.3", "4480861.3", "4480859.3", "4480858.3", "4480849.3", "4480815.3", "4480776.3", "4480764.3", "4480719.3", "4493574.3", "4493577.3", "4493578.3", "4493579.3", "4493580.3", "4493575.3", "4493576.3"], "job_id": 41565, "version": 1, "md5_checksum": "1466b9e7861934eec1476ef93bfb2370", "mixs": {"PI_firstname": "Largus", "seq_method": "illumina", "project_id": "mgp397", "sequence_type": "WGS", "PI_lastname": "Angenent", "country": "United States of America", "longitude": -76.5, "collection_date": "2011-07-26T13:00:00-0500", "project_name": "Beer-to-Caproate", "location": "Ithaca, New York", "biome": "anaerobic digester sludge", "feature": "anaerobic digester sludge", "material": "anaerobic digester sludge", "env_package_type": "wastewater|sludge", "latitude": 42.44}, "url": "https://api.mg-rast.org/metagenome/mgm4480865.3?verbosity=full", "pipeline_version": "3.0"}