{"pipeline_version": "3.0", "sample": ["mgs80167", "https://api.mg-rast.org/sample/mgs80167"], "status": "pipeline", "pipeline_parameters": {"filter_ln": "yes", "dereplicate": "yes", "max_ambig": "5", "prefix_length": "50", "fgs_type": "454", "priority": "never", "m5nr_annotation_version": "1", "m5nr_sims_version": "7", "aa_pid": "90", "bowtie": "yes", "filter_ln_mult": "2.0", "rna_pid": "97", "screen_indexes": "h_sapiens", "m5rna_annotation_version": "1", "filter_ambig": "yes", "assembled": "no", "file_type": "fna", "m5rna_sims_version": "7"}, "md5_checksum": "a20b4be5822757f1960e827480dedfca", "name": "Green Mat Pozas Azules Cuatro Cienegas Coahuila, Mexico (contig)", "version": 1, "sequence_type": "WGS", "owner": "mgu712", "project": ["mgp2321", "https://api.mg-rast.org/project/mgp2321"], "url": "https://api.mg-rast.org/metagenome/mgm4441347.3?verbosity=pipeline", "created": "2008-09-20 20:02:45", "library": ["mgl80169", "https://api.mg-rast.org/library/mgl80169"], "id": "mgm4441347.3", "job_id": 1220, "pipeline_id": "cd9845d0-c48e-4a98-8b99-a22ad300765f"}