{"job_id": 881, "statistics": {}, "url": "https://api.mg-rast.org/metagenome/mgm4441021.3?verbosity=full", "library": ["mgl73658", "https://api.mg-rast.org/library/mgl73658"], "name": "Australian Coorong medium high salinity 132psu M3", "created": "2008-06-17 00:31:26", "project_alpha_diversity": {"avg": 772.591540211783, "stdv": 122.705695818549, "max": 889.874953582374, "min": 514.625301430474}, "mixs": {"project_id": "mgp358", "latitude": 35.938, "env_package_type": "sediment", "seq_method": "454", "material": "sandy sediment", "project_name": "Jeffries et al PLoS One", "PI_lastname": "Jeffries", "collection_date": "2008-01-31T09:00:00+0930", "longitude": 139.488, "feature": "marine benthic feature", "country": "Australia", "location": "Coorong Lagoon", "PI_firstname": "Thomas", "sequence_type": "WGS", "biome": "estuarine biome"}, "metadata": {"env_package": {"type": "sediment", "name": "Australian Coorong medium high salinity 132psu M3 : sediment", "data": {"sample_name": "Australian Coorong medium high salinity 132psu M3", "env_package": "sediment"}, "id": "mge73657"}, "library": {"id": "mgl73658", "data": {"file_checksum": "991b8c217cae680cd438ab8da74d5d9d", "investigation_type": "metagenome", "seq_meth": "454", "metagenome_name": "Australian Coorong medium high salinity 132psu M3", "metagenome_id": "4441021.3", "sample_name": "Australian Coorong medium high salinity 132psu M3"}, "name": "Australian Coorong medium high salinity 132psu M3", "type": "WGS"}, "project": {"name": "Jeffries et al PLoS One", "public": "Jeffries et al PLoS One", "id": "mgp358", "data": {"PI_organization": "Flinders University", "PI_lastname": "Jeffries", "PI_organization_address": "School Of Biological Sciences Flinders University GPO Boc 2100 SA 5001", "PI_email": "jeffries.thomas@gmail.com", "project_name": "Jeffries et al PLoS One", "PI_organization_country": "Australia", "PI_firstname": "Thomas"}}, "sample": {"id": "mgs73656", "data": {"collection_timezone": "UTC+9:30", "location": "Coorong Lagoon", "biome": "estuarine biome", "collection_time": "9:00:00", "sample_name": "Australian Coorong medium high salinity 132psu M3", "country": "Australia", "feature": "marine benthic feature", "env_package": "sediment", "longitude": 139.488, "collection_date": "2008-01-31", "material": "sandy sediment", "latitude": 35.938}, "name": "Australian Coorong medium high salinity 132psu M3 "}}, "status": "public", "project": ["mgp358", "https://api.mg-rast.org/project/mgp358"], "id": "mgm4441021.3", "pipeline_parameters": {"filter_ln": "yes", "priority": "never", "prefix_length": "50", "assembled": "no", "m5nr_sims_version": "7", "screen_indexes": "h_sapiens", "file_type": "fna", "max_ambig": "5", "m5rna_annotation_version": "1", "bowtie": "yes", "aa_pid": "90", "filter_ambig": "yes", "fgs_type": "454", "rna_pid": "97", "m5nr_annotation_version": "1", "dereplicate": "yes", "filter_ln_mult": "2.0", "m5rna_sims_version": "7"}, "sequence_type": "WGS", "pipeline_version": "3.0", "owner": "mgu349", "project_metagenomes": ["4440984.3", "4441020.3", "4441021.3", "4441022.3", "4446342.3", "4446341.3", "4446406.3", "4446411.3", "4446412.3"], "sample": ["mgs73656", "https://api.mg-rast.org/sample/mgs73656"], "version": 1, "mixs_compliant": 0, "md5_checksum": "991b8c217cae680cd438ab8da74d5d9d"}