{"version": 1, "pipeline_parameters": {"assembled": "no", "file_type": "fna", "m5nr_sims_version": "7", "m5rna_sims_version": "7", "filter_ln": "yes", "priority": "never", "screen_indexes": "h_sapiens", "max_ambig": "5", "filter_ambig": "yes", "m5nr_annotation_version": "1", "prefix_length": "50", "aa_pid": "90", "rna_pid": "97", "fgs_type": "454", "m5rna_annotation_version": "1", "dereplicate": "yes", "bowtie": "yes", "filter_ln_mult": "2.0"}, "mixs": {"country": "England", "longitude": 0.222231, "PI_firstname": "Tim M Vogel and", "feature": "prairie", "project_id": "mgp405", "project_name": "Soil microbial community from Rothamsted, Park Grass (METASOIL project)", "env_package_type": "soil", "sequence_type": "WGS", "location": "Rothamsted", "biome": "Temperate grasslands", "latitude": 51.481481, "PI_lastname": "Tom O Delmont", "material": "soil", "seq_method": "454", "collection_date": "2009-02-01T12:00:00-0000"}, "pipeline_version": "3.0", "library": ["mgl109329", "https://api.mg-rast.org/library/mgl109329"], "metadata": {"library": {"data": {"sample_name": "METASOIL F4 Rothamsted 2009 February 0-10cm Indirect DNA Tissue", "investigation_type": "metagenome", "metagenome_id": "4453257.3", "metagenome_name": "METASOIL F4 Rothamsted 2009 February 0-10cm Indirect DNA Tissue", "file_checksum": "4f95f974ec90f29f54ef1476cb8182e3", "seq_meth": "454"}, "id": "mgl109329", "name": "METASOIL F4 Rothamsted 2009 February 0-10cm Indirect DNA Tissue", "type": "WGS"}, "sample": {"name": "METASOIL F4 Rothamsted 2009 February 0-10cm Indirect DNA Tissue", "data": {"collection_date": "2009-02-01", "latitude": 51.481481, "biome": "Temperate grasslands", "sample_name": "METASOIL F4 Rothamsted 2009 February 0-10cm Indirect DNA Tissue", "material": "soil", "collection_time": "12:00:00", "collection_timezone": "UTC-0", "location": "Rothamsted", "country": "England", "longitude": 0.222231, "env_package": "soil", "feature": "prairie"}, "id": "mgs109327"}, "project": {"public": "Soil microbial community from Rothamsted, Park Grass (METASOIL project)", "data": {"PI_lastname": "Tom O Delmont", "PI_email": "timothy.vogel@ec-lyon.fr", "PI_organization": "Ecole centrale de Lyon", "project_description": "Metagenomic analyse of soil microbial communities from Rothamsted, UK.\nRelated article on http://www.ncbi.nlm.nih.gov/pubmed/22297556.\nMore information (including Metadata) on the project at http://www.genomenviron.org/Projects/METASOIL.html", "project_funding": "French National Research Agency (ANR) Projet ANR-08-GENM-025", "project_name": "Soil microbial community from Rothamsted, Park Grass (METASOIL project)", "PI_organization_country": "France", "PI_organization_address": "Ecully", "organization": "Ecole centrale de Lyon", "email": "tomdelmont@hotmail.fr", "lastname": "Delmont", "PI_firstname": "Tim M Vogel and", "mgrast_id": "mgp405", "firstname": "Tom"}, "id": "mgp405", "name": "Soil microbial community from Rothamsted, Park Grass (METASOIL project)"}, "env_package": {"type": "soil", "name": "METASOIL F4 Rothamsted 2009 February 0-10cm Indirect DNA Tissue: soil", "id": "mge109328", "data": {"sample_name": "METASOIL F4 Rothamsted 2009 February 0-10cm Indirect DNA Tissue", "env_package": "soil"}}}, "project_alpha_diversity": {"max": 650.454442800207, "min": 540.408521458922, "avg": 603.087339105196, "stdv": 28.9576263798265}, "project": ["mgp405", "https://api.mg-rast.org/project/mgp405"], "sample": ["mgs109327", "https://api.mg-rast.org/sample/mgs109327"], "owner": "mgu11652", "name": "METASOIL F4 Rothamsted 2009 February 0-10cm Indirect DNA Tissue", "statistics": {}, "job_id": 12860, "project_metagenomes": ["4453261.3", "4453247.3", "4453246.3", "4453254.3", "4453256.3", "4453257.3", "4453274.3", "4453406.3", "4453407.3", "4453433.3", "4453434.3", "4453435.3", "4453436.3"], "status": "public", "id": "mgm4453257.3", "url": "https://api.mg-rast.org/metagenome/mgm4453257.3?verbosity=full", "created": "2010-12-06 14:46:52", "sequence_type": "WGS", "md5_checksum": "4f95f974ec90f29f54ef1476cb8182e3", "mixs_compliant": 0}