{"project_alpha_diversity": {"min": 21.1802626258137, "avg": 63.9559480367179, "max": 177.011892670245, "stdv": 50.2078817099954}, "pipeline_version": "3.0", "url": "https://api.mg-rast.org/metagenome/mgm4460639.3?verbosity=full", "mixs": {"feature": "mammalia-associated habitat", "PI_lastname": "Antonopoulos", "seq_method": "illumina", "latitude": 41.790269, "collection_date": "2008-04-11T12:00:00-0500", "biome": "terrestrial biome", "location": "Chicago, IL", "longitude": -87.60407, "material": "feces", "sequence_type": "WGS", "project_name": "NEC", "env_package_type": "human-gut", "PI_firstname": "Dionysios", "project_id": "mgp108", "country": "USA"}, "name": "GC_041108", "owner": "mgu122", "library": ["mgl312074", "https://api.mg-rast.org/library/mgl312074"], "sequence_type": "WGS", "sample": ["mgs312072", "https://api.mg-rast.org/sample/mgs312072"], "statistics": {}, "project": ["mgp108", "https://api.mg-rast.org/project/mgp108"], "status": "public", "pipeline_parameters": {"filter_ln_mult": "2.0", "max_ambig": "5", "screen_indexes": "h_sapiens", "m5nr_sims_version": "7", "filter_ambig": "yes", "m5rna_annotation_version": "1", "aa_pid": "90", "fgs_type": "454", "filter_ln": "yes", "rna_pid": "97", "m5rna_sims_version": "7", "bowtie": "yes", "dereplicate": "yes", "assembled": "no", "prefix_length": "50", "m5nr_annotation_version": "1", "priority": "never", "file_type": "fna"}, "mixs_compliant": 1, "version": 1, "id": "mgm4460639.3", "md5_checksum": "785236509c21a22c7c2011020fb0e7c9", "job_id": 20236, "created": "2011-05-19 16:12:07", "metadata": {"sample": {"data": {"biome": "terrestrial biome", "collection_time": "12:00:00", "latitude": 41.790269, "sample_name": "mgs25898", "collection_date": "2008-04-11", "material": "feces", "location": "Chicago, IL", "longitude": -87.60407, "env_package": "human-gut", "feature": "mammalia-associated habitat", "sample_id": "mgs25898", "collection_timezone": "UTC-5", "country": "USA"}, "name": "mgs25898", "id": "mgs312072"}, "project": {"name": "NEC", "public": "NEC", "id": "mgp108", "data": {"organization_address": "9700 South Cass Avenue , Argonne, IL  60439", "PI_organization_address": "9700 South Cass Avenue , Argonne, IL  60439", "PI_email": "dion@anl.gov", "project_funding": "March of Dimes", "PI_organization": "Argonne National Laboratory", "PI_firstname": "Dionysios", "organization_url": "www.anl.gov", "project_description": "Background: Preterm infants represent a unique patient population that is born functionally immature and must\naccomplish development under the influence of a hospital environment. Neonatal necrotizing enterocolitis (NEC) is\nan inflammatory intestinal disorder affecting preterm infants. The purpose of this study was to evaluate the\nprogression of intestinal microbiota community development between preterm infants who remained healthy\ncompared to preterm infants who developed NEC.\nResults: Weekly fecal samples from ten preterm infants, five with NEC and five matched healthy controls were\nobtained. Bacterial DNA from individual fecal samples was subjected to sequencing of 16S rRNA-based inventories\nusing the 454 GS-FLX platform. Fecal samples from control infants demonstrated a temporal pattern in their\nmicrobiota, which converged toward that of a healthy full term breast-fed infant. Microbiota development in NEC\npatients diverged from controls beginning three weeks prior to diagnosis. Shotgun metagenomic sequencing was\nperformed to identify functional differences in the respective microbiota of fecal samples from a set of twins in\nwhich one twin developed NEC and one did not. The majority of the differentially abundant genes in the NEC\npatient were associated with carbohydrate metabolism and mapped to members of the family Enterobacteriaceae.\nThis may indicate an adaptation of the community to an altered profile of substrate availability for specific\nmembers as a first step towards the development of NEC. We propose that the microbial communities as a whole\nmay metabolize milk differently, resulting in differential substrate availability for specific microbial groups. Additional\ndifferentially represented gene sets of interest were related to antibiotic resistance and vitamin biosynthesis.\nConclusions: Our results suggest that there is a temporal component to microbiome development in healthy\npreterm infants. Thus, bacteriotherapy for the treatment or prevention of NEC must consider this temporal\ncomponent of the microbial community in addition to its taxonomic composition and functional content.", "administrative-contact_PI_organization_country": "United States of America", "email": "dion@anl.gov", "administrative-contact_PI_firstname": "Dion", "PI_lastname": "Antonopoulos", "administrative-contact_PI_email": "dion@anl.gov", "PI_organization_country": "United States", "organization": "Argonne National Laboratory", "administrative-contact_PI_lastname": "Antonopoulos", "firstname": "Dionysios", "organization_country": "United States of America", "PI_organization_url": "www.anl.gov", "lastname": "Antonopoulos", "project_name": "NEC"}}, "env_package": {"id": "mge312073", "name": "mgs25898: human-gut", "type": "human-gut", "data": {"env_package": "human-gut", "sample_name": "mgs25898"}}, "library": {"id": "mgl312074", "name": "GC_041108", "type": "WGS", "data": {"metagenome_id": "4460639.3", "file_checksum": "785236509c21a22c7c2011020fb0e7c9", "metagenome_name": "GC_041108", "investigation_type": "metagenome", "sample_name": "mgs25898", "seq_meth": "illumina"}}}, "project_metagenomes": ["4460638.3", "4460639.3", "4460640.3", "4460641.3", "4448841.3", "4460642.3", "4460643.3", "4460644.3"]}