{"project_alpha_diversity": {"stdv": 33.8673232511824, "min": 592.523888845411, "avg": 640.264546781084, "max": 730.214632072954}, "project": ["mgp1008", "https://api.mg-rast.org/project/mgp1008"], "sample": ["mgs264167", "https://api.mg-rast.org/sample/mgs264167"], "sequence_type": "WGS", "library": ["mgl264169", "https://api.mg-rast.org/library/mgl264169"], "pipeline_parameters": {"bowtie": "no", "filter_ln_mult": "-3.09", "dereplicate": "no", "filter_ln": "no", "priority": "never", "assembled": "no", "file_type": "fna", "filter_ambig": "no", "m5nr_annotation_version": "1", "aa_pid": "90", "rna_pid": "97", "prefix_length": "50", "fgs_type": "454", "screen_indexes": "h_sapiens_asm", "max_ambig": "5", "m5rna_annotation_version": "1", "m5rna_sims_version": "7", "m5nr_sims_version": "7"}, "project_metagenomes": ["4485403.3", "4485402.3", "4485401.3", "4485400.3", "4485399.3", "4485398.3", "4485397.3", "4485396.3", "4485395.3", "4485394.3", "4485393.3", "4485392.3", "4485391.3", "4485390.3", "4485389.3"], "url": "https://api.mg-rast.org/metagenome/mgm4485399.3?verbosity=full", "statistics": {}, "md5_checksum": "800bf3a29c18b6df284cfa9cbb3e7f55", "metadata": {"project": {"id": "mgp1008", "data": {"PI_email": "E.Kuramae@nioo.knaw.nl", "PI_lastname": "Kuramae", "project_name": "Impact of long term fertilization", "PI_organization_address": "Droevendaalsesteeg 10, 6708 PB Wageningen NL", "PI_firstname": "Eiko", "PI_organization": "NIOO", "PI_organization_country": "Netherlands"}, "name": "Impact of long term fertilization", "public": "Impact of long term fertilization"}, "sample": {"name": "253", "id": "mgs264167", "data": {"latitude": 51.97, "biome": "terrestrial biome", "feature": "grassland", "collection_timezone": "UTC-1", "country": "Netherlands", "collection_time": "13:00:00", "longitude": 5.64, "location": "Wageningen", "collection_date": "2011-09-20", "sample_name": "253", "env_package": "soil", "sample_id": "4485399.3", "material": "soil"}}, "env_package": {"data": {"sample_name": "253", "env_package": "soil"}, "id": "mge264168", "name": "253: soil", "type": "soil"}, "library": {"name": "253", "type": "WGS", "data": {"metagenome_id": "4485399.3", "file_checksum": "800bf3a29c18b6df284cfa9cbb3e7f55", "sample_name": "253", "seq_meth": "454", "metagenome_name": "253", "investigation_type": "metagenome", "file_name": "253extracted_clusters_unique.fa"}, "id": "mgl264169"}}, "id": "mgm4485399.3", "mixs_compliant": 0, "owner": "mgu38692", "mixs": {"biome": "terrestrial biome", "latitude": 51.97, "PI_firstname": "Eiko", "env_package_type": "soil", "feature": "grassland", "country": "Netherlands", "project_name": "Impact of long term fertilization", "sequence_type": "WGS", "location": "Wageningen", "longitude": 5.64, "project_id": "mgp1008", "collection_date": "2011-09-20T13:00:00-0100", "PI_lastname": "Kuramae", "material": "soil", "seq_method": "454"}, "job_id": 46941, "status": "public", "version": 1, "pipeline_version": "3.0", "created": "2012-03-06 15:04:08", "name": "253"}