{"id": "mgm4440436.3", "status": "public", "name": "LowSalternSDbayVir200407", "sample": ["mgs69200", "https://api.mg-rast.org/sample/mgs69200"], "md5_checksum": "44f448599e4a4dcc698d771cbcad2d7d", "statistics": {}, "pipeline_parameters": {"dereplicate": "yes", "filter_ambig": "yes", "bowtie": "yes", "filter_ln": "yes", "filter_ln_mult": "2.0", "m5nr_sims_version": "7", "prefix_length": "50", "priority": "never", "file_type": "fna", "screen_indexes": "h_sapiens", "fgs_type": "454", "m5rna_annotation_version": "1", "rna_pid": "97", "m5nr_annotation_version": "1", "aa_pid": "90", "max_ambig": "5", "m5rna_sims_version": "7", "assembled": "no"}, "project": ["mgp11", "https://api.mg-rast.org/project/mgp11"], "url": "https://api.mg-rast.org/metagenome/mgm4440436.3?verbosity=full", "job_id": 333, "metadata": {"env_package": {"type": "water", "name": "LowSalternSDbayVir200407: water", "data": {"sample_name": "LowSalternSDbayVir200407", "env_package": "water", "biomass": "1.53E8 VLPs/ml", "salinity": "6-8%"}, "id": "mge69201"}, "sample": {"id": "mgs69200", "data": {"sample_name": "LowSalternSDbayVir200407", "material": "saline water", "samp_collect_device": "Water samples from the solar saltern of South Bay Salt Works (Chula Vista, CA, USA) were collected from three ponds with different salinities: low (6-8%), medium (12-14%), and high (27-30%). Salinity was measured with a hand refractometer. The time between samplings ranged from 1 day to ~1.33 years (Table 1). Viral and microbial fractions were isolated from each water sample by passage through a 0.2-&#956;m tangential flow filter (TFF, Millipore, Westborough, MA, USA). The filtrate and the retentate were collected in separate tanks. The virus-containing filtrate was concentrated to a final volume of ~500&#8201;ml using a 100-kDa TFF filter. Polyethylene glycol (PEG 8000) was added to a final concentration of 10% (w/v) and the mixture was incubated for 12-18&#8201;h at 4&#8201;\u00c2\u00b0C. The VLPs were pelleted by centrifuging for 2&#8201;h at 22&#8201;000&#8201;rpm in an SW41Ti swinging bucket rotor (RCF avg=53&#8201;000 \u00c3\u0097 g). The VLP pellet was resuspended in filtered (100&#8201;kDa) saltern water to a final volume of ~50&#8201;ml. The virus concentrate was loaded onto a cesium chloride density gradient, centrifuged, and the 1.5&#8201;g&#8201;ml&#8722;1 fraction was collected.", "location": "Chula Vista, CA", "collection_time": "00:00:00", "env_package": "water", "isol_growth_condt": "20147985", "country": "United States of America", "misc_param": "salinity: 6-8 ; Percent", "continent": "north america", "collection_date": "2004-07-01", "biome": "marine biome", "feature": "saline evaporation pond", "collection_timezone": "UTC", "longitude": -117.1072, "latitude": 32.6}, "name": "LowSalternSDbayVir200407"}, "library": {"name": "LowSalternSDbayVir200407", "type": "WGS", "id": "mgl69202", "data": {"seq_center": "454 Life Sciences, Inc, Branford, CT", "file_checksum": "44f448599e4a4dcc698d771cbcad2d7d", "misc_param": "sequences_sequences_filtered: Removed redundant contigs", "lib_size_mean": 103.5, "metagenome_name": "LowSalternSDbayVir200407", "investigation_type": "metagenome", "gold_id": "Gm00134", "metagenome_id": "4440436.3", "seq_meth": "454", "pubmed_id": "18337718, 20147985", "sample_name": "LowSalternSDbayVir200407", "file_name": "LowSalternSDbayVir200407.fna"}}, "project": {"data": {"project_name": "Chula Vista, CA Solar Saltern Study", "project_funding": "NSF, Gordon and Betty Moore Foundation, ARCS Fellowship, NSF Postdoctoral Fellowship #DBI-0511948, ATP/Kent Sea Tech and EMBO ASTF366-2007 short-term fellowship.", "ncbi_id": "28377, 28725", "PI_organization_url": "www.csrc.sdsu.edu/", "PI_email": "beltran.rodriguezbrito@gmail.com", "PI_firstname": "Beltran", "PI_organization_country": "USA", "PI_organization": "Computational Science Research Center, San Diego State University", "project_description": "Water samples from the solar saltern of South Bay Salt Works (Chula Vista, CA, USA) were collected from three ponds with different salinities: low (6-8%), medium (12-14%), and high (27-30%). In this study, we used metagenomics to monitor the viral and microbial communities in this and 3 other distinctive, stable, human-controlled aquatic environments over time. The study environments included a freshwater aquaculture system and three solar saltern environments of differing salinity. Populations within the communities were monitored at both the coarse-grained level of species and the fine-grained level of strains. On the basis of our results, we propose a model for these stable aquatic environments that is consistent with a Kill-the-Winner cycling of predator and prey populations and in which sensitive microbial strains are killed off by viral predators and are replaced by phage-resistant strains of the same species.", "PI_lastname": "Rodriguez-Brito", "PI_organization_address": "San Diego, CA"}, "public": "Chula Vista, CA Solar Saltern Study", "id": "mgp11", "name": "Chula Vista, CA Solar Saltern Study"}}, "mixs_compliant": 0, "project_alpha_diversity": {"avg": 287.597157489909, "min": 25.0416487709006, "stdv": 214.92260101415, "max": 769.523606831403}, "library": ["mgl69202", "https://api.mg-rast.org/library/mgl69202"], "version": 1, "created": "2007-12-24 01:30:38", "owner": "mgu163", "project_metagenomes": ["4440435.3", "4440426.3", "4440437.3", "4440427.3", "4440144.4", "4440145.4", "4440433.3", "4440419.3", "4440416.3", "4440425.3", "4440431.3", "4440417.3", "4440432.3", "4440434.3", "4440436.3", "4440421.3", "4440428.3", "4440324.3", "4440325.3", "4440420.3", "4440430.3", "4440429.3", "4440438.3", "4440090.3"], "pipeline_version": "3.0", "mixs": {"collection_date": "2004-07-01T00:00:00Z", "env_package_type": "water", "biome": "marine biome", "feature": "saline evaporation pond", "latitude": 32.6, "sequence_type": "WGS", "longitude": -117.1072, "project_id": "mgp11", "country": "United States of America", "seq_method": "454", "PI_lastname": "Rodriguez-Brito", "PI_firstname": "Beltran", "location": "Chula Vista, CA", "project_name": "Chula Vista, CA Solar Saltern Study", "material": "saline water"}, "sequence_type": "WGS"}