{"mixs_compliant": 0, "metadata": {"env_package": {"data": {}}, "library": {"data": {}}, "project": {"public": "Polar Microbial Mats", "data": {"PI_lastname": "Lovejoy", "PI_firstname": "Connie", "PI_organization_address": "Institut de Biologie Integrative et des SystemesPavillon Charles-Eugene-Marchand 1030, avenue de la Medecine Quebec (Quebec) CanadaG1V 0A6 Office : 3241Tel : 418-656-2007", "project_description": "Pyrosequencing of microbial mats samples collected from freshwater ponds on the Markham Iceshelf, Ward Hunt Iceshelf in Arctic, and McMurdo Iceshelf in Antarctic.", "envo_release": "2017-04-15", "mgrast_id": "mgp2964", "PI_email": "connie.lovejoy@bio.ulaval.ca", "project_funding": "NSERC; Qu\u00c3\u00a9bec Oc\u00c3\u00a9an; IPY program, ArcticNet,Genome Canada, and Genome Qu\u00c3\u00a9bec", "project_name": "Polar Micorboial Mats", "PI_organization_country": "Canada", "PI_organization": "Qu\u00c3\u00a9bec-Oc\u00c3\u00a9an, D\u00c3\u00a9partement de Biologie, and Institut de biologie int\u00c3\u00a9grative et des syst\u00c3\u00a8mes (IBIS) Universit\u00c3\u00a9 Laval"}, "name": "Polar Microbial Mats", "id": "mgp2964"}, "sample": {"data": {}}}, "version": 1, "pipeline_version": "3.0", "project_alpha_diversity": {"min": 525.289173433993, "max": 585.455776046374, "avg": 555.372474740184, "stdv": 30.0833013061905}, "status": "public", "pipeline_parameters": {"rna_pid": "97", "file_type": "fna", "filter_ln": "yes", "m5nr_sims_version": "7", "max_ambig": "5", "prefix_length": "50", "bowtie": "yes", "screen_indexes": "h_sapiens", "filter_ambig": "yes", "m5rna_sims_version": "7", "m5nr_annotation_version": "1", "assembled": "no", "aa_pid": "90", "m5rna_annotation_version": "1", "dereplicate": "yes", "filter_ln_mult": "2.0", "fgs_type": "454", "priority": "never"}, "job_id": 5039, "md5_checksum": "ee1d886095c74208ce896b76cabc2d27", "project": ["mgp2964", "https://api.mg-rast.org/project/mgp2964"], "created": "2009-10-13 18:25:16", "url": "https://api.mg-rast.org/metagenome/mgm4445126.3?verbosity=full", "sequence_type": "WGS", "sample": null, "owner": "mgu968", "statistics": {}, "name": "mis_wdu", "project_metagenomes": ["4445845.3", "4445126.3", "4445129.3"], "mixs": {"project_name": "Polar Microbial Mats", "latitude": null, "sequence_type": "WGS", "country": "", "location": "", "PI_firstname": "Connie", "feature": "", "biome": "", "project_id": "mgp2964", "seq_method": "", "longitude": null, "collection_date": "", "env_package_type": "", "material": "", "PI_lastname": "Lovejoy"}, "id": "mgm4445126.3", "library": null}