{"status": "public", "mixs": {"PI_firstname": "Ruth", "project_id": "mgp6244", "country": "USA", "collection_date": "2009-11-16T12:00:00-0500", "latitude": 42.444015, "material": "feces", "feature": "animal-associated habitat", "biome": "Temperate grasslands", "env_package_type": "host-associated", "PI_lastname": "Ley", "project_name": "TLR5KO_454_Metagenome", "location": "Ithaca, NY", "sequence_type": "WGS", "longitude": -76.501893, "seq_method": "454"}, "project": ["mgp6244", "https://api.mg-rast.org/project/mgp6244"], "created": "2010-04-08 15:32:00", "project_alpha_diversity": {"min": 289.817944669576, "max": 377.946691310169, "stdv": 27.5564022215991, "avg": 343.089591581615}, "mixs_compliant": 1, "md5_checksum": "3917388f460bfe1b07be13d9410f3a67", "owner": "mgu18732", "project_metagenomes": ["4447454.3", "4447455.3", "4447456.3", "4447457.3", "4447449.3", "4447448.3", "4447447.3", "4447446.3"], "job_id": 7280, "library": ["mgl138918", "https://api.mg-rast.org/library/mgl138918"], "sample": ["mgs138916", "https://api.mg-rast.org/sample/mgs138916"], "pipeline_parameters": {"priority": "never", "rna_pid": "97", "assembled": "no", "m5nr_annotation_version": "1", "prefix_length": "50", "dereplicate": "yes", "aa_pid": "90", "filter_ambig": "yes", "max_ambig": "5", "fgs_type": "454", "m5rna_annotation_version": "1", "m5rna_sims_version": "7", "filter_ln_mult": "2.0", "filter_ln": "yes", "file_type": "fna", "m5nr_sims_version": "7", "bowtie": "yes", "screen_indexes": "h_sapiens"}, "version": 1, "sequence_type": "WGS", "statistics": {}, "metadata": {"library": {"id": "mgl138918", "type": "WGS", "name": "TLR5KO1", "data": {"seq_meth": "454", "metagenome_name": "TLR5KO1", "investigation_type": "metagenome", "sample_name": "TLR5KO1", "file_checksum": "3917388f460bfe1b07be13d9410f3a67", "metagenome_id": "4447454.3"}}, "sample": {"data": {"longitude": -76.501893, "location": "Ithaca, NY", "collection_timezone": "UTC-5", "biome": "Temperate grasslands", "feature": "animal-associated habitat", "env_package": "host-associated", "material": "feces", "latitude": 42.444015, "collection_date": "2009-11-16", "sample_name": "TLR5KO1", "country": "USA", "collection_time": "12:00:00"}, "name": "TLR5KO1", "id": "mgs138916"}, "env_package": {"id": "mge138917", "type": "host-associated", "name": "TLR5KO1: host-associated", "data": {"mgrast_id": "mge138917", "env_package": "host-associated", "body_site": "cecum", "sample_name": "TLR5KO1"}}, "project": {"id": "mgp6244", "data": {"mgrast_id": "mgp6244", "project_name": "T5KO_454_MetaG", "PI_organization": "Cornell", "PI_organization_address": "467 Biotechnology Building, Ithaca, NY, 14853", "PI_lastname": "Ley", "PI_email": "rel222@cornell.edu", "PI_firstname": "Ruth", "PI_organization_country": "USA"}, "public": "TLR5KO_454_Metagenome", "name": "TLR5KO_454_Metagenome"}}, "pipeline_version": "3.0", "url": "https://api.mg-rast.org/metagenome/mgm4447454.3?verbosity=full", "name": "TLR5KO1", "id": "mgm4447454.3"}