{"status": "public", "md5_checksum": "514096ac37f23060260071bd8cae847a", "mixs": {"longitude": -122.450556, "material": "water", "location": "Puget Sound, WA", "seq_method": "454", "feature": "estuarine bulk water", "country": "United States of America", "project_name": "Puget Sound", "project_id": "mgp2706", "collection_date": "2010-10-29T09:48:00-0800", "latitude": 47.700556, "env_package_type": "water", "PI_firstname": "Elaine", "sequence_type": "WGS", "biome": "estuarine biome", "PI_lastname": "Faustman"}, "project_metagenomes": ["4460190.3", "4460189.3", "4460188.3", "4460182.3", "4460180.3", "4460179.3", "4460178.3"], "sequence_type": "WGS", "name": "Station P28", "statistics": {}, "metadata": {"library": {"type": "WGS", "data": {"file_checksum": "514096ac37f23060260071bd8cae847a", "metagenome_name": "Station P28", "sample_name": "Station P28", "metagenome_id": "4460180.3", "file_name": "p28.fa", "investigation_type": "metagenome", "seq_meth": "454"}, "id": "mgl88797", "name": "Station P28"}, "project": {"public": "Puget Sound", "name": "Puget Sound", "id": "mgp2706", "data": {"PI_organization_country": "USA", "PI_organization": "University of Washington", "project_name": "Puget Sound", "PI_lastname": "Faustman", "PI_organization_address": "4225 Roosevelt Way NE Seattle, WA 98105", "PI_firstname": "Elaine", "PI_email": "faustman@uw.edu"}}, "env_package": {"id": "mge88796", "name": "Station P28: water", "data": {"samp_store_temp": "-80", "chlorophyll": "0.15 mg m-3", "env_package": "water", "sample_name": "Station P28"}, "type": "water"}, "sample": {"data": {"env_package": "water", "feature": "estuarine bulk water", "country": "United States of America", "depth": 5, "temperature": 11.51, "collection_timezone": "UTC-8", "longitude": -122.450556, "location": "Puget Sound, WA", "material": "water", "biome": "estuarine biome", "collection_time": "09:48:00", "collection_date": "2010-10-29", "sample_name": "Station P28", "latitude": 47.700556}, "id": "mgs88795", "name": "Station P28"}}, "mixs_compliant": 0, "id": "mgm4460180.3", "sample": ["mgs88795", "https://api.mg-rast.org/sample/mgs88795"], "version": 1, "pipeline_parameters": {"file_type": "fna", "priority": "never", "filter_ln": "yes", "filter_ln_mult": "1.99", "m5rna_annotation_version": "1", "fgs_type": "454", "assembled": "no", "screen_indexes": "h_sapiens_asm", "bowtie": "no", "m5rna_sims_version": "7", "dereplicate": "yes", "m5nr_annotation_version": "1", "m5nr_sims_version": "7", "aa_pid": "90", "filter_ambig": "yes", "prefix_length": "50", "rna_pid": "97", "max_ambig": "5"}, "owner": "mgu40782", "project_alpha_diversity": {"min": 465.872655007285, "max": 737.04439045492, "avg": 618.227776812093, "stdv": 82.0273980149213}, "url": "https://api.mg-rast.org/metagenome/mgm4460180.3?verbosity=full", "pipeline_version": "3.0", "job_id": 19777, "project": ["mgp2706", "https://api.mg-rast.org/project/mgp2706"], "created": "2011-05-19 16:11:16", "library": ["mgl88797", "https://api.mg-rast.org/library/mgl88797"]}