{"metadata": {"library": {"id": "mgl295977", "type": "WGS", "name": "B3_DNA_1163.2.1212ONE", "data": {"sample_name": "B3", "metagenome_name": "B3_DNA_1163.2.1212ONE", "seq_meth": "illumina", "file_checksum": "ced57d1e0214a4954ff038c6b22e459e", "investigation_type": "metagenome", "file_name": "1163.2.1212.sep.fastq.one.fasta", "metagenome_id": "4470254.3"}}, "sample": {"data": {"latitude": 64.677812, "sample_name": "B3", "feature": "permafrost", "longitude": -157.833252, "collection_date": "2009-01-01", "depth": -1, "collection_timezone": "UTC-10", "env_package": "soil", "country": "USA", "material": "soil", "location": "thermokarst bog", "biome": "Tundra biome", "collection_time": "12:00:00"}, "name": "B3", "id": "mgs295974"}, "env_package": {"name": "B3: soil", "data": {"env_package": "soil", "sample_name": "B3"}, "id": "mge295975", "type": "soil"}, "project": {"id": "mgp11953", "public": "Permafrost_thaw", "data": {"PI_organization_address": "PO Box 65, 00014 University of Helsinki", "PI_email": "jenni.hultman@gmail.com", "project_name": "Permafrost_thaw", "PI_organization_country": "Finland", "PI_lastname": "Hultman", "PI_organization": "University of Helsinki", "PI_firstname": "Jenni", "mgrast_id": "mgp11953"}, "name": "Permafrost_thaw"}}, "sample": ["mgs295974", "https://api.mg-rast.org/sample/mgs295974"], "project_alpha_diversity": {"min": 254.546180883004, "max": 1149.14473948877, "avg": 927.508742795344, "stdv": 205.198938795964}, "pipeline_version": "3.0", "mixs": {"sequence_type": "WGS", "project_name": "Permafrost_thaw", "feature": "permafrost", "env_package_type": "soil", "latitude": 64.677812, "collection_date": "2009-01-01T12:00:00-1000", "longitude": -157.833252, "PI_lastname": "Hultman", "PI_firstname": "Jenni", "seq_method": "illumina", "biome": "Tundra biome", "location": "thermokarst bog", "material": "soil", "country": "USA", "project_id": "mgp11953"}, "library": ["mgl295977", "https://api.mg-rast.org/library/mgl295977"], "created": "2011-08-05 20:52:18", "status": "public", "pipeline_parameters": {"dynamic_trim": "no", "rna_pid": "97", "file_type": "fastq", "min_qual": "15", "screen_indexes": "h_sapiens_asm", "assembled": "no", "m5nr_annotation_version": "1", "max_lqb": "5", "m5rna_sims_version": "7", "aa_pid": "90", "dereplicate": "no", "fgs_type": "454", "m5nr_sims_version": "7", "bowtie": "no", "m5rna_annotation_version": "1", "prefix_length": "50", "priority": "never"}, "version": 1, "name": "B3_DNA_1163.2.1212ONE", "md5_checksum": "ced57d1e0214a4954ff038c6b22e459e", "project_metagenomes": ["4491569.3", "4491397.3", "4491383.3", "4491382.3", "4491237.3", "4470382.3", "4470381.3", "4470378.3", "4470334.3", "4470315.3", "4470255.3", "4470254.3", "4470253.3", "4470010.3", "4470009.3", "4469540.3", "4469539.3", "4469538.3", "4469455.3", "4469454.3", "4469453.3", "4469340.3", "4469339.3", "4469338.3", "4469328.3"], "mixs_compliant": 0, "project": ["mgp11953", "https://api.mg-rast.org/project/mgp11953"], "sequence_type": "WGS", "url": "https://api.mg-rast.org/metagenome/mgm4470254.3?verbosity=full", "owner": "mgu12752", "job_id": 29851, "id": "mgm4470254.3", "statistics": {}}