{"owner": "mgu40632", "statistics": {}, "name": "AnaPaula_PE14-1", "pipeline_version": "3.0", "project": ["mgp3395", "https://api.mg-rast.org/project/mgp3395"], "sequence_type": "WGS", "pipeline_parameters": {"prefix_length": "50", "aa_pid": "90", "fgs_type": "454", "m5rna_sims_version": "7", "file_type": "fna", "dereplicate": "yes", "bowtie": "no", "filter_ambig": "yes", "max_ambig": "5", "m5nr_sims_version": "7", "rna_pid": "97", "m5nr_annotation_version": "1", "assembled": "no", "screen_indexes": "h_sapiens_asm", "filter_ln_mult": "2.00", "priority": "never", "filter_ln": "yes", "m5rna_annotation_version": "1"}, "version": 1, "project_metagenomes": ["4513635.3", "4513642.3", "4584423.3", "4584424.3", "4461594.3", "4463932.3", "4463930.3", "4468639.3", "4463927.3", "4461593.3", "4463933.3", "4463931.3", "4463928.3", "4463926.3", "4463925.3", "4486661.3", "4486665.3", "4486669.3", "4486662.3", "4486667.3", "4486668.3", "4486664.3", "4486663.3", "4486666.3", "4463929.3"], "sample": ["mgs389237", "https://api.mg-rast.org/sample/mgs389237"], "mixs_compliant": 0, "library": ["mgl389239", "https://api.mg-rast.org/library/mgl389239"], "metadata": {"sample": {"name": "1AnaPaula_PE14", "id": "mgs389237", "data": {"collection_timezone": "UTC-2", "sample_name": "1AnaPaula_PE14", "feature": "archipelago", "location": "St Peter and  St Paul Archipelago", "longitude": -29.3666666666667, "country": "Brazil", "collection_date": "2010-09-14", "material": "sea water", "collection_time": "10:00:00", "env_package": "water", "latitude": 0.933333333333333, "biome": "oceanic epipelagic zone biome"}}, "library": {"type": "WGS", "name": "AnaPaula_PE14-1", "id": "mgl389239", "data": {"metagenome_id": "4461594.3", "sample_name": "1AnaPaula_PE14", "seq_meth": "pyrosequencing", "file_name": "AP_PE14_1.fasta", "metagenome_name": "AnaPaula_PE14-1", "investigation_type": "metagenome", "file_checksum": "aa5e547949f4fc9bfc1963e2bd4d495f"}}, "project": {"public": "The influence of global climatic changes over the vitality of corals from St Peter and St Paul Archipelago", "name": "The influence of global climatic changes over the vitality of corals from St Peter and St Paul Archipelago", "id": "mgp3395", "data": {"PI_email": "anapaula.biomar.ufrj@gmail.com", "organization": "UFRJ", "PI_lastname": "B. Moreira", "PI_firstname": "Ana Paula", "organization_address": "Av. Carlos Chagas Fo., 373", "PI_organization": "UFRJ", "project_funding": "CNPq", "lastname": "Ana Paula", "envo_release": "2013-04-27", "PI_organization_address": "Av. Carlos Chagas Fo., 373", "email": "anapaula.biomar.ufrj@gmail.com", "project_description": "Sub-project: Coral diseases in St. Peter & St. Paul Archipelago, unraveling the roles of pathogens and vectors", "project_name": "The influence of global climatic changes over the vitality of corals from St Peter and St Paul Archipelago", "PI_organization_country": "Brazil", "organization_country": "Brazil", "firstname": "Ana Paula"}}, "env_package": {"data": {"sample_name": "1AnaPaula_PE14", "env_package": "water"}, "type": "water", "name": "1AnaPaula_PE14: water", "id": "mge389238"}}, "url": "https://api.mg-rast.org/metagenome/mgm4461594.3?verbosity=full", "mixs": {"env_package_type": "water", "location": "St Peter and  St Paul Archipelago", "feature": "archipelago", "PI_firstname": "Ana Paula", "PI_lastname": "B. Moreira", "biome": "oceanic epipelagic zone biome", "project_id": "mgp3395", "project_name": "The influence of global climatic changes over the vitality of corals from St Peter and St Paul Archipelago", "latitude": 0.933333333333333, "material": "sea water", "longitude": -29.3666666666667, "country": "Brazil", "sequence_type": "WGS", "seq_method": "pyrosequencing", "collection_date": "2010-09-14T10:00:00-0200"}, "job_id": 21191, "status": "public", "md5_checksum": "aa5e547949f4fc9bfc1963e2bd4d495f", "project_alpha_diversity": {"avg": 523.207609404706, "min": 225.128859828708, "max": 1003.45925609468, "stdv": 244.236857959192}, "created": "2011-05-19 16:13:42", "id": "mgm4461594.3"}