{"md5_checksum": "b82005e46b0716774b32e992d1714f96", "sample": ["mgs27998", "https://api.mg-rast.org/sample/mgs27998"], "library": ["mgl55242", "https://api.mg-rast.org/library/mgl55242"], "created": "2007-12-15 05:14:33", "url": "https://api.mg-rast.org/metagenome/mgm4440377.3?verbosity=full", "sequence_type": "WGS", "project": ["mgp16", "https://api.mg-rast.org/project/mgp16"], "id": "mgm4440377.3", "statistics": {}, "pipeline_version": "3.0", "pipeline_parameters": {"rna_pid": "97", "bowtie": "yes", "m5rna_sims_version": "7", "max_ambig": "5", "aa_pid": "90", "m5nr_sims_version": "7", "file_type": "fna", "filter_ln": "yes", "screen_indexes": "h_sapiens", "fgs_type": "454", "filter_ambig": "yes", "m5rna_annotation_version": "1", "filter_ln_mult": "2.0", "prefix_length": "50", "assembled": "no", "dereplicate": "yes", "m5nr_annotation_version": "1", "priority": "never"}, "status": "public", "job_id": 267, "name": "NutPorCompHawVir200602", "project_metagenomes": ["4440373.3", "4440375.3", "4440379.3", "4440371.3", "4440381.3", "4440377.3", "4440380.3", "4440376.3", "4440378.3", "4440374.3", "4440372.3", "4440370.3", "4440319.3"], "version": 1, "project_alpha_diversity": {"stdv": 134.717305474331, "max": 640.366857523245, "avg": 344.076724334809, "min": 138.940406910059}, "mixs_compliant": 1, "metadata": {"sample": {"name": "mgs27998", "id": "mgs27998", "data": {"location": "Hawaii Institute of Marine Biology", "samp_mat_process": "DNA extraction", "material": "animal-associated habitat", "collection_timezone": "UTC", "geodetic_system": "wgs_84", "feature": "animal-associated habitat", "latitude": 21.434, "biome": "animal-associated habitat", "longitude": -157.7878, "samp_size": "3 coral heads", "samp_collect_device": "Coral specimens were collected at the Hawaii Institute of Marine Biology (HIMB) on 22 February 2006. All P. compressa samples were collected 25 m offshore at 1 m depth and 5 m apart. Ambient sea surface water temperature was 24\u00c2\u00b0C. Three apparently healthy coral heads of approximately 20 cm in diameter were removed with hammer and chisel at the base of the colony to avoid polyp damage. Specimens were placed in a 3 l seawater-cured bucket, carried to shore, and immediately transferred to open outdoor aquaria that contained continuous flowing seawater.", "temperature": 20, "collection_date": "2006-02-22", "ph": 8.1, "isol_growth_condt": "19397678", "country": "United States of America", "continent": "north_america", "env_package": "host-associated"}}, "project": {"id": "mgp16", "data": {"PI_firstname": "Rebecca", "PI_organization_url": "http://www.sci.sdsu.edu/cos/index.php", "PI_organization_address": "San Diego, CA", "ncbi_id": "28595, 28433", "PI_email": "rvega@mail.sdsu.edu", "PI_organization_country": "USA", "project_funding": "NSF, the Gordon and Betty Moore Foundation", "PI_organization": "San Diego State University", "project_description": "The coral holobiont is the community of metazoans, protists and microbes associated with scleractinian corals. Disruptions in these associations have been correlated with coral disease, but little is known about the series of events involved in the shift from mutualism to pathogenesis. To evaluate structural and functional changes in coral microbial communities, Porites compressa was exposed to four stressors: increased temperature, elevated nutrients, dissolved organic carbon loading and reduced pH. Microbial metagenomic samples were collected and pyrosequenced. Functional gene analysis demonstrated that stressors increased the abundance of microbial genes involved in virulence, stress resistance, sulfur and nitrogen metabolism, motility and chemotaxis, fatty acid and lipid utilization, and secondary metabolism. Relative changes in taxonomy also demonstrated that coral-associated microbiota (Archaea, Bacteria, protists) shifted from a healthy-associated coral community (e.g. Cyanobacteria, Proteobacteria and the zooxanthellae Symbiodinium) to a community (e.g. Bacteriodetes, Fusobacteria and Fungi) of microbes often found on diseased corals. Additionally, low-abundance Vibrio spp. were found to significantly alter microbiome metabolism, suggesting that the contribution of a just a few members of a community can profoundly shift the health status of the coral holobiont.", "project_name": "Stressed Coral Holobionts", "PI_lastname": "Vega  Thurber"}, "name": "Stressed Coral Holobionts", "public": "Stressed Coral Holobionts"}, "library": {"data": {"file_checksum": "b82005e46b0716774b32e992d1714f96", "seq_center": "454 Life Sciences, Inc, Branford, CT", "metagenome_name": "NutPorCompHawVir200602", "gold_id": "Gm00087,  Gm00193", "sequences_sequences_filtered": "Removed redundant contigs", "metagenome_id": "4440377.3", "sequences_sequences_combined_libraries": "Sequences are from combined libraries", "pubmed_id": "19397678, 18337718", "seq_meth": "454", "investigation_type": "metagenome", "sequences_sequences_assembled": "Assembled contigs"}, "type": "WGS", "id": "mgl55242", "name": "mgl55242"}, "env_package": {"data": {"env_package": "host-associated", "disease_stat": "healthy", "samp_store_temp": "-20", "_temp": "20", "host_common_name": "Coral", "body_habitat": "25 m offshore", "host_subject_id": "NutPorCompHawVir200602", "body_site": "Nubbins", "host_taxid": "46720", "host_growth_cond": "Nutrient treatment consisted of an excess of 10 &#956;M nitrate [Ca(NO3)2], nitrite (NaNO2), ammonia (NH4Cl) and phosphate (KH2PO4)", "height_or_length": "20 cm in diameter"}, "type": "host-associated", "id": "mge55243", "name": "mge55243"}}, "mixs": {"project_name": "Stressed Coral Holobionts", "collection_date": "2006-02-22", "project_id": "mgp16", "seq_method": "454", "sequence_type": "WGS", "env_package_type": "host-associated", "longitude": -157.7878, "country": "United States of America", "PI_lastname": "Vega  Thurber", "location": "Hawaii Institute of Marine Biology", "material": "animal-associated habitat", "biome": "animal-associated habitat", "feature": "animal-associated habitat", "PI_firstname": "Rebecca", "latitude": 21.434}, "owner": "mgu342"}