{"url": "https://api.mg-rast.org/metagenome/mgm4480863.3?verbosity=full", "md5_checksum": "c4166e922c6310bd2160b4ad18c0e5fa", "statistics": {}, "job_id": 41559, "mixs": {"biome": "anaerobic digester sludge", "project_id": "mgp397", "material": "anaerobic digester sludge", "seq_method": "illumina", "sequence_type": "WGS", "collection_date": "2011-07-12T13:00:00-0500", "latitude": 42.44, "feature": "anaerobic digester sludge", "env_package_type": "wastewater|sludge", "PI_lastname": "Angenent", "longitude": -76.5, "PI_firstname": "Largus", "location": "Ithaca, New York", "project_name": "Beer-to-Caproate", "country": "United States of America"}, "project_metagenomes": ["4480867.3", "4480865.3", "4480864.3", "4480863.3", "4480861.3", "4480859.3", "4480858.3", "4480849.3", "4480815.3", "4480776.3", "4480764.3", "4480719.3", "4493574.3", "4493577.3", "4493578.3", "4493579.3", "4493580.3", "4493575.3", "4493576.3"], "id": "mgm4480863.3", "mixs_compliant": 1, "sample": ["mgs62863", "https://api.mg-rast.org/sample/mgs62863"], "pipeline_parameters": {"priority": "never", "screen_indexes": "h_sapiens_asm", "filter_ambig": "yes", "rna_pid": "97", "max_ambig": "5", "m5nr_annotation_version": "1", "filter_ln_mult": "1.99", "m5nr_sims_version": "7", "fgs_type": "454", "bowtie": "no", "aa_pid": "90", "dereplicate": "no", "prefix_length": "50", "filter_ln": "yes", "m5rna_annotation_version": "1", "file_type": "fna", "m5rna_sims_version": "7", "assembled": "no"}, "sequence_type": "WGS", "pipeline_version": "3.0", "owner": "mgu20062", "created": "2012-01-22 12:44:02", "version": 1, "name": "Beer_CE_Day_112", "library": ["mgl62865", "https://api.mg-rast.org/library/mgl62865"], "status": "public", "project": ["mgp397", "https://api.mg-rast.org/project/mgp397"], "project_alpha_diversity": {"min": 20.0230642565395, "stdv": 350.570605652042, "avg": 482.921152331943, "max": 855.684392784736}, "metadata": {"project": {"data": {"project_description": "Chain elongation with reactor microbiomes: upgrading dilute ethanol to medium-chain carboxylates", "email": "matthewtagler@gmail.com", "PI_organization_address": "214 Riley-Robb Hall, Ithaca, NY 14853", "firstname": "Matthew", "organization_url": "http://angenent.bee.cornell.edu/", "PI_lastname": "Angenent", "PI_firstname": "Largus", "organization_address": "214 Riley-Robb Hall, Ithaca, NY 14853", "organization_country": "USA", "PI_organization_url": "http://angenent.bee.cornell.edu/", "lastname": "Agler", "project_name": "Beer-to-Caproate", "PI_email": "la249@cornell.edu", "project_funding": "USDA through the National Institutes of Food and Agriculture (NIFA), grant number 2007-35504-05381", "PI_organization": "Cornell Univeristy", "PI_organization_country": "USA", "organization": "Cornell University"}, "public": "Beer-to-Caproate", "id": "mgp397", "name": "Beer-to-Caproate"}, "library": {"data": {"investigation_type": "metagenome", "metagenome_id": "4480863.3", "metagenome_name": "Beer_CE_Day_112", "file_name": "1d76all_seqs_unique_nodots.fna", "file_checksum": "c4166e922c6310bd2160b4ad18c0e5fa", "seq_meth": "illumina", "sample_name": "Beer_CE_Day_112"}, "type": "WGS", "name": "Beer_CE_Day_112", "id": "mgl62865"}, "sample": {"data": {"material": "anaerobic digester sludge", "ph": 5.5, "depth": 0, "biome": "anaerobic digester sludge", "env_package": "wastewater|sludge", "feature": "anaerobic digester sludge", "collection_date": "2011-07-12", "latitude": 42.44, "location": "Ithaca, New York", "longitude": -76.5, "collection_time": "13:00:00", "collection_timezone": "UTC-5", "sample_name": "Beer_CE_Day_112", "country": "United States of America", "temperature": 30}, "id": "mgs62863", "name": "Beer_CE_Day_112"}, "env_package": {"type": "wastewater|sludge", "data": {"ph": "5.5", "sample_name": "Beer_CE_Day_112", "env_package": "wastewater|sludge", "samp_store_temp": "-80"}, "name": "Beer_CE_Day_112: wastewater|sludge", "id": "mge62864"}}}