{"version": 1, "library": ["mgl109341", "https://api.mg-rast.org/library/mgl109341"], "status": "public", "statistics": {}, "md5_checksum": "17bd32e53cda781d9fcc2573851763f7", "sequence_type": "WGS", "project": ["mgp405", "https://api.mg-rast.org/project/mgp405"], "id": "mgm4453435.3", "project_alpha_diversity": {"stdv": 28.9576263798265, "min": 540.408521458922, "avg": 603.087339105196, "max": 650.454442800207}, "mixs": {"PI_firstname": "Tim M Vogel and", "sequence_type": "WGS", "latitude": 51.481481, "env_package_type": "soil", "PI_lastname": "Tom O Delmont", "collection_date": "2010-06-01T12:00:00-0000", "material": "soil", "location": "Rothamsted", "seq_method": "454", "feature": "prairie", "country": "England", "biome": "Temperate grasslands", "project_name": "Soil microbial community from Rothamsted, Park Grass (METASOIL project)", "longitude": 0.222231, "project_id": "mgp405"}, "url": "https://api.mg-rast.org/metagenome/mgm4453435.3?verbosity=full", "job_id": 13041, "pipeline_version": "3.0", "name": "METASOIL J1rhizo-10 Rothamsted Rhizosphere 2010 July 0-21cm Direct MPBIO1O1", "pipeline_parameters": {"bowtie": "yes", "filter_ambig": "yes", "m5rna_sims_version": "7", "prefix_length": "50", "assembled": "no", "screen_indexes": "h_sapiens", "aa_pid": "90", "dereplicate": "yes", "m5rna_annotation_version": "1", "filter_ln_mult": "2.0", "filter_ln": "yes", "m5nr_sims_version": "7", "m5nr_annotation_version": "1", "priority": "never", "fgs_type": "454", "max_ambig": "5", "file_type": "fna", "rna_pid": "97"}, "mixs_compliant": 0, "project_metagenomes": ["4453261.3", "4453247.3", "4453246.3", "4453254.3", "4453256.3", "4453257.3", "4453274.3", "4453406.3", "4453407.3", "4453433.3", "4453434.3", "4453435.3", "4453436.3"], "sample": ["mgs109339", "https://api.mg-rast.org/sample/mgs109339"], "metadata": {"env_package": {"type": "soil", "name": "METASOIL J1rhizo-10 Rothamsted Rhizosphere 2010 July 0-21cm Direct MPBIO1O1: soil", "data": {"sample_name": "METASOIL J1rhizo-10 Rothamsted Rhizosphere 2010 July 0-21cm Direct MPBIO1O1", "env_package": "soil"}, "id": "mge109340"}, "library": {"type": "WGS", "id": "mgl109341", "data": {"file_checksum": "17bd32e53cda781d9fcc2573851763f7", "metagenome_id": "4453435.3", "metagenome_name": "METASOIL J1rhizo-10 Rothamsted Rhizosphere 2010 July 0-21cm Direct MPBIO1O1", "seq_meth": "454", "sample_name": "METASOIL J1rhizo-10 Rothamsted Rhizosphere 2010 July 0-21cm Direct MPBIO1O1", "investigation_type": "metagenome"}, "name": "METASOIL J1rhizo-10 Rothamsted Rhizosphere 2010 July 0-21cm Direct MPBIO1O1"}, "sample": {"name": "METASOIL J1rhizo-10 Rothamsted Rhizosphere 2010 July 0-21cm Direct MPBIO1O1", "data": {"location": "Rothamsted", "longitude": 0.222231, "env_package": "soil", "country": "England", "material": "soil", "collection_timezone": "UTC-0", "biome": "Temperate grasslands", "sample_name": "METASOIL J1rhizo-10 Rothamsted Rhizosphere 2010 July 0-21cm Direct MPBIO1O1", "feature": "prairie", "latitude": 51.481481, "collection_date": "2010-06-01", "collection_time": "12:00:00"}, "id": "mgs109339"}, "project": {"name": "Soil microbial community from Rothamsted, Park Grass (METASOIL project)", "data": {"PI_lastname": "Tom O Delmont", "mgrast_id": "mgp405", "PI_firstname": "Tim M Vogel and", "firstname": "Tom", "PI_email": "timothy.vogel@ec-lyon.fr", "PI_organization": "Ecole centrale de Lyon", "lastname": "Delmont", "organization": "Ecole centrale de Lyon", "email": "tomdelmont@hotmail.fr", "PI_organization_address": "Ecully", "project_name": "Soil microbial community from Rothamsted, Park Grass (METASOIL project)", "project_description": "Metagenomic analyse of soil microbial communities from Rothamsted, UK.\nRelated article on http://www.ncbi.nlm.nih.gov/pubmed/22297556.\nMore information (including Metadata) on the project at http://www.genomenviron.org/Projects/METASOIL.html", "project_funding": "French National Research Agency (ANR) Projet ANR-08-GENM-025", "PI_organization_country": "France"}, "public": "Soil microbial community from Rothamsted, Park Grass (METASOIL project)", "id": "mgp405"}}, "created": "2010-12-14 10:24:20", "owner": "mgu11652"}