{"statistics": {}, "project_metagenomes": ["4447454.3", "4447455.3", "4447456.3", "4447457.3", "4447449.3", "4447448.3", "4447447.3", "4447446.3"], "sequence_type": "WGS", "owner": "mgu18732", "pipeline_parameters": {"bowtie": "yes", "max_ambig": "5", "priority": "never", "filter_ln": "yes", "aa_pid": "90", "filter_ambig": "yes", "rna_pid": "97", "file_type": "fna", "filter_ln_mult": "2.0", "fgs_type": "454", "m5rna_annotation_version": "1", "m5nr_annotation_version": "1", "screen_indexes": "h_sapiens", "m5rna_sims_version": "7", "prefix_length": "50", "dereplicate": "yes", "assembled": "no", "m5nr_sims_version": "7"}, "version": 1, "job_id": 7282, "pipeline_version": "3.0", "id": "mgm4447456.3", "status": "public", "url": "https://api.mg-rast.org/metagenome/mgm4447456.3?verbosity=full", "metadata": {"project": {"name": "TLR5KO_454_Metagenome", "data": {"PI_lastname": "Ley", "PI_email": "rel222@cornell.edu", "PI_organization_country": "USA", "PI_organization": "Cornell", "project_name": "T5KO_454_MetaG", "PI_organization_address": "467 Biotechnology Building, Ithaca, NY, 14853", "PI_firstname": "Ruth", "mgrast_id": "mgp6244"}, "public": "TLR5KO_454_Metagenome", "id": "mgp6244"}, "sample": {"id": "mgs138922", "data": {"biome": "Temperate grasslands", "longitude": -76.501893, "location": "Ithaca, NY", "feature": "animal-associated habitat", "collection_date": "2009-11-16", "env_package": "host-associated", "country": "USA", "material": "feces", "latitude": 42.444015, "collection_timezone": "UTC-5", "sample_name": "TLR5KO3", "collection_time": "12:00:00"}, "name": "TLR5KO3"}, "env_package": {"id": "mge138923", "data": {"body_site": "cecum", "env_package": "host-associated", "sample_name": "TLR5KO3", "mgrast_id": "mge138923"}, "type": "host-associated", "name": "TLR5KO3: host-associated"}, "library": {"id": "mgl138924", "data": {"investigation_type": "metagenome", "metagenome_id": "4447456.3", "metagenome_name": "TLR5KO3", "sample_name": "TLR5KO3", "seq_meth": "454", "file_checksum": "a8ed78851f793d41380609aa6491f802"}, "name": "TLR5KO3", "type": "WGS"}}, "created": "2010-04-08 15:41:55", "mixs_compliant": 1, "project": ["mgp6244", "https://api.mg-rast.org/project/mgp6244"], "md5_checksum": "a8ed78851f793d41380609aa6491f802", "sample": ["mgs138922", "https://api.mg-rast.org/sample/mgs138922"], "library": ["mgl138924", "https://api.mg-rast.org/library/mgl138924"], "project_alpha_diversity": {"min": 289.817944669576, "max": 377.946691310169, "stdv": 27.5564022215991, "avg": 343.089591581615}, "mixs": {"latitude": 42.444015, "country": "USA", "material": "feces", "PI_firstname": "Ruth", "collection_date": "2009-11-16T12:00:00-0500", "project_id": "mgp6244", "seq_method": "454", "sequence_type": "WGS", "project_name": "TLR5KO_454_Metagenome", "location": "Ithaca, NY", "env_package_type": "host-associated", "longitude": -76.501893, "biome": "Temperate grasslands", "PI_lastname": "Ley", "feature": "animal-associated habitat"}, "name": "TLR5KO3"}