{"pipeline_parameters": {"m5rna_annotation_version": "1", "screen_indexes": "h_sapiens", "rna_pid": "97", "filter_ambig": "yes", "file_type": "fna", "filter_ln_mult": "2.0", "prefix_length": "50", "priority": "never", "assembled": "no", "max_ambig": "5", "m5nr_sims_version": "7", "filter_ln": "yes", "fgs_type": "454", "bowtie": "yes", "aa_pid": "90", "m5rna_sims_version": "7", "dereplicate": "yes", "m5nr_annotation_version": "1"}, "project_alpha_diversity": {"stdv": 233.227285865519, "avg": 462.159589296933, "max": 871.556007565905, "min": 154.271793800226}, "pipeline_version": "3.0", "library": ["mgl103948", "https://api.mg-rast.org/library/mgl103948"], "id": "mgm4454699.3", "project": ["mgp1929", "https://api.mg-rast.org/project/mgp1929"], "project_metagenomes": ["4454704.3", "4454702.3", "4454703.3", "4454701.3", "4454700.3", "4454699.3", "4454697.3", "4454698.3", "4454696.3", "4454694.3", "4454695.3", "4454693.3", "4454692.3", "4454691.3", "4454689.3", "4454688.3", "4454687.3", "4454686.3", "4454506.3", "4454505.3", "4454504.3", "4454503.3", "4454502.3", "4454501.3", "4453382.3", "4453381.3", "4453380.3", "4453379.3", "4453376.3", "4453375.3"], "mixs_compliant": 0, "name": "BetaprotPt1", "owner": "mgu9202", "url": "https://api.mg-rast.org/metagenome/mgm4454699.3?verbosity=full", "statistics": {}, "mixs": {"env_package_type": "water", "collection_date": "2010-02-23T08:50:00-0300", "sequence_type": "WGS", "biome": "ocean biome", "PI_lastname": "Thompson", "country": "Brazil", "project_id": "mgp1929", "seq_method": "454", "feature": "ocean", "project_name": "Guanabara Bay Metagenome", "PI_firstname": "Fabiano", "location": "Rio de Janeiro", "longitude": -43.145186, "material": "coastal water", "latitude": -22.923242}, "metadata": {"env_package": {"name": "BetaprotPt1: water", "id": "mge103947", "data": {"env_package": "water", "sample_name": "BetaprotPt1"}, "type": "water"}, "project": {"name": "Guanabara Bay Metagenome", "public": "Guanabara Bay Metagenome", "data": {"organization_country": "Brazil", "PI_email": "fabiano.thompson@biologia.ufrj.br", "PI_lastname": "Thompson", "PI_organization": "Federal University of Rio de Janeiro (UFRJ)", "email": "gustavo_biomed@yahoo.com", "project_funding": "CNPq/CAPES/FAPERJ", "project_description": "Metagenomic snapshots of the Guanabara Bay, Rio de Janeiro, Brazil for the description of the microbial structure in complementation of the ecological survey", "lastname": "Gregoracci", "organization_address": "Rio de Janeiro", "mgrast_id": "mgp1929", "PI_organization_country": "Brazil", "project_name": "Guanabara Bay Metagenome", "PI_firstname": "Fabiano", "organization": "Federal University of Rio de Janeiro (UFRJ)", "PI_organization_address": "Rio de Janeiro", "firstname": "Gustavo"}, "id": "mgp1929"}, "sample": {"id": "mgs103946", "data": {"collection_date": "2010-02-23", "continent": "south america", "misc_param": "subsample from BG Site 1-1 and BG Site 1-2", "biome": "ocean biome", "collection_timezone": "UTC-3", "country": "Brazil", "feature": "ocean", "temperature": 20, "sample_name": "BetaprotPt1", "location": "Rio de Janeiro", "depth": 1, "env_package": "water", "collection_time": "08:50:00", "latitude": -22.923242, "material": "coastal water", "longitude": -43.145186}, "name": "BetaprotPt1"}, "library": {"type": "WGS", "data": {"sample_name": "BetaprotPt1", "investigation_type": "metagenome", "seq_meth": "454", "metagenome_name": "BetaprotPt1", "metagenome_id": "4454699.3", "file_checksum": "512b805de92e86f6210c757b9ea277bb"}, "id": "mgl103948", "name": "BetaprotPt1"}}, "version": 1, "created": "2011-02-13 00:54:16", "sample": ["mgs103946", "https://api.mg-rast.org/sample/mgs103946"], "sequence_type": "WGS", "status": "public", "md5_checksum": "512b805de92e86f6210c757b9ea277bb", "job_id": 14300}