{"owner": "mgu40632", "id": "mgm4463925.3", "project_metagenomes": ["4513635.3", "4513642.3", "4584423.3", "4584424.3", "4461594.3", "4463932.3", "4463930.3", "4468639.3", "4463927.3", "4461593.3", "4463933.3", "4463931.3", "4463928.3", "4463926.3", "4463925.3", "4486661.3", "4486665.3", "4486669.3", "4486662.3", "4486667.3", "4486668.3", "4486664.3", "4486663.3", "4486666.3", "4463929.3"], "version": 1, "status": "public", "project_alpha_diversity": {"max": 1003.45925609468, "stdv": 244.236857959192, "min": 225.128859828708, "avg": 523.207609404706}, "sequence_type": "WGS", "created": "2011-05-19 16:17:36", "statistics": {}, "library": ["mgl389272", "https://api.mg-rast.org/library/mgl389272"], "pipeline_version": "3.0", "md5_checksum": "be45338f4f116fb2e86c6bc874c1bb10", "mixs": {"biome": "oceanic epipelagic zone biome", "feature": "archipelago", "env_package_type": "water", "collection_date": "2010-09-22T16:30:00-0200", "sequence_type": "WGS", "PI_firstname": "Ana Paula", "material": "sea water", "PI_lastname": "B. Moreira", "longitude": -29.3666666666667, "project_name": "The influence of global climatic changes over the vitality of corals from St Peter and St Paul Archipelago", "project_id": "mgp3395", "location": "St Peter and  St Paul Archipelago", "country": "Brazil", "seq_method": "pyrosequencing", "latitude": 0.933333333333333}, "name": "AnaPaula_PE22-3", "project": ["mgp3395", "https://api.mg-rast.org/project/mgp3395"], "url": "https://api.mg-rast.org/metagenome/mgm4463925.3?verbosity=full", "sample": ["mgs389270", "https://api.mg-rast.org/sample/mgs389270"], "job_id": 23522, "metadata": {"project": {"name": "The influence of global climatic changes over the vitality of corals from St Peter and St Paul Archipelago", "id": "mgp3395", "public": "The influence of global climatic changes over the vitality of corals from St Peter and St Paul Archipelago", "data": {"organization_country": "Brazil", "PI_organization": "UFRJ", "PI_organization_country": "Brazil", "project_funding": "CNPq", "PI_organization_address": "Av. Carlos Chagas Fo., 373", "lastname": "Ana Paula", "organization": "UFRJ", "envo_release": "2013-04-27", "PI_firstname": "Ana Paula", "email": "anapaula.biomar.ufrj@gmail.com", "PI_lastname": "B. Moreira", "organization_address": "Av. Carlos Chagas Fo., 373", "project_description": "Sub-project: Coral diseases in St. Peter & St. Paul Archipelago, unraveling the roles of pathogens and vectors", "project_name": "The influence of global climatic changes over the vitality of corals from St Peter and St Paul Archipelago", "firstname": "Ana Paula", "PI_email": "anapaula.biomar.ufrj@gmail.com"}}, "library": {"name": "AnaPaula_PE22-3", "id": "mgl389272", "data": {"seq_meth": "pyrosequencing", "sample_name": "3AnaPaula_PE22", "investigation_type": "metagenome", "metagenome_name": "AnaPaula_PE22-3", "file_name": "AP_PE22-3.fasta", "file_checksum": "be45338f4f116fb2e86c6bc874c1bb10", "metagenome_id": "4463925.3"}, "type": "WGS"}, "sample": {"data": {"biome": "oceanic epipelagic zone biome", "feature": "archipelago", "env_package": "water", "collection_timezone": "UTC-2", "collection_time": "16:30:00", "sample_name": "3AnaPaula_PE22", "collection_date": "2010-09-22", "material": "sea water", "longitude": -29.3666666666667, "location": "St Peter and  St Paul Archipelago", "country": "Brazil", "latitude": 0.933333333333333}, "id": "mgs389270", "name": "3AnaPaula_PE22"}, "env_package": {"name": "3AnaPaula_PE22: water", "id": "mge389271", "type": "water", "data": {"env_package": "water", "sample_name": "3AnaPaula_PE22"}}}, "mixs_compliant": 0, "pipeline_parameters": {"prefix_length": "50", "bowtie": "no", "assembled": "no", "m5rna_sims_version": "7", "rna_pid": "97", "filter_ambig": "yes", "screen_indexes": "h_sapiens_asm", "dereplicate": "yes", "filter_ln_mult": "1.99", "priority": "never", "m5nr_sims_version": "7", "max_ambig": "5", "file_type": "fna", "m5rna_annotation_version": "1", "aa_pid": "90", "filter_ln": "yes", "fgs_type": "454", "m5nr_annotation_version": "1"}}