{"job_id": 38048, "status": "public", "pipeline_parameters": {"prefix_length": "50", "m5nr_sims_version": "7", "max_ambig": "5", "filter_ln_mult": "1.99", "filter_ln": "yes", "m5rna_annotation_version": "1", "filter_ambig": "yes", "assembled": "no", "file_type": "fna", "dereplicate": "yes", "fgs_type": "454", "bowtie": "no", "screen_indexes": "h_sapiens_asm", "rna_pid": "97", "m5nr_annotation_version": "1", "priority": "never", "m5rna_sims_version": "1", "aa_pid": "90"}, "version": 1, "created": "2011-12-07 12:58:03", "id": "mgm4478290.3", "statistics": {}, "project_alpha_diversity": {"min": 539.324720307438, "avg": 641.752377404847, "stdv": 35.0016630073723, "max": 693.056468271845}, "sequence_type": "WGS", "metadata": {"env_package": {"name": "13LM: soil", "id": "mge159773", "data": {"sample_name": "13LM", "env_package": "soil"}, "type": "soil"}, "project": {"public": "Soybean Rhizosphere from Amazon Soils", "data": {"PI_organization_url": "www.cena.usp.br", "PI_organization_address": "Avenida Centen\u00e1rio 303, CEP 13400-970 Piracicaba-SP", "envo_release": "2013-04-27", "PI_firstname": "Lucas William", "project_name": "Soybean Rhizosphere from Amazon Soils", "firstname": "Lucas William", "organization_url": "www.cena.usp.br", "mgrast_id": "mgp7774", "organization_country": "Brazil", "lastname": "Mendes", "email": "lucaswmendes@gmail.com", "organization_address": "Avenida Centenario 303", "project_description": "The selection of the rhizospheric microbial community from the bulk soil reservoir under agricultural management of soybean in Amazon forest soils. [Reference: Mendes LW, Kuramae EE, Navarrete AA, van VEEN JA, Tsai SM. (2014). Taxonomical and functional microbial community selection in soybean rhizosphere. The ISME Journal 8:1577-1587, 2014]", "PI_organization": "Center for Nuclear Energy in Agriculture CENA-USP", "PI_organization_country": "Brazil", "PI_lastname": "Mendes", "PI_email": "lucaswmendes@gmail.com", "project_funding": "FAPESP", "organization": "Center for Nuclear Energy in Agriculture CENA-USP"}, "id": "mgp7774", "name": "Soybean Rhizosphere from Amazon Soils"}, "library": {"type": "WGS", "data": {"seq_meth": "454", "sample_name": "13LM", "metagenome_name": "13LM", "file_checksum": "9ce808a2dc8d8b430ac3d6c0ca192816", "metagenome_id": "4478290.3", "file_name": "2011_12_01_EikoKuramae_13_SFF.sff.fasta", "investigation_type": "metagenome"}, "id": "mgl159774", "name": "13LM"}, "sample": {"name": "13LM", "data": {"country": "Brazil", "collection_date": "2010-11-01", "latitude": -11.6832502, "biome": "Tropical and subtropical moist broadleaf forest biome", "collection_time": "11:40:00", "collection_timezone": "UTC-16", "sample_name": "13LM", "location": "Amazonia", "feature": "agricultural soil", "material": "rhizosphere", "env_package": "soil", "longitude": -55.8357663}, "id": "mgs159772"}}, "owner": "mgu50120", "md5_checksum": "9ce808a2dc8d8b430ac3d6c0ca192816", "project_metagenomes": ["4477751.3", "4477749.3", "4477755.3", "4477757.3", "4478037.3", "4478030.3", "4477790.3", "4477789.3", "4478936.3", "4478934.3", "4478294.3", "4478292.3", "4478291.3", "4478290.3", "4478283.3", "4478222.3", "4478038.3", "4479311.3", "4478943.3", "4478941.3", "4478940.3", "4478939.3", "4478938.3", "4478937.3"], "pipeline_version": "3.0", "name": "13LM", "library": ["mgl159774", "https://api.mg-rast.org/library/mgl159774"], "mixs": {"feature": "agricultural soil", "PI_lastname": "Mendes", "longitude": -55.8357663, "project_id": "mgp7774", "material": "rhizosphere", "location": "Amazonia", "sequence_type": "WGS", "collection_date": "2010-11-01T11:40:00ERROR tz_hour > 12 in (16)", "PI_firstname": "Lucas William", "country": "Brazil", "biome": "Tropical and subtropical moist broadleaf forest biome", "seq_method": "454", "project_name": "Soybean Rhizosphere from Amazon Soils", "latitude": -11.6832502, "env_package_type": "soil"}, "url": "https://api.mg-rast.org/metagenome/mgm4478290.3?verbosity=full", "sample": ["mgs159772", "https://api.mg-rast.org/sample/mgs159772"], "mixs_compliant": 0, "project": ["mgp7774", "https://api.mg-rast.org/project/mgp7774"]}