{"pipeline_version": "3.0", "sample": ["mgs295964", "https://api.mg-rast.org/sample/mgs295964"], "pipeline_parameters": {"filter_ln_mult": "2.0", "rna_pid": "97", "aa_pid": "90", "prefix_length": "50", "m5nr_sims_version": "7", "filter_ambig": "no", "screen_indexes": "h_sapiens_asm", "filter_ln": "yes", "bowtie": "no", "file_type": "fna", "fgs_type": "454", "dereplicate": "no", "max_ambig": "5", "assembled": "no", "priority": "never", "m5rna_annotation_version": "1", "m5rna_sims_version": "7", "m5nr_annotation_version": "1"}, "id": "mgm4470378.3", "job_id": 29975, "created": "2011-08-10 15:17:51", "project_metagenomes": ["4491569.3", "4491397.3", "4491383.3", "4491382.3", "4491237.3", "4470382.3", "4470381.3", "4470378.3", "4470334.3", "4470315.3", "4470255.3", "4470254.3", "4470253.3", "4470010.3", "4470009.3", "4469540.3", "4469539.3", "4469538.3", "4469455.3", "4469454.3", "4469453.3", "4469340.3", "4469339.3", "4469338.3", "4469328.3"], "project": ["mgp11953", "https://api.mg-rast.org/project/mgp11953"], "version": 1, "mixs": {"collection_date": "2009-01-01T12:00:00-1000", "project_id": "mgp11953", "seq_method": "illumina", "material": "soil", "location": "active layer", "latitude": 64.677812, "PI_firstname": "Jenni", "longitude": -157.833252, "country": "USA", "PI_lastname": "Hultman", "feature": "permafrost", "env_package_type": "soil", "sequence_type": "WGS", "biome": "Tundra biome", "project_name": "Permafrost_thaw"}, "statistics": {}, "status": "public", "mixs_compliant": 0, "md5_checksum": "8d379e9aeab866e82c03eb807f872cb1", "name": "A2_DNA_1311.1.1306.ONE", "metadata": {"env_package": {"data": {"sample_name": "A2", "env_package": "soil"}, "id": "mge295965", "name": "A2: soil", "type": "soil"}, "sample": {"id": "mgs295964", "data": {"material": "soil", "collection_time": "12:00:00", "env_package": "soil", "location": "active layer", "collection_date": "2009-01-01", "longitude": -157.833252, "country": "USA", "collection_timezone": "UTC-10", "latitude": 64.677812, "sample_name": "A2", "depth": -0.3, "feature": "permafrost", "biome": "Tundra biome"}, "name": "A2"}, "project": {"id": "mgp11953", "data": {"PI_organization_address": "PO Box 65, 00014 University of Helsinki", "PI_organization_country": "Finland", "mgrast_id": "mgp11953", "PI_organization": "University of Helsinki", "PI_firstname": "Jenni", "PI_lastname": "Hultman", "project_name": "Permafrost_thaw", "PI_email": "jenni.hultman@gmail.com"}, "name": "Permafrost_thaw", "public": "Permafrost_thaw"}, "library": {"type": "WGS", "name": "A2_DNA_1311.1.1306.ONE", "id": "mgl295966", "data": {"sample_name": "A2", "metagenome_name": "A2_DNA_1311.1.1306.ONE", "metagenome_id": "4470378.3", "file_checksum": "8d379e9aeab866e82c03eb807f872cb1", "seq_meth": "illumina", "investigation_type": "metagenome", "file_name": "1311.1.1306.one.fasta"}}}, "project_alpha_diversity": {"max": 1149.14473948877, "min": 254.546180883004, "avg": 927.508742795344, "stdv": 205.198938795964}, "url": "https://api.mg-rast.org/metagenome/mgm4470378.3?verbosity=full", "owner": "mgu12752", "library": ["mgl295966", "https://api.mg-rast.org/library/mgl295966"], "sequence_type": "WGS"}