{"library": ["mgl303530", "https://api.mg-rast.org/library/mgl303530"], "project_metagenomes": ["4506568.3", "4506805.3", "4476434.3", "4476436.3", "4476439.3", "4476440.3"], "mixs_compliant": 1, "status": "public", "project": ["mgp1236", "https://api.mg-rast.org/project/mgp1236"], "project_alpha_diversity": {"stdv": 367.701330788241, "max": 1162.42693684871, "avg": 700.126184534042, "min": 191.293319005945}, "owner": "mgu44792", "created": "2011-11-03 12:44:21", "mixs": {"location": "ASPSP", "country": "Brazil", "PI_firstname": "Fabiano", "project_id": "mgp1236", "biome": "marine sponge reef biome", "project_name": "Sponge metagenome", "feature": "organism-associated habitat", "longitude": -116.24135, "seq_method": "454", "env_package_type": "host-associated", "latitude": 43.6387194, "collection_date": "2011-06-01T10:00:00-0200", "material": "organic material", "PI_lastname": "Thompson", "sequence_type": "WGS"}, "pipeline_version": "3.0", "metadata": {"sample": {"data": {"location": "ASPSP", "country": "Brazil", "collection_timezone": "UTC-2", "biome": "marine sponge reef biome", "sample_name": "4476434.3", "feature": "organism-associated habitat", "continent": "south america", "longitude": -116.24135, "env_package": "host-associated", "collection_date": "2011-06-01", "latitude": 43.6387194, "material": "organic material", "collection_time": "10:00:00"}, "name": "4476434.3", "id": "mgs303528"}, "library": {"id": "mgl303530", "type": "WGS", "name": "DO A ", "data": {"metagenome_id": "4476434.3", "seq_meth": "454", "file_checksum": "533f78a369f112659efc4984316d9419", "file_name": "brazilA28.RL9.fasta", "metagenome_name": "DO A", "investigation_type": "metagenome", "sample_name": "4476434.3"}}, "env_package": {"name": "4476434.3: host-associated", "data": {"env_package": "host-associated", "host_common_name": "sponge", "sample_name": "4476434.3", "host_taxid": "Didiscus oxeata"}, "type": "host-associated", "id": "mge303529"}, "project": {"public": "Sponge metagenome", "name": "Sponge metagenome", "data": {"PI_organization_country": "Brazil", "project_name": "Sponge metagenome", "PI_organization_address": "Rio de Janeiro", "PI_lastname": "Thompson", "PI_email": "fabiano.thompson@biologia.ufrj.br", "PI_organization": "UFRJ", "PI_firstname": "Fabiano", "mgrast_id": "mgp1236"}, "id": "mgp1236"}}, "name": "DO A", "sample": ["mgs303528", "https://api.mg-rast.org/sample/mgs303528"], "url": "https://api.mg-rast.org/metagenome/mgm4476434.3?verbosity=full", "job_id": 36031, "id": "mgm4476434.3", "statistics": {}, "pipeline_parameters": {"file_type": "fna", "rna_pid": "97", "m5rna_annotation_version": "1", "priority": "never", "m5rna_sims_version": "1", "fgs_type": "454", "bowtie": "no", "dereplicate": "yes", "filter_ambig": "yes", "m5nr_annotation_version": "1", "m5nr_sims_version": "7", "assembled": "no", "aa_pid": "90", "filter_ln_mult": "-1.75", "max_ambig": "5", "filter_ln": "no", "prefix_length": "50", "screen_indexes": "h_sapiens_asm"}, "version": 1, "md5_checksum": "533f78a369f112659efc4984316d9419", "sequence_type": "WGS"}