{"project_alpha_diversity": {"avg": 575.885108723992, "min": 518.73142641413, "stdv": 57.153682309862, "max": 633.038791033854}, "created": "2012-02-01 01:28:45", "library": ["mgl189224", "https://api.mg-rast.org/library/mgl189224"], "metadata": {"sample": {"id": "mgs189222", "data": {"collection_timezone": "UTC-7", "material": "sea water", "country": "Pacific Ocean", "location": "Juan de Fuca Ridge", "sample_name": "HulkCellularMetagenome", "samp_collect_device": "Steripak filtration", "collection_date": "2009-06-16", "longitude": -129.0968333, "collection_time": "21:15:00", "latitude": 47.95, "feature": "marine hydrothermal vent", "env_package": "water", "depth": 2198, "continent": "north america", "biome": "marine black smoker biome", "temperature": 122}, "name": "HulkCellularMetagenome"}, "library": {"type": "WGS", "id": "mgl189224", "name": "HulkCellularMetagenome", "data": {"investigation_type": "metagenome", "seq_center": "Marine Biological Laboratory", "seq_meth": "454", "file_checksum": "a3f19d87899b9756b3a1a15e017dad32", "sample_name": "HulkCellularMetagenome", "metagenome_id": "4481541.3", "file_name": "hulk_cell_metagenome_tagscleaned.fasta", "metagenome_name": "HulkCellularMetagenome"}}, "env_package": {"data": {"env_package": "water", "sample_name": "HulkCellularMetagenome"}, "name": "HulkCellularMetagenome: water", "id": "mge189223", "type": "water"}, "project": {"id": "mgp7207", "name": "Hulk hydrothermal vent", "data": {"PI_firstname": "John", "PI_lastname": "Baross", "PI_organization_address": "Box 357940 School of Oceanography Seattle WA 98195", "project_name": "HulkHydrothermalVent", "PI_organization": "University of Washington", "PI_email": "jbaross@u.washington.edu", "project_funding": "Gordon and Betty Moore Foundation (virome), NASA Astrobiology Institute (cellular metagenome)", "PI_organization_country": "USA"}, "public": "Hulk hydrothermal vent"}}, "mixs_compliant": 0, "sample": ["mgs189222", "https://api.mg-rast.org/sample/mgs189222"], "version": 1, "url": "https://api.mg-rast.org/metagenome/mgm4481541.3?verbosity=full", "pipeline_version": "3.0", "project_metagenomes": ["4469452.3", "4481541.3"], "md5_checksum": "a3f19d87899b9756b3a1a15e017dad32", "status": "public", "sequence_type": "WGS", "statistics": {}, "project": ["mgp7207", "https://api.mg-rast.org/project/mgp7207"], "owner": "mgu20752", "pipeline_parameters": {"rna_pid": "97", "m5rna_annotation_version": "1", "fgs_type": "454", "m5nr_sims_version": "7", "file_type": "fna", "prefix_length": "50", "filter_ln": "yes", "m5rna_sims_version": "7", "aa_pid": "90", "bowtie": "no", "priority": "never", "screen_indexes": "h_sapiens_asm", "filter_ambig": "yes", "filter_ln_mult": "2.00", "dereplicate": "yes", "assembled": "no", "max_ambig": "5", "m5nr_annotation_version": "1"}, "mixs": {"env_package_type": "water", "latitude": 47.95, "project_name": "Hulk hydrothermal vent", "feature": "marine hydrothermal vent", "biome": "marine black smoker biome", "seq_method": "454", "PI_firstname": "John", "material": "sea water", "PI_lastname": "Baross", "sequence_type": "WGS", "country": "Pacific Ocean", "location": "Juan de Fuca Ridge", "project_id": "mgp7207", "longitude": -129.0968333, "collection_date": "2009-06-16T21:15:00-0700"}, "id": "mgm4481541.3", "name": "HulkCellularMetagenome", "job_id": 43015}