{"version": 1, "sample": ["mgs389267", "https://api.mg-rast.org/sample/mgs389267"], "md5_checksum": "cadf651580082806921243a2db8dcabb", "project_metagenomes": ["4513635.3", "4513642.3", "4584423.3", "4584424.3", "4461594.3", "4463932.3", "4463930.3", "4468639.3", "4463927.3", "4461593.3", "4463933.3", "4463931.3", "4463928.3", "4463926.3", "4463925.3", "4486661.3", "4486665.3", "4486669.3", "4486662.3", "4486667.3", "4486668.3", "4486664.3", "4486663.3", "4486666.3", "4463929.3"], "library": ["mgl389269", "https://api.mg-rast.org/library/mgl389269"], "owner": "mgu40632", "name": "AnaPaula_PE22-2", "pipeline_parameters": {"m5nr_sims_version": "7", "aa_pid": "90", "rna_pid": "97", "prefix_length": "50", "fgs_type": "454", "screen_indexes": "h_sapiens_asm", "max_ambig": "5", "priority": "never", "assembled": "no", "m5nr_annotation_version": "1", "file_type": "fna", "filter_ambig": "yes", "m5rna_annotation_version": "1", "filter_ln": "yes", "dereplicate": "yes", "m5rna_sims_version": "7", "filter_ln_mult": "2.00", "bowtie": "no"}, "url": "https://api.mg-rast.org/metagenome/mgm4463926.3?verbosity=full", "pipeline_version": "3.0", "sequence_type": "WGS", "mixs": {"project_name": "The influence of global climatic changes over the vitality of corals from St Peter and St Paul Archipelago", "PI_firstname": "Ana Paula", "seq_method": "pyrosequencing", "project_id": "mgp3395", "sequence_type": "WGS", "location": "St Peter and  St Paul Archipelago", "material": "sea water", "latitude": 0.933333333333333, "feature": "archipelago", "country": "Brazil", "PI_lastname": "B. Moreira", "env_package_type": "water", "biome": "oceanic epipelagic zone biome", "longitude": -29.3666666666667, "collection_date": "2010-09-22T16:30:00-0200"}, "statistics": {}, "status": "public", "created": "2011-05-19 16:17:36", "project_alpha_diversity": {"stdv": 244.236857959192, "avg": 523.207609404706, "max": 1003.45925609468, "min": 225.128859828708}, "id": "mgm4463926.3", "project": ["mgp3395", "https://api.mg-rast.org/project/mgp3395"], "mixs_compliant": 0, "metadata": {"project": {"data": {"lastname": "Ana Paula", "firstname": "Ana Paula", "PI_lastname": "B. Moreira", "PI_organization_address": "Av. Carlos Chagas Fo., 373", "organization": "UFRJ", "organization_country": "Brazil", "project_description": "Sub-project: Coral diseases in St. Peter & St. Paul Archipelago, unraveling the roles of pathogens and vectors", "project_name": "The influence of global climatic changes over the vitality of corals from St Peter and St Paul Archipelago", "PI_firstname": "Ana Paula", "envo_release": "2013-04-27", "PI_organization_country": "Brazil", "project_funding": "CNPq", "PI_email": "anapaula.biomar.ufrj@gmail.com", "email": "anapaula.biomar.ufrj@gmail.com", "organization_address": "Av. Carlos Chagas Fo., 373", "PI_organization": "UFRJ"}, "public": "The influence of global climatic changes over the vitality of corals from St Peter and St Paul Archipelago", "name": "The influence of global climatic changes over the vitality of corals from St Peter and St Paul Archipelago", "id": "mgp3395"}, "sample": {"name": "2AnaPaula_PE22", "id": "mgs389267", "data": {"material": "sea water", "latitude": 0.933333333333333, "sample_name": "2AnaPaula_PE22", "country": "Brazil", "feature": "archipelago", "env_package": "water", "location": "St Peter and  St Paul Archipelago", "collection_timezone": "UTC-2", "collection_date": "2010-09-22", "collection_time": "16:30:00", "biome": "oceanic epipelagic zone biome", "longitude": -29.3666666666667}}, "library": {"name": "AnaPaula_PE22-2", "type": "WGS", "id": "mgl389269", "data": {"file_checksum": "cadf651580082806921243a2db8dcabb", "metagenome_name": "AnaPaula_PE22-2", "metagenome_id": "4463926.3", "file_name": "AP_PE22-2.fasta", "seq_meth": "pyrosequencing", "investigation_type": "metagenome", "sample_name": "2AnaPaula_PE22"}}, "env_package": {"data": {"env_package": "water", "sample_name": "2AnaPaula_PE22"}, "name": "2AnaPaula_PE22: water", "type": "water", "id": "mge389268"}}, "job_id": 23523}