{"project_metagenomes": ["4477751.3", "4477749.3", "4477755.3", "4477757.3", "4478037.3", "4478030.3", "4477790.3", "4477789.3", "4478936.3", "4478934.3", "4478294.3", "4478292.3", "4478291.3", "4478290.3", "4478283.3", "4478222.3", "4478038.3", "4479311.3", "4478943.3", "4478941.3", "4478940.3", "4478939.3", "4478938.3", "4478937.3"], "created": "2011-12-07 12:33:26", "statistics": {}, "name": "12LM", "md5_checksum": "4edac67be7f57844ce0cae1c60168e49", "project": ["mgp7774", "https://api.mg-rast.org/project/mgp7774"], "status": "public", "owner": "mgu50120", "sequence_type": "WGS", "mixs_compliant": 0, "id": "mgm4478283.3", "url": "https://api.mg-rast.org/metagenome/mgm4478283.3?verbosity=full", "metadata": {"project": {"id": "mgp7774", "name": "Soybean Rhizosphere from Amazon Soils", "data": {"organization_address": "Avenida Centenario 303", "organization": "Center for Nuclear Energy in Agriculture CENA-USP", "PI_organization_url": "www.cena.usp.br", "PI_organization": "Center for Nuclear Energy in Agriculture CENA-USP", "PI_organization_country": "Brazil", "project_funding": "FAPESP", "PI_organization_address": "Avenida Centen\u00e1rio 303, CEP 13400-970 Piracicaba-SP", "mgrast_id": "mgp7774", "project_name": "Soybean Rhizosphere from Amazon Soils", "lastname": "Mendes", "PI_email": "lucaswmendes@gmail.com", "project_description": "The selection of the rhizospheric microbial community from the bulk soil reservoir under agricultural management of soybean in Amazon forest soils. [Reference: Mendes LW, Kuramae EE, Navarrete AA, van VEEN JA, Tsai SM. (2014). Taxonomical and functional microbial community selection in soybean rhizosphere. The ISME Journal 8:1577-1587, 2014]", "email": "lucaswmendes@gmail.com", "envo_release": "2013-04-27", "organization_country": "Brazil", "PI_firstname": "Lucas William", "firstname": "Lucas William", "PI_lastname": "Mendes", "organization_url": "www.cena.usp.br"}, "public": "Soybean Rhizosphere from Amazon Soils"}, "env_package": {"data": {"sample_name": "12LM", "env_package": "soil"}, "name": "12LM: soil", "id": "mge159770", "type": "soil"}, "sample": {"data": {"biome": "Tropical and subtropical moist broadleaf forest biome", "env_package": "soil", "latitude": -11.7412664, "country": "Brazil", "longitude": -56.2533385, "sample_name": "12LM", "material": "bulk soil", "feature": "agricultural soil", "collection_time": "11:50:00", "collection_timezone": "UTC-15", "location": "Amazonia", "collection_date": "2009-10-28"}, "name": "12LM", "id": "mgs159769"}, "library": {"type": "WGS", "id": "mgl159771", "data": {"metagenome_name": "12LM", "metagenome_id": "4478283.3", "sample_name": "12LM", "file_checksum": "4edac67be7f57844ce0cae1c60168e49", "seq_meth": "454", "investigation_type": "metagenome", "file_name": "2011_12_01_EikoKuramae_12_SFF.sff.fasta"}, "name": "12LM"}}, "job_id": 38038, "project_alpha_diversity": {"max": 693.056468271845, "min": 539.324720307438, "avg": 641.752377404847, "stdv": 35.0016630073723}, "pipeline_version": "3.0", "mixs": {"biome": "Tropical and subtropical moist broadleaf forest biome", "PI_firstname": "Lucas William", "sequence_type": "WGS", "PI_lastname": "Mendes", "feature": "agricultural soil", "project_id": "mgp7774", "location": "Amazonia", "env_package_type": "soil", "country": "Brazil", "latitude": -11.7412664, "longitude": -56.2533385, "material": "bulk soil", "project_name": "Soybean Rhizosphere from Amazon Soils", "seq_method": "454", "collection_date": "2009-10-28T11:50:00ERROR tz_hour > 12 in (15)"}, "sample": ["mgs159769", "https://api.mg-rast.org/sample/mgs159769"], "library": ["mgl159771", "https://api.mg-rast.org/library/mgl159771"], "version": 1, "pipeline_parameters": {"prefix_length": "50", "max_ambig": "5", "filter_ln": "yes", "rna_pid": "97", "priority": "never", "fgs_type": "454", "bowtie": "no", "dereplicate": "yes", "m5rna_sims_version": "1", "filter_ln_mult": "1.99", "file_type": "fna", "assembled": "no", "filter_ambig": "yes", "screen_indexes": "h_sapiens_asm", "m5rna_annotation_version": "1", "m5nr_sims_version": "7", "aa_pid": "90", "m5nr_annotation_version": "1"}}