{"pipeline_version": "3.0", "library": ["mgl303536", "https://api.mg-rast.org/library/mgl303536"], "project_alpha_diversity": {"avg": 700.126184534042, "max": 1162.42693684871, "min": 191.293319005945, "stdv": 367.701330788241}, "statistics": {}, "url": "https://api.mg-rast.org/metagenome/mgm4476439.3?verbosity=full", "project": ["mgp1236", "https://api.mg-rast.org/project/mgp1236"], "status": "public", "metadata": {"library": {"type": "WGS", "id": "mgl303536", "name": "SR A", "data": {"investigation_type": "metagenome", "sample_name": "4476439.3", "file_checksum": "ab51e77047a71384ad095aec27bd3f01", "file_name": "brazilA28.RL11.fasta", "metagenome_name": "SR A", "metagenome_id": "4476439.3", "seq_meth": "454"}}, "env_package": {"id": "mge303535", "type": "host-associated", "name": "4476439.3: host-associated", "data": {"env_package": "host-associated", "host_common_name": "sponge", "host_taxid": "Scopalina ruetzleri", "sample_name": "4476439.3"}}, "project": {"id": "mgp1236", "name": "Sponge metagenome", "public": "Sponge metagenome", "data": {"mgrast_id": "mgp1236", "PI_email": "fabiano.thompson@biologia.ufrj.br", "PI_firstname": "Fabiano", "PI_organization_address": "Rio de Janeiro", "PI_organization": "UFRJ", "PI_organization_country": "Brazil", "project_name": "Sponge metagenome", "PI_lastname": "Thompson"}}, "sample": {"data": {"longitude": -116.24135, "env_package": "host-associated", "collection_time": "10:00:00", "location": "ASPSP", "biome": "marine sponge reef biome", "material": "organic material", "feature": "organism-associated habitat", "sample_name": "4476439.3", "country": "Brazil", "latitude": 43.6387194, "collection_timezone": "UTC-2", "collection_date": "2011-06-01", "continent": "south america"}, "name": "4476439.3", "id": "mgs303534"}}, "created": "2011-11-03 12:47:55", "name": "SR A", "sample": ["mgs303534", "https://api.mg-rast.org/sample/mgs303534"], "version": 1, "owner": "mgu44792", "project_metagenomes": ["4506568.3", "4506805.3", "4476434.3", "4476436.3", "4476439.3", "4476440.3"], "mixs": {"project_id": "mgp1236", "PI_firstname": "Fabiano", "collection_date": "2011-06-01T10:00:00-0200", "latitude": 43.6387194, "project_name": "Sponge metagenome", "PI_lastname": "Thompson", "country": "Brazil", "feature": "organism-associated habitat", "seq_method": "454", "material": "organic material", "location": "ASPSP", "biome": "marine sponge reef biome", "sequence_type": "WGS", "longitude": -116.24135, "env_package_type": "host-associated"}, "sequence_type": "WGS", "pipeline_parameters": {"m5nr_annotation_version": "1", "assembled": "no", "m5rna_annotation_version": "1", "filter_ln": "no", "m5rna_sims_version": "1", "bowtie": "no", "rna_pid": "97", "file_type": "fna", "filter_ambig": "yes", "priority": "never", "m5nr_sims_version": "7", "fgs_type": "454", "prefix_length": "50", "aa_pid": "90", "filter_ln_mult": "-2.02", "dereplicate": "yes", "max_ambig": "5", "screen_indexes": "h_sapiens_asm"}, "md5_checksum": "ab51e77047a71384ad095aec27bd3f01", "mixs_compliant": 1, "job_id": 36036, "id": "mgm4476439.3"}