{"mixs": {"biome": "Deserts and xeric shrubland biome", "seq_method": "illumina", "env_package_type": "soil", "PI_lastname": "Fierer", "project_id": "mgp2997", "latitude": -77.608, "PI_firstname": "Noah", "project_name": "cross-site soil metagen", "location": "Lake Fryxell Valley, Antarctica", "feature": "slope", "longitude": 163.249, "country": "USA", "collection_date": "2010-01-10T12:00:00-0700", "material": "bulk soil", "sequence_type": "WGS"}, "job_id": 37499, "pipeline_parameters": {"m5nr_sims_version": "7", "m5rna_annotation_version": "1", "aa_pid": "90", "m5rna_sims_version": "1", "rna_pid": "97", "fgs_type": "454", "dereplicate": "yes", "m5nr_annotation_version": "1", "screen_indexes": "h_sapiens_asm", "assembled": "no", "min_qual": "15", "file_type": "fastq", "priority": "never", "prefix_length": "50", "max_lqb": "5", "bowtie": "no", "dynamic_trim": "no"}, "sample": ["mgs92776", "https://api.mg-rast.org/sample/mgs92776"], "status": "public", "statistics": {}, "project_metagenomes": ["4477904.3", "4477903.3", "4477902.3", "4477901.3", "4477900.3", "4477899.3", "4477877.3", "4477876.3", "4477875.3", "4477874.3", "4477873.3", "4477872.3", "4477807.3", "4477805.3", "4477804.3", "4477803.3"], "metadata": {"env_package": {"name": "EB020_r1: soil", "data": {"env_package": "soil", "sample_name": "EB020_r1"}, "type": "soil", "id": "mge92777"}, "project": {"name": "cross-site soil metagen", "public": "cross-site soil metagen", "data": {"PI_organization_address": "CIRES, UCB 216 Boulder CO 80309", "project_name": "cross-site soil metagen", "mgrast_id": "mgp2997", "PI_email": "noah.fierer@colorado.edu", "PI_firstname": "Noah", "PI_lastname": "Fierer", "PI_organization_country": "USA", "PI_organization": "University of Colorado"}, "id": "mgp2997"}, "sample": {"id": "mgs92776", "data": {"location": "Lake Fryxell Valley, Antarctica", "feature": "slope", "collection_date": "2010-01-10", "longitude": 163.249, "country": "USA", "env_package": "soil", "sample_name": "EB020", "material": "bulk soil", "biome": "Deserts and xeric shrubland biome", "collection_timezone": "UTC-7", "collection_time": "12:00:00", "latitude": -77.608}, "name": "EB020"}, "library": {"type": "WGS", "id": "mgl92778", "name": "EB020_r1", "data": {"metagenome_id": "4477902.3", "file_name": "Noah7_110721_HWI-EAS137R_0379_s_6_1_sequence.fastq.fasta", "sample_name": "EB020_r1", "metagenome_name": "EB020_r1", "seq_meth": "illumina", "investigation_type": "metagenome", "file_checksum": "1a144caa41c9dcca811363312a15b794"}}}, "url": "https://api.mg-rast.org/metagenome/mgm4477902.3?verbosity=full", "library": ["mgl92778", "https://api.mg-rast.org/library/mgl92778"], "version": 1, "created": "2011-11-26 16:09:17", "pipeline_version": "3.0", "project_alpha_diversity": {"stdv": 84.9436421028179, "avg": 867.144394137914, "max": 1104.69554506166, "min": 672.396823416176}, "md5_checksum": "1a144caa41c9dcca811363312a15b794", "owner": "mgu29672", "project": ["mgp2997", "https://api.mg-rast.org/project/mgp2997"], "name": "EB020_r1", "sequence_type": "WGS", "mixs_compliant": 0, "id": "mgm4477902.3"}