{"md5_checksum": "b064baea6c378526f52719f29df8c767", "mixs": {"project_name": "Chula Vista, CA Solar Saltern Study", "sequence_type": "WGS", "env_package_type": "water", "material": "saline water", "PI_lastname": "Rodriguez-Brito", "location": "Chula Vista, CA", "biome": "marine biome", "feature": "saline evaporation pond", "collection_date": "2004-07-01T00:00:00Z", "PI_firstname": "Beltran", "country": "United States of America", "seq_method": "454", "longitude": -117.1072, "latitude": 32.6, "project_id": "mgp11"}, "status": "public", "owner": "mgu163", "mixs_compliant": 0, "pipeline_version": "3.0", "statistics": {}, "created": "2007-12-24 01:30:38", "url": "https://api.mg-rast.org/metagenome/mgm4440437.3?verbosity=full", "sample": ["mgs69191", "https://api.mg-rast.org/sample/mgs69191"], "project_alpha_diversity": {"stdv": 214.92260101415, "avg": 287.597157489909, "min": 25.0416487709006, "max": 769.523606831403}, "name": "LowSalternSDbayMic200407", "version": 1, "sequence_type": "WGS", "project_metagenomes": ["4440435.3", "4440426.3", "4440437.3", "4440427.3", "4440144.4", "4440145.4", "4440433.3", "4440419.3", "4440416.3", "4440425.3", "4440431.3", "4440417.3", "4440432.3", "4440434.3", "4440436.3", "4440421.3", "4440428.3", "4440324.3", "4440325.3", "4440420.3", "4440430.3", "4440429.3", "4440438.3", "4440090.3"], "library": ["mgl69193", "https://api.mg-rast.org/library/mgl69193"], "id": "mgm4440437.3", "job_id": 334, "pipeline_parameters": {"m5rna_sims_version": "7", "m5nr_annotation_version": "1", "fgs_type": "454", "assembled": "no", "filter_ambig": "yes", "file_type": "fna", "max_ambig": "5", "screen_indexes": "h_sapiens", "filter_ln_mult": "2.0", "m5nr_sims_version": "7", "prefix_length": "50", "bowtie": "yes", "m5rna_annotation_version": "1", "aa_pid": "90", "filter_ln": "yes", "rna_pid": "97", "priority": "never", "dereplicate": "yes"}, "metadata": {"project": {"name": "Chula Vista, CA Solar Saltern Study", "data": {"project_name": "Chula Vista, CA Solar Saltern Study", "PI_organization_country": "USA", "project_description": "Water samples from the solar saltern of South Bay Salt Works (Chula Vista, CA, USA) were collected from three ponds with different salinities: low (6-8%), medium (12-14%), and high (27-30%). In this study, we used metagenomics to monitor the viral and microbial communities in this and 3 other distinctive, stable, human-controlled aquatic environments over time. The study environments included a freshwater aquaculture system and three solar saltern environments of differing salinity. Populations within the communities were monitored at both the coarse-grained level of species and the fine-grained level of strains. On the basis of our results, we propose a model for these stable aquatic environments that is consistent with a Kill-the-Winner cycling of predator and prey populations and in which sensitive microbial strains are killed off by viral predators and are replaced by phage-resistant strains of the same species.", "PI_organization_address": "San Diego, CA", "PI_organization_url": "www.csrc.sdsu.edu/", "PI_lastname": "Rodriguez-Brito", "ncbi_id": "28377, 28725", "PI_organization": "Computational Science Research Center, San Diego State University", "PI_firstname": "Beltran", "PI_email": "beltran.rodriguezbrito@gmail.com", "project_funding": "NSF, Gordon and Betty Moore Foundation, ARCS Fellowship, NSF Postdoctoral Fellowship #DBI-0511948, ATP/Kent Sea Tech and EMBO ASTF366-2007 short-term fellowship."}, "id": "mgp11", "public": "Chula Vista, CA Solar Saltern Study"}, "env_package": {"name": "LowSalternSDbayMic200407: water", "data": {"sample_name": "LowSalternSDbayMic200407", "biomass": "8.35E6 cells/ml", "salinity": "6-8%", "env_package": "water"}, "type": "water", "id": "mge69192"}, "sample": {"data": {"material": "saline water", "location": "Chula Vista, CA", "isol_growth_condt": "20147985", "biome": "marine biome", "collection_date": "2004-07-01", "env_package": "water", "collection_time": "00:00:00", "feature": "saline evaporation pond", "continent": "north america", "collection_timezone": "UTC", "longitude": -117.1072, "country": "United States of America", "sample_name": "LowSalternSDbayMic200407", "misc_param": "salinity: 6-8 ; Percent", "latitude": 32.6, "samp_collect_device": "Water samples from the solar saltern of South Bay Salt Works (Chula Vista, CA, USA) were collected from three ponds with different salinities: low (6-8%), medium (12-14%), and high (27-30%). Salinity was measured with a hand refractometer. The time between samplings ranged from 1 day to ~1.33 years (Table 1)."}, "name": "LowSalternSDbayMic200407", "id": "mgs69191"}, "library": {"data": {"seq_center": "454 Life Sciences, Inc, Branford, CT", "file_checksum": "b064baea6c378526f52719f29df8c767", "investigation_type": "metagenome", "lib_size_mean": 93.3, "pubmed_id": "18337718, 20147985", "gold_id": "Gm00134", "metagenome_name": "LowSalternSDbayMic200407", "misc_param": "sequences_sequences_filtered: Removed redundant contigs", "metagenome_id": "4440437.3", "seq_meth": "454", "sample_name": "LowSalternSDbayMic200407", "file_name": "LowSalternSDbayMic200407.fna"}, "name": "LowSalternSDbayMic200407", "id": "mgl69193", "type": "WGS"}}, "project": ["mgp11", "https://api.mg-rast.org/project/mgp11"]}