{"url": "https://api.mg-rast.org/metagenome/mgm4442652.3?verbosity=full", "project": ["mgp16895", "https://api.mg-rast.org/project/mgp16895"], "owner": "mgu9", "md5_checksum": "f6126c462fb44ccdafbb39883ef45fd1", "id": "mgm4442652.3", "sequence_type": "WGS", "created": "2009-03-01 23:50:15", "project_metagenomes": ["4466813.3", "4466742.3", "4466740.3", "4466841.3", "4449259.3", "4449268.3", "4442653.3", "4442652.3", "4442643.3"], "metadata": {"library": {"name": "King7LIMic20070821", "id": "mgl470605", "data": {"metagenome_name": "King7LIMic20070821", "sample_name": "King7", "seq_center": "SDSU", "metagenome_id": "4442652.3", "investigation_type": "metagenome", "file_checksum": "f6126c462fb44ccdafbb39883ef45fd1", "seq_quality_check": "Prinseq", "seq_meth": "454", "seq_chem": "Titanium"}, "type": "WGS"}, "project": {"data": {"PI_organization_address": "LS301 Biology Department, San Diego State University, 5500 Campanile Drive, San Diego, CA 92182", "PI_firstname": "Forest", "organization_country": "USA", "email": "lwegley@gmail.com", "PI_organization": "San Diego State University", "PI_email": "frohwer@gmail.com", "organization": "San Diego State University", "organization_url": "coralandphage.org", "envo_release": "2013-04-27", "organization_address": "LS301 Biology Department, San Diego State University, 5500 Campanile Drive, San Diego, CA 92182", "project_name": "Global Microbialization on Reefs", "firstname": "Linda", "project_funding": "NSF", "lastname": "Kelly", "PI_organization_country": "USA", "project_description": "Metagenomes from watercolumn above coral reefs", "PI_lastname": "Rohwer", "PI_organization_url": "coralandphage.org"}, "public": "Global Microbialization On Reefs", "name": "Global Microbialization On Reefs", "id": "mgp16895"}, "sample": {"data": {"sample_name": "King7", "feature": "coral reef", "country": "USA", "depth": 10, "env_package": "water", "material": "water", "collection_date": "2007-08-20", "latitude": 6.3878, "sample_id": "4442652.3", "longitude": -162.3472, "collection_time": "10:00:00", "biome": "coral reef", "collection_timezone": "UTC-10", "location": "Pacific Ocean"}, "id": "mgs470603", "name": "King7"}, "env_package": {"data": {"env_package": "water", "sample_name": "King7"}, "type": "water", "name": "King7: water", "id": "mge470604"}}, "library": ["mgl470605", "https://api.mg-rast.org/library/mgl470605"], "mixs": {"PI_firstname": "Forest", "seq_method": "454", "biome": "coral reef", "location": "Pacific Ocean", "feature": "coral reef", "country": "USA", "PI_lastname": "Rohwer", "project_id": "mgp16895", "material": "water", "sequence_type": "WGS", "env_package_type": "water", "latitude": 6.3878, "collection_date": "2007-08-20T10:00:00-1000", "longitude": -162.3472, "project_name": "Global Microbialization On Reefs"}, "status": "public", "version": 1, "project_alpha_diversity": {"avg": 356.001397593201, "min": 104.599259832891, "stdv": 149.40546087881, "max": 536.002088402223}, "sample": ["mgs470603", "https://api.mg-rast.org/sample/mgs470603"], "job_id": 2579, "pipeline_parameters": {"screen_indexes": "h_sapiens", "prefix_length": "50", "rna_pid": "97", "filter_ln_mult": "2.0", "max_ambig": "5", "file_type": "fna", "bowtie": "yes", "filter_ambig": "yes", "filter_ln": "yes", "priority": "never", "m5nr_annotation_version": "1", "assembled": "no", "m5nr_sims_version": "7", "fgs_type": "454", "m5rna_sims_version": "7", "aa_pid": "90", "dereplicate": "yes", "m5rna_annotation_version": "1"}, "statistics": {}, "mixs_compliant": 0, "pipeline_version": "3.0", "name": "King7LIMic20070821"}