{"owner": "mgu38692", "library": ["mgl264175", "https://api.mg-rast.org/library/mgl264175"], "version": 1, "statistics": {}, "metadata": {"library": {"type": "WGS", "data": {"sample_name": "251", "file_name": "251extracted_clusters_unique.fa", "file_checksum": "a3df60985a36f7f2c07d2f73ec9a580c", "metagenome_name": "251", "metagenome_id": "4485397.3", "investigation_type": "metagenome", "seq_meth": "454"}, "id": "mgl264175", "name": "251"}, "env_package": {"id": "mge264174", "data": {"sample_name": "251", "env_package": "soil"}, "name": "251: soil", "type": "soil"}, "project": {"name": "Impact of long term fertilization", "data": {"PI_firstname": "Eiko", "PI_organization_address": "Droevendaalsesteeg 10, 6708 PB Wageningen NL", "project_name": "Impact of long term fertilization", "PI_organization_country": "Netherlands", "PI_organization": "NIOO", "PI_lastname": "Kuramae", "PI_email": "E.Kuramae@nioo.knaw.nl"}, "id": "mgp1008", "public": "Impact of long term fertilization"}, "sample": {"data": {"collection_date": "2011-09-20", "sample_name": "251", "longitude": 5.64, "feature": "grassland", "collection_timezone": "UTC-1", "location": "Wageningen", "country": "Netherlands", "material": "soil", "env_package": "soil", "collection_time": "13:00:00", "biome": "terrestrial biome", "latitude": 51.97, "sample_id": "4485397.3"}, "id": "mgs264173", "name": "251"}}, "created": "2012-03-06 15:02:49", "project_metagenomes": ["4485403.3", "4485402.3", "4485401.3", "4485400.3", "4485399.3", "4485398.3", "4485397.3", "4485396.3", "4485395.3", "4485394.3", "4485393.3", "4485392.3", "4485391.3", "4485390.3", "4485389.3"], "url": "https://api.mg-rast.org/metagenome/mgm4485397.3?verbosity=full", "job_id": 46939, "pipeline_version": "3.0", "name": "251", "mixs": {"sequence_type": "WGS", "env_package_type": "soil", "country": "Netherlands", "project_name": "Impact of long term fertilization", "location": "Wageningen", "collection_date": "2011-09-20T13:00:00-0100", "feature": "grassland", "PI_lastname": "Kuramae", "project_id": "mgp1008", "longitude": 5.64, "PI_firstname": "Eiko", "biome": "terrestrial biome", "latitude": 51.97, "material": "soil", "seq_method": "454"}, "status": "public", "project": ["mgp1008", "https://api.mg-rast.org/project/mgp1008"], "project_alpha_diversity": {"max": 730.214632072954, "avg": 640.264546781084, "stdv": 33.8673232511824, "min": 592.523888845411}, "mixs_compliant": 0, "id": "mgm4485397.3", "md5_checksum": "a3df60985a36f7f2c07d2f73ec9a580c", "sequence_type": "WGS", "pipeline_parameters": {"prefix_length": "50", "bowtie": "no", "assembled": "no", "file_type": "fna", "filter_ln_mult": "-2.99", "screen_indexes": "h_sapiens_asm", "max_ambig": "5", "m5nr_sims_version": "7", "priority": "never", "dereplicate": "no", "fgs_type": "454", "rna_pid": "97", "m5rna_sims_version": "7", "aa_pid": "90", "m5nr_annotation_version": "1", "filter_ln": "no", "m5rna_annotation_version": "1", "filter_ambig": "no"}, "sample": ["mgs264173", "https://api.mg-rast.org/sample/mgs264173"]}