{"status": "public", "version": 1, "project": ["mgp185", "https://api.mg-rast.org/project/mgp185"], "md5_checksum": "3d35f3caf915011403b76ab63adb5e94", "mixs": {"country": "United States of America", "latitude": 40.69, "sequence_type": "WGS", "seq_method": "454", "location": "Diamond Fork Utah", "collection_date": "2008-10-26T13:00:00+0600", "longitude": -111.2, "env_package_type": "microbial mat|biofilm", "biome": "stream, biofilm", "PI_lastname": "Udall", "material": "stream, biofilm", "project_id": "mgp185", "project_name": "Diamond Fork Biofilm", "PI_firstname": "Joshua", "feature": "stream, biofilm"}, "name": "Diamond_fork_biofilm", "statistics": {}, "pipeline_parameters": {"dereplicate": "yes", "prefix_length": "50", "m5nr_sims_version": "7", "fgs_type": "454", "max_ambig": "5", "filter_ambig": "yes", "file_type": "fna", "screen_indexes": "h_sapiens_asm", "m5rna_annotation_version": "1", "filter_ln_mult": "1.99", "aa_pid": "90", "rna_pid": "97", "filter_ln": "yes", "m5nr_annotation_version": "1", "priority": "never", "assembled": "no", "m5rna_sims_version": "7", "bowtie": "no"}, "id": "mgm4460448.3", "sequence_type": "WGS", "sample": ["mgs26973", "https://api.mg-rast.org/sample/mgs26973"], "created": "2011-05-19 16:11:48", "pipeline_version": "3.0", "metadata": {"env_package": {"id": "mge53377", "name": "mge53377", "type": "microbial mat|biofilm", "data": {"samp_store_dur": "2008/10/26 ; 2009/4/15", "env_package": "microbial mat|biofilm", "ph": "7.15 ; pH", "sulfate": "1724", "microbial-mat-biofilm_temp": "16 ; Celsius"}}, "sample": {"data": {"country": "United States of America", "latitude": 40.69, "samp_collect_device": "hot-phenol extraction was initially tried, but with poor DNA for 454 sequencing.  Ultimately, a high-salt extraction method was used.", "collection_time": "13:00:00", "location": "Diamond Fork Utah", "sample_strategy": "direct sampling", "longitude": -111.2, "collection_date": "2008-10-26", "samp_size": "5 ug", "geodetic_system": "wgs_84", "samp_mat_process": "stream", "env_package": "microbial mat|biofilm", "biome": "stream", "isol_growth_condt": "in-house method", "material": "stream", "collection_timezone": "UTC+6", "continent": "north_america", "feature": "stream"}, "id": "mgs26973", "name": "mgs26973"}, "library": {"data": {"file_name": "F3OLC3J02.sff.fasta", "seq_meth": "454", "file_checksum": "3d35f3caf915011403b76ab63adb5e94", "seq_chem": "454 pyrosequencing", "seq_make": "Roche 454", "investigation_type": "metagenome", "lib_type": "Whole Genome Shotgun", "metagenome_name": "Diamond_fork_biofilm", "seq_center": "BYU DNASC", "seq_model": "454 Genome Sequencer", "metagenome_id": "4460448.3", "454_gasket_type": "2", "454_regions": 1, "lib_const_meth": "Ligation/Beads/Emulsion PCR"}, "type": "WGS", "name": "mgl53376", "id": "mgl53376"}, "project": {"public": "Diamond Fork Biofilm", "name": "Diamond Fork Biofilm", "id": "mgp185", "data": {"administrative-contact_PI_organization": "YOU", "administrative-contact_PI_firstname": "Joshua", "PI_organization_address": "295 WIDB", "project_funding": "BYU - internal", "administrative-contact_PI_email": "jaudall@byu.edu", "email": "jaudall@byu.edu", "PI_lastname": "Udall", "firstname": "Joshua", "PI_organization_url": "genetics.byu.edu", "organization_address": "295 WIDB, Plant and Wildlife Science ; 84602 ; Provo ; UT", "PI_email": "jaudall@byu.edu", "administrative-contact_PI_organization_country": "United States of America", "administrative-contact_PI_organization_url": "www.byu.edu", "administrative-contact_PI_organization_address": "295 WIDB, Plant and Wildlife Science ; 84602 ; Provo ; UT", "organization": "BYU", "lastname": "Udall", "project-description_internal_project_ID": "Biofilm Site 2", "administrative-contact_PI_lastname": "Udall", "PI_firstname": "Joshua", "project_name": "Diamond Fork Biofilm2", "PI_organization": "BYU", "PI_organization_country": "USA", "project_description": "There are several environmental monitoring sites.  Only Site 2 was selected for metagenome analysis.  It had the most biofilm and extreme amounts of H2S.", "organization_country": "United States of America", "organization_url": "www.byu.edu"}}}, "project_alpha_diversity": {"max": 297.816203033724, "avg": 269.41923968285, "min": 241.022276331976, "stdv": 28.396963350874}, "mixs_compliant": 0, "project_metagenomes": ["4460449.3", "4460448.3"], "library": ["mgl53376", "https://api.mg-rast.org/library/mgl53376"], "job_id": 20045, "url": "https://api.mg-rast.org/metagenome/mgm4460448.3?verbosity=full", "owner": "mgu42302"}