{"metadata": {"project": {"public": "Project for: PhagesSub1Day90", "id": "mgp463", "name": "Project for: PhagesSub1Day90", "data": {"administrative-contact_PI_lastname": "Pride", "administrative-contact_PI_email": "dpride@ucsd.edu", "administrative-contact_PI_firstname": "David", "project_name": "Saliva Virome", "lastname": "Pride", "project_description": "Analysis of Saliva Virome", "firstname": "David", "email": "pridedt9@gmail.com"}}, "sample": {"name": "mgs12640", "data": {"feature": "human-associated habitat", "env_package": "human-associated", "location": "California", "latitude": 32.9, "collection_time": "14:35:52", "continent": "north_america", "collection_date": "2008-06-01", "material": "human-associated habitat", "collection_timezone": "UTC", "longitude": -117.2, "country": "United States of America", "geodetic_system": "na", "isol_growth_condt": "22158393", "biome": "human-associated habitat"}, "id": "mgs12640"}, "env_package": {"id": "mge43959", "type": "human-associated", "data": {"host_subject_id": "1", "profile_rating_demo 2": "bronze", "sex": "Male", "env_package": "human-associated", "age": "35 ; Second"}, "name": "mge43959"}, "library": {"id": "mgl43958", "type": "WGS", "data": {"seq_chem": "GS FLX TItanium", "investigation_type": "metagenome", "seq_meth": "454", "pubmed_id": "22158393", "metagenome_id": "4445730.3", "metagenome_name": "PhagesSub1Day90", "file_checksum": "0a159ed310c166c62cb7af9f58f4dab5"}, "name": "mgl43958"}}, "status": "public", "pipeline_parameters": {"fgs_type": "454", "bowtie": "yes", "filter_ln_mult": "2.0", "filter_ambig": "yes", "filter_ln": "yes", "prefix_length": "50", "m5nr_annotation_version": "1", "m5rna_sims_version": "7", "file_type": "fna", "dereplicate": "yes", "m5nr_sims_version": "7", "rna_pid": "97", "screen_indexes": "h_sapiens", "max_ambig": "5", "aa_pid": "90", "assembled": "no", "priority": "never", "m5rna_annotation_version": "1"}, "project_alpha_diversity": {"max": 201.110202415641, "min": 201.110202415641, "avg": 201.110202415641, "stdv": 0}, "statistics": {}, "sample": ["mgs12640", "https://api.mg-rast.org/sample/mgs12640"], "md5_checksum": "0a159ed310c166c62cb7af9f58f4dab5", "name": "PhagesSub1Day90", "url": "https://api.mg-rast.org/metagenome/mgm4445730.3?verbosity=full", "project": ["mgp463", "https://api.mg-rast.org/project/mgp463"], "library": ["mgl43958", "https://api.mg-rast.org/library/mgl43958"], "pipeline_version": "3.0", "sequence_type": "WGS", "mixs_compliant": 1, "job_id": 5631, "created": "2009-12-04 01:47:22", "id": "mgm4445730.3", "version": 1, "mixs": {"sequence_type": "WGS", "project_name": "Project for: PhagesSub1Day90", "material": "human-associated habitat", "collection_date": "2008-06-01T14:35:52Z", "PI_firstname": null, "latitude": 32.9, "location": "California", "PI_lastname": null, "feature": "human-associated habitat", "env_package_type": "human-associated", "biome": "human-associated habitat", "seq_method": "454", "project_id": "mgp463", "country": "United States of America", "longitude": -117.2}, "project_metagenomes": ["4445730.3"], "owner": "mgu13502"}