{"md5_checksum": "f01469471d141cba7d3df954e30bf8b0", "version": 1, "pipeline_version": "3.0", "owner": "mgu163", "id": "mgm4440433.3", "statistics": {}, "project_metagenomes": ["4440435.3", "4440426.3", "4440437.3", "4440427.3", "4440144.4", "4440145.4", "4440433.3", "4440419.3", "4440416.3", "4440425.3", "4440431.3", "4440417.3", "4440432.3", "4440434.3", "4440436.3", "4440421.3", "4440428.3", "4440324.3", "4440325.3", "4440420.3", "4440430.3", "4440429.3", "4440438.3", "4440090.3"], "status": "public", "mixs_compliant": 0, "project_alpha_diversity": {"max": 769.523606831403, "stdv": 214.92260101415, "avg": 287.597157489909, "min": 25.0416487709006}, "metadata": {"library": {"type": "WGS", "data": {"pubmed_id": "18337718, 20147985", "gold_id": "Gm00134", "lib_size_mean": 101.1, "file_name": "HighSalternSDbayMicC200407.fna", "sample_name": "HighSalternSDbayMicC200407", "file_checksum": "f01469471d141cba7d3df954e30bf8b0", "metagenome_id": "4440433.3", "misc_param": "sequences_sequences_filtered: Removed redundant contigs", "seq_meth": "454", "metagenome_name": "HighSalternSDbayMicC200407", "seq_center": "454 Life Sciences, Inc, Branford, CT", "investigation_type": "metagenome"}, "id": "mgl69175", "name": "HighSalternSDbayMicC200407"}, "project": {"data": {"PI_email": "beltran.rodriguezbrito@gmail.com", "PI_organization_address": "San Diego, CA", "PI_lastname": "Rodriguez-Brito", "project_name": "Chula Vista, CA Solar Saltern Study", "project_funding": "NSF, Gordon and Betty Moore Foundation, ARCS Fellowship, NSF Postdoctoral Fellowship #DBI-0511948, ATP/Kent Sea Tech and EMBO ASTF366-2007 short-term fellowship.", "project_description": "Water samples from the solar saltern of South Bay Salt Works (Chula Vista, CA, USA) were collected from three ponds with different salinities: low (6-8%), medium (12-14%), and high (27-30%). In this study, we used metagenomics to monitor the viral and microbial communities in this and 3 other distinctive, stable, human-controlled aquatic environments over time. The study environments included a freshwater aquaculture system and three solar saltern environments of differing salinity. Populations within the communities were monitored at both the coarse-grained level of species and the fine-grained level of strains. On the basis of our results, we propose a model for these stable aquatic environments that is consistent with a Kill-the-Winner cycling of predator and prey populations and in which sensitive microbial strains are killed off by viral predators and are replaced by phage-resistant strains of the same species.", "ncbi_id": "28377, 28725", "PI_firstname": "Beltran", "PI_organization_country": "USA", "PI_organization": "Computational Science Research Center, San Diego State University", "PI_organization_url": "www.csrc.sdsu.edu/"}, "public": "Chula Vista, CA Solar Saltern Study", "name": "Chula Vista, CA Solar Saltern Study", "id": "mgp11"}, "sample": {"data": {"collection_timezone": "UTC", "env_package": "water", "feature": "saline evaporation pond", "collection_date": "2004-07-01", "misc_param": "salinity: 27-30 ; Percent", "collection_time": "00:00:00", "biome": "marine biome", "location": "Chula Vista, CA", "longitude": -117.1072, "latitude": 32.6, "continent": "north america", "isol_growth_condt": "20147985", "sample_name": "HighSalternSDbayMicC200407", "material": "saline water", "country": "United States of America", "samp_collect_device": "Water samples from the solar saltern of South Bay Salt Works (Chula Vista, CA, USA) were collected from three ponds with different salinities: low (6-8%), medium (12-14%), and high (27-30%). Salinity was measured with a hand refractometer. The time between samplings ranged from 1 day to ~1.33 years (Table 1). Viral and microbial fractions were isolated from each water sample by passage through a 0.2-&#956;m tangential flow filter (TFF, Millipore, Westborough, MA, USA). The filtrate and the retentate were collected in separate tanks."}, "name": "HighSalternSDbayMicC200407", "id": "mgs69173"}, "env_package": {"type": "water", "data": {"salinity": "27-30%", "sample_name": "HighSalternSDbayMicC200407", "env_package": "water"}, "name": "HighSalternSDbayMicC200407: water", "id": "mge69174"}}, "sample": ["mgs69173", "https://api.mg-rast.org/sample/mgs69173"], "name": "HighSalternSDbayMicC200407", "project": ["mgp11", "https://api.mg-rast.org/project/mgp11"], "pipeline_parameters": {"aa_pid": "90", "prefix_length": "50", "priority": "never", "filter_ln_mult": "2.0", "bowtie": "yes", "max_ambig": "5", "assembled": "no", "m5rna_annotation_version": "1", "m5nr_sims_version": "7", "m5nr_annotation_version": "1", "screen_indexes": "h_sapiens", "m5rna_sims_version": "7", "rna_pid": "97", "dereplicate": "yes", "filter_ambig": "yes", "filter_ln": "yes", "file_type": "fna", "fgs_type": "454"}, "url": "https://api.mg-rast.org/metagenome/mgm4440433.3?verbosity=full", "job_id": 328, "library": ["mgl69175", "https://api.mg-rast.org/library/mgl69175"], "created": "2007-12-23 21:10:31", "mixs": {"feature": "saline evaporation pond", "collection_date": "2004-07-01T00:00:00Z", "PI_firstname": "Beltran", "location": "Chula Vista, CA", "biome": "marine biome", "material": "saline water", "country": "United States of America", "longitude": -117.1072, "latitude": 32.6, "seq_method": "454", "PI_lastname": "Rodriguez-Brito", "project_name": "Chula Vista, CA Solar Saltern Study", "env_package_type": "water", "project_id": "mgp11", "sequence_type": "WGS"}, "sequence_type": "WGS"}