{"project_alpha_diversity": {"max": 1104.69554506166, "avg": 867.144394137914, "min": 672.396823416176, "stdv": 84.9436421028179}, "id": "mgm4477901.3", "pipeline_version": "3.0", "sample": ["mgs92779", "https://api.mg-rast.org/sample/mgs92779"], "metadata": {"env_package": {"type": "soil", "id": "mge92780", "data": {"env_package": "soil", "sample_name": "EB019_r1"}, "name": "EB019_r1: soil"}, "sample": {"data": {"collection_timezone": "UTC-7", "env_package": "soil", "sample_name": "EB019", "location": "Lake Bonney Valley, Antarctica", "biome": "Deserts and xeric shrubland biome", "latitude": -77.725, "country": "USA", "collection_date": "2010-01-10", "feature": "slope", "collection_time": "12:00:00", "longitude": 162.313, "material": "bulk soil"}, "id": "mgs92779", "name": "EB019"}, "library": {"name": "EB019_r1", "type": "WGS", "data": {"metagenome_name": "EB019_r1", "metagenome_id": "4477901.3", "investigation_type": "metagenome", "file_checksum": "570cd4fb2dccc0bf771ad88ea5dd981c", "file_name": "Noah6_110721_HWI-EAS137R_0379_s_4_1_sequence.fastq.fasta", "sample_name": "EB019_r1", "seq_meth": "illumina"}, "id": "mgl92781"}, "project": {"id": "mgp2997", "data": {"PI_lastname": "Fierer", "PI_email": "noah.fierer@colorado.edu", "PI_organization_country": "USA", "mgrast_id": "mgp2997", "PI_organization": "University of Colorado", "PI_organization_address": "CIRES, UCB 216 Boulder CO 80309", "PI_firstname": "Noah", "project_name": "cross-site soil metagen"}, "public": "cross-site soil metagen", "name": "cross-site soil metagen"}}, "pipeline_parameters": {"m5nr_sims_version": "7", "min_qual": "15", "max_lqb": "5", "fgs_type": "454", "rna_pid": "97", "priority": "never", "dereplicate": "yes", "aa_pid": "90", "file_type": "fastq", "screen_indexes": "h_sapiens_asm", "assembled": "no", "dynamic_trim": "no", "m5rna_sims_version": "1", "bowtie": "no", "prefix_length": "50", "m5nr_annotation_version": "1", "m5rna_annotation_version": "1"}, "md5_checksum": "570cd4fb2dccc0bf771ad88ea5dd981c", "version": 1, "mixs": {"location": "Lake Bonney Valley, Antarctica", "PI_firstname": "Noah", "latitude": -77.725, "PI_lastname": "Fierer", "sequence_type": "WGS", "collection_date": "2010-01-10T12:00:00-0700", "feature": "slope", "country": "USA", "project_id": "mgp2997", "biome": "Deserts and xeric shrubland biome", "project_name": "cross-site soil metagen", "env_package_type": "soil", "material": "bulk soil", "longitude": 162.313, "seq_method": "illumina"}, "created": "2011-11-26 16:07:58", "owner": "mgu29672", "url": "https://api.mg-rast.org/metagenome/mgm4477901.3?verbosity=full", "sequence_type": "WGS", "library": ["mgl92781", "https://api.mg-rast.org/library/mgl92781"], "project": ["mgp2997", "https://api.mg-rast.org/project/mgp2997"], "job_id": 37498, "project_metagenomes": ["4477904.3", "4477903.3", "4477902.3", "4477901.3", "4477900.3", "4477899.3", "4477877.3", "4477876.3", "4477875.3", "4477874.3", "4477873.3", "4477872.3", "4477807.3", "4477805.3", "4477804.3", "4477803.3"], "status": "public", "statistics": {}, "mixs_compliant": 0, "name": "EB019_r1"}