{"statistics": {}, "project": ["mgp2766", "https://api.mg-rast.org/project/mgp2766"], "pipeline_version": "3.0", "id": "mgm4447811.3", "md5_checksum": "858897875d1c798500efaf8e60c51c78", "job_id": 7621, "version": 1, "project_metagenomes": ["4450328.3", "4449956.3", "4447810.3", "4447811.3", "4441205.3"], "mixs_compliant": 1, "sample": ["mgs89892", "https://api.mg-rast.org/sample/mgs89892"], "project_alpha_diversity": {"avg": 502.647299646245, "min": 193.34187653764, "max": 844.452994475048, "stdv": 212.830291281394}, "sequence_type": "WGS", "metadata": {"project": {"public": "phyllosphere microbiota", "name": "phyllosphere microbiota", "data": {"organization": "VIB", "PI_firstname": "Julia", "mgrast_id": "mgp2766", "lastname": "Chaffron", "PI_organization_country": "Switzerland", "PI_organization_address": "Zurich", "email": "samuel.chaffron@vub.ac.be", "project_description": "- Phyllosphere and Rhizosphere microbiota metagenomes from various plants (soybean, clover, arabidopsis and rice)", "organization_address": "Brussels", "organization_url": "http://www.vib.be/", "PI_email": "julia.vorholt@micro.biol.ethz.ch", "organization_country": "Belgium", "PI_lastname": "Vorholt", "PI_organization": "ETH Zurich", "project_name": "phyllosphere microbiota", "firstname": "Samuel", "PI_organization_url": "http://www.ethz.ch/"}, "id": "mgp2766"}, "sample": {"id": "mgs89892", "name": "Clover phyllosphere", "data": {"elevation": 465, "sample_name": "Clover phyllosphere", "feature": "plant-associated habitat", "collection_date": "2007-06-13", "longitude": 8.49833, "location": "Reckenholz", "altitude": 0.1, "env_package": "plant-associated", "latitude": 47.44083, "collection_timezone": "UTC", "country": "Switzerland", "biotic_relationship": "free-living", "biome": "terrestrial biome", "continent": "europe", "material": "organic material", "collection_time": "09:30:00", "experimental_factor": "organism"}}, "library": {"id": "mgl89894", "name": "Clover phyllosphere", "data": {"metagenome_name": "Clover phyllosphere", "investigation_type": "metagenome", "file_checksum": "858897875d1c798500efaf8e60c51c78", "seq_meth": "454", "metagenome_id": "4447811.3", "sample_name": "Clover phyllosphere"}, "type": "WGS"}, "env_package": {"name": "Clover phyllosphere: plant-associated", "data": {"sample_name": "Clover phyllosphere", "env_package": "plant-associated"}, "id": "mge89893", "type": "plant-associated"}}, "mixs": {"feature": "plant-associated habitat", "seq_method": "454", "collection_date": "2007-06-13T09:30:00Z", "PI_firstname": "Julia", "location": "Reckenholz", "longitude": 8.49833, "latitude": 47.44083, "sequence_type": "WGS", "env_package_type": "plant-associated", "biome": "terrestrial biome", "PI_lastname": "Vorholt", "country": "Switzerland", "project_id": "mgp2766", "material": "organic material", "project_name": "phyllosphere microbiota"}, "status": "public", "library": ["mgl89894", "https://api.mg-rast.org/library/mgl89894"], "pipeline_parameters": {"prefix_length": "50", "filter_ambig": "yes", "m5rna_annotation_version": "1", "assembled": "no", "m5nr_annotation_version": "1", "priority": "never", "dereplicate": "yes", "filter_ln_mult": "2.0", "m5rna_sims_version": "7", "fgs_type": "454", "screen_indexes": "h_sapiens", "bowtie": "yes", "aa_pid": "90", "file_type": "fna", "m5nr_sims_version": "7", "max_ambig": "5", "rna_pid": "97", "filter_ln": "yes"}, "created": "2010-04-26 08:18:04", "name": "Clover phyllosphere", "owner": "mgu952", "url": "https://api.mg-rast.org/metagenome/mgm4447811.3?verbosity=full"}