{"version": 1, "status": "public", "url": "https://api.mg-rast.org/metagenome/mgm4454693.3?verbosity=full", "sequence_type": "WGS", "pipeline_parameters": {"priority": "never", "rna_pid": "97", "m5nr_sims_version": "7", "file_type": "fna", "filter_ln_mult": "2.0", "aa_pid": "90", "fgs_type": "454", "prefix_length": "50", "m5rna_annotation_version": "1", "screen_indexes": "h_sapiens", "max_ambig": "5", "filter_ln": "yes", "bowtie": "yes", "filter_ambig": "yes", "m5nr_annotation_version": "1", "dereplicate": "yes", "m5rna_sims_version": "7", "assembled": "no"}, "library": ["mgl103930", "https://api.mg-rast.org/library/mgl103930"], "name": "BacteroidetesChlorobiPt1", "owner": "mgu9202", "created": "2011-02-13 00:46:17", "mixs_compliant": 0, "job_id": 14294, "sample": ["mgs103928", "https://api.mg-rast.org/sample/mgs103928"], "project_metagenomes": ["4454704.3", "4454702.3", "4454703.3", "4454701.3", "4454700.3", "4454699.3", "4454697.3", "4454698.3", "4454696.3", "4454694.3", "4454695.3", "4454693.3", "4454692.3", "4454691.3", "4454689.3", "4454688.3", "4454687.3", "4454686.3", "4454506.3", "4454505.3", "4454504.3", "4454503.3", "4454502.3", "4454501.3", "4453382.3", "4453381.3", "4453380.3", "4453379.3", "4453376.3", "4453375.3"], "md5_checksum": "e0f1b97a8fa1fb39cad9b4b8ec76f578", "project": ["mgp1929", "https://api.mg-rast.org/project/mgp1929"], "id": "mgm4454693.3", "mixs": {"country": "Brazil", "location": "Rio de Janeiro", "latitude": -22.923242, "material": "coastal water", "sequence_type": "WGS", "biome": "ocean biome", "longitude": -43.145186, "env_package_type": "water", "collection_date": "2010-02-23T08:50:00-0300", "PI_firstname": "Fabiano", "PI_lastname": "Thompson", "seq_method": "454", "feature": "ocean", "project_id": "mgp1929", "project_name": "Guanabara Bay Metagenome"}, "project_alpha_diversity": {"min": 154.271793800226, "avg": 462.159589296933, "stdv": 233.227285865519, "max": 871.556007565905}, "metadata": {"project": {"id": "mgp1929", "data": {"organization_country": "Brazil", "project_name": "Guanabara Bay Metagenome", "email": "gustavo_biomed@yahoo.com", "mgrast_id": "mgp1929", "project_funding": "CNPq/CAPES/FAPERJ", "PI_organization_address": "Rio de Janeiro", "PI_organization_country": "Brazil", "project_description": "Metagenomic snapshots of the Guanabara Bay, Rio de Janeiro, Brazil for the description of the microbial structure in complementation of the ecological survey", "PI_lastname": "Thompson", "PI_firstname": "Fabiano", "organization_address": "Rio de Janeiro", "lastname": "Gregoracci", "PI_organization": "Federal University of Rio de Janeiro (UFRJ)", "firstname": "Gustavo", "PI_email": "fabiano.thompson@biologia.ufrj.br", "organization": "Federal University of Rio de Janeiro (UFRJ)"}, "public": "Guanabara Bay Metagenome", "name": "Guanabara Bay Metagenome"}, "sample": {"name": "BacteroidetesChlorobiPt1", "data": {"biome": "ocean biome", "longitude": -43.145186, "temperature": 20, "collection_timezone": "UTC-3", "collection_date": "2010-02-23", "country": "Brazil", "env_package": "water", "location": "Rio de Janeiro", "collection_time": "08:50:00", "continent": "south america", "material": "coastal water", "latitude": -22.923242, "depth": 1, "sample_name": "BacteroidetesChlorobiPt1", "misc_param": "subsample from BG Site 1-1 and BG Site 1-2", "feature": "ocean"}, "id": "mgs103928"}, "env_package": {"name": "BacteroidetesChlorobiPt1: water", "type": "water", "id": "mge103929", "data": {"env_package": "water", "sample_name": "BacteroidetesChlorobiPt1"}}, "library": {"id": "mgl103930", "type": "WGS", "data": {"metagenome_name": "BacteroidetesChlorobiPt1", "file_checksum": "e0f1b97a8fa1fb39cad9b4b8ec76f578", "investigation_type": "metagenome", "seq_meth": "454", "sample_name": "BacteroidetesChlorobiPt1", "metagenome_id": "4454693.3"}, "name": "BacteroidetesChlorobiPt1"}}, "statistics": {}, "pipeline_version": "3.0"}