{"mixs_compliant": 0, "mixs": {"country": "Netherlands", "project_name": "Impact of long term fertilization", "biome": "terrestrial biome", "material": "soil", "seq_method": "454", "location": "Wageningen", "latitude": 51.97, "sequence_type": "WGS", "env_package_type": "soil", "project_id": "mgp1008", "PI_firstname": "Eiko", "collection_date": "2011-09-20T13:00:00-0100", "feature": "grassland", "longitude": 5.64, "PI_lastname": "Kuramae"}, "job_id": 46938, "library": ["mgl264178", "https://api.mg-rast.org/library/mgl264178"], "pipeline_parameters": {"rna_pid": "97", "m5rna_sims_version": "7", "fgs_type": "454", "filter_ln_mult": "-3.25", "bowtie": "no", "m5nr_sims_version": "7", "screen_indexes": "h_sapiens_asm", "m5nr_annotation_version": "1", "file_type": "fna", "max_ambig": "5", "filter_ambig": "no", "assembled": "no", "aa_pid": "90", "prefix_length": "50", "dereplicate": "no", "priority": "never", "m5rna_annotation_version": "1", "filter_ln": "no"}, "version": 1, "status": "public", "project": ["mgp1008", "https://api.mg-rast.org/project/mgp1008"], "id": "mgm4485396.3", "project_metagenomes": ["4485403.3", "4485402.3", "4485401.3", "4485400.3", "4485399.3", "4485398.3", "4485397.3", "4485396.3", "4485395.3", "4485394.3", "4485393.3", "4485392.3", "4485391.3", "4485390.3", "4485389.3"], "project_alpha_diversity": {"max": 730.214632072954, "avg": 640.264546781084, "stdv": 33.8673232511824, "min": 592.523888845411}, "pipeline_version": "3.0", "sequence_type": "WGS", "url": "https://api.mg-rast.org/metagenome/mgm4485396.3?verbosity=full", "name": "203", "metadata": {"env_package": {"type": "soil", "name": "203: soil", "id": "mge264177", "data": {"env_package": "soil", "sample_name": "203"}}, "sample": {"name": "203", "id": "mgs264176", "data": {"sample_name": "203", "feature": "grassland", "longitude": 5.64, "collection_date": "2011-09-20", "collection_timezone": "UTC-1", "country": "Netherlands", "collection_time": "13:00:00", "env_package": "soil", "location": "Wageningen", "latitude": 51.97, "biome": "terrestrial biome", "material": "soil", "sample_id": "4485396.3"}}, "library": {"type": "WGS", "name": "203", "id": "mgl264178", "data": {"metagenome_id": "4485396.3", "investigation_type": "metagenome", "seq_meth": "454", "sample_name": "203", "metagenome_name": "203", "file_name": "203extracted_clusters_unique.fa", "file_checksum": "cfa62dc03f2563e6939fba71d3883195"}}, "project": {"public": "Impact of long term fertilization", "name": "Impact of long term fertilization", "id": "mgp1008", "data": {"PI_lastname": "Kuramae", "PI_organization_address": "Droevendaalsesteeg 10, 6708 PB Wageningen NL", "PI_firstname": "Eiko", "PI_email": "E.Kuramae@nioo.knaw.nl", "PI_organization": "NIOO", "PI_organization_country": "Netherlands", "project_name": "Impact of long term fertilization"}}}, "created": "2012-03-06 15:02:19", "owner": "mgu38692", "md5_checksum": "cfa62dc03f2563e6939fba71d3883195", "statistics": {}, "sample": ["mgs264176", "https://api.mg-rast.org/sample/mgs264176"]}