{"statistics": {}, "pipeline_parameters": {"min_qual": "15", "priority": "never", "rna_pid": "97", "fgs_type": "454", "m5nr_annotation_version": "1", "m5rna_annotation_version": "1", "bowtie": "no", "dynamic_trim": "no", "screen_indexes": "h_sapiens_asm", "file_type": "fastq", "assembled": "no", "m5nr_sims_version": "7", "m5rna_sims_version": "7", "max_lqb": "5", "aa_pid": "90", "prefix_length": "50", "dereplicate": "no"}, "mixs": {"project_name": "Permafrost_thaw", "feature": "permafrost", "collection_date": "2009-01-01T12:00:00-1000", "project_id": "mgp11953", "PI_firstname": "Jenni", "PI_lastname": "Hultman", "latitude": 64.677812, "material": "soil", "env_package_type": "soil", "biome": "Tundra biome", "seq_method": "illumina", "location": "thermokarst bog", "longitude": -157.833252, "country": "USA", "sequence_type": "WGS"}, "project": ["mgp11953", "https://api.mg-rast.org/project/mgp11953"], "name": "B4_DNA_1209.04.1231ONE", "sequence_type": "WGS", "id": "mgm4470315.3", "project_alpha_diversity": {"min": 254.546180883004, "max": 1149.14473948877, "avg": 927.508742795344, "stdv": 205.198938795964}, "md5_checksum": "262a9f7deceaa7a3dd7a448363ab5ac6", "pipeline_version": "3.0", "job_id": 29912, "url": "https://api.mg-rast.org/metagenome/mgm4470315.3?verbosity=full", "version": 1, "status": "public", "metadata": {"project": {"public": "Permafrost_thaw", "id": "mgp11953", "data": {"mgrast_id": "mgp11953", "PI_organization_address": "PO Box 65, 00014 University of Helsinki", "PI_lastname": "Hultman", "PI_email": "jenni.hultman@gmail.com", "PI_organization": "University of Helsinki", "PI_firstname": "Jenni", "PI_organization_country": "Finland", "project_name": "Permafrost_thaw"}, "name": "Permafrost_thaw"}, "env_package": {"type": "soil", "name": "B4: soil", "id": "mge295980", "data": {"env_package": "soil", "sample_name": "B4"}}, "sample": {"data": {"sample_name": "B4", "depth": -1, "country": "USA", "longitude": -157.833252, "location": "thermokarst bog", "biome": "Tundra biome", "collection_time": "12:00:00", "collection_timezone": "UTC-10", "feature": "permafrost", "collection_date": "2009-01-01", "env_package": "soil", "latitude": 64.677812, "material": "soil"}, "id": "mgs295979", "name": "B4"}, "library": {"type": "WGS", "id": "mgl295982", "data": {"investigation_type": "metagenome", "file_name": "1209.4.1231.sep.fastq.one.fasta", "file_checksum": "262a9f7deceaa7a3dd7a448363ab5ac6", "sample_name": "B4", "metagenome_name": "B4_DNA_1209.04.1231ONE", "metagenome_id": "4470315.3", "seq_meth": "illumina"}, "name": "B4_DNA_1209.04.1231ONE"}}, "sample": ["mgs295979", "https://api.mg-rast.org/sample/mgs295979"], "mixs_compliant": 0, "owner": "mgu12752", "library": ["mgl295982", "https://api.mg-rast.org/library/mgl295982"], "project_metagenomes": ["4491569.3", "4491397.3", "4491383.3", "4491382.3", "4491237.3", "4470382.3", "4470381.3", "4470378.3", "4470334.3", "4470315.3", "4470255.3", "4470254.3", "4470253.3", "4470010.3", "4470009.3", "4469540.3", "4469539.3", "4469538.3", "4469455.3", "4469454.3", "4469453.3", "4469340.3", "4469339.3", "4469338.3", "4469328.3"], "created": "2011-08-08 19:45:14"}