{"md5_checksum": "d2b769c04dfe2636304f8d430a9728b7", "metadata": {"project": {"public": "Hydrocarbon Metagenomics Project", "id": "mgp2360", "data": {"PI_organization": "Genome Alberta", "PI_organization_url": "http://www.hydrocarbonmetagenomics.com", "PI_lastname": "Caffrey", "project_name": "Hydrocarbon Metagenomics Project", "PI_email": "scaffrey@genomealberta.ca", "project_description": "Metagenomics for Greener Production and Extraction of Hydrocarbon Energy:\r\nCreating Opportunities for Enhanced Recovery with Reduced Environmental Impact", "PI_organization_country": "Canada", "PI_organization_address": "Genome Alberta, Calgary, Alberta", "project_funding": "Genome Canada, Genome Alberta, GenomeBC", "PI_firstname": "Sean"}, "name": "Hydrocarbon Metagenomics Project"}, "library": {"name": "Tar-D 454 QC Reads", "type": "WGS", "data": {"investigation_type": "metagenome", "file_name": "Tar-D.seed.fasta", "file_checksum": "d2b769c04dfe2636304f8d430a9728b7", "seq_center": "McGill Univ", "seq_meth": "454", "metagenome_id": "4470906.3", "sample_name": "Tar-D 454 QC Reads", "metagenome_name": "Tar-D 454 QC Reads"}, "id": "mgl187685"}, "sample": {"data": {"country": "Trinidad and Tobago", "latitude": 10.239333, "biome": "Small lake biome", "sample_id": "4470906.3", "material": "contaminated water", "longitude": -61.604991, "collection_date": "2007-11-09", "env_package": "miscellaneous", "feature": "asphalt lake", "location": "Tar lake microbial communities from La Brea, Trinidad and Tobago", "collection_time": "12:00:00", "continent": "south america", "collection_timezone": "UTC-4", "sample_name": "Tar-D 454 QC Reads"}, "id": "mgs187683", "name": "Tar-D 454 QC Reads"}, "env_package": {"type": "miscellaneous", "name": "Tar-D 454 QC Reads: miscellaneous", "id": "mge187684", "data": {"sample_name": "Tar-D 454 QC Reads", "env_package": "miscellaneous"}}}, "project_alpha_diversity": {"stdv": 236.932679568181, "avg": 443.108947178597, "max": 907.374663189357, "min": 36.5201302260894}, "pipeline_parameters": {"max_ambig": "5", "dereplicate": "yes", "rna_pid": "97", "file_type": "fna", "m5rna_annotation_version": "1", "screen_indexes": "h_sapiens_asm", "assembled": "no", "priority": "never", "m5rna_sims_version": "7", "filter_ln": "no", "m5nr_annotation_version": "1", "m5nr_sims_version": "7", "fgs_type": "454", "prefix_length": "50", "aa_pid": "90", "bowtie": "no", "filter_ln_mult": "-3.40", "filter_ambig": "yes"}, "statistics": {}, "project_metagenomes": ["4470910.3", "4470909.3", "4470908.3", "4470907.3", "4470906.3", "4470905.3", "4470904.3", "4492779.3", "4492778.3", "4492777.3", "4492776.3", "4492775.3", "4492774.3", "4492772.3", "4492771.3", "4492770.3", "4492765.3", "4492763.3", "4492624.3", "4492623.3", "4492620.3", "4492619.3", "4507667.3", "4507668.3", "4507669.3", "4507670.3", "4507672.3", "4507673.3", "4507688.3", "4507689.3", "4507690.3", "4507691.3", "4507777.3", "4507778.3", "4509196.3", "4509197.3", "4509513.3", "4509514.3", "4509515.3", "4509516.3", "4509517.3", "4509518.3", "4509519.3", "4509520.3", "4523100.3", "4523101.3", "4523103.3", "4523104.3", "4524037.3", "4527898.3", "4527899.3", "4527900.3", "4527901.3", "4559933.3", "4559934.3", "4559935.3", "4559936.3", "4564416.3", "4564417.3"], "pipeline_version": "3.0", "owner": "mgu49672", "url": "https://api.mg-rast.org/metagenome/mgm4470906.3?verbosity=full", "mixs_compliant": 1, "sample": ["mgs187683", "https://api.mg-rast.org/sample/mgs187683"], "id": "mgm4470906.3", "library": ["mgl187685", "https://api.mg-rast.org/library/mgl187685"], "status": "public", "mixs": {"location": "Tar lake microbial communities from La Brea, Trinidad and Tobago", "project_id": "mgp2360", "sequence_type": "WGS", "country": "Trinidad and Tobago", "latitude": 10.239333, "biome": "Small lake biome", "env_package_type": "miscellaneous", "project_name": "Hydrocarbon Metagenomics Project", "PI_firstname": "Sean", "material": "contaminated water", "collection_date": "2007-11-09T12:00:00-0400", "longitude": -61.604991, "feature": "asphalt lake", "PI_lastname": "Caffrey", "seq_method": "454"}, "created": "2011-08-22 19:25:08", "job_id": 30503, "sequence_type": "WGS", "name": "Tar-D 454 QC Reads", "project": ["mgp2360", "https://api.mg-rast.org/project/mgp2360"], "version": 1}