{"pipeline_version": "3.0", "pipeline_parameters": {"screen_indexes": "h_sapiens_asm", "aa_pid": "90", "m5nr_annotation_version": "1", "assembled": "no", "filter_ln": "yes", "filter_ambig": "yes", "bowtie": "no", "file_type": "fna", "dereplicate": "yes", "prefix_length": "50", "m5nr_sims_version": "7", "m5rna_sims_version": "7", "max_ambig": "5", "m5rna_annotation_version": "1", "filter_ln_mult": "2.00", "priority": "never", "rna_pid": "97", "fgs_type": "454"}, "md5_checksum": "8a31ff370330103744d5aa1b09084599", "metadata": {"library": {"type": "WGS", "name": "Station P26", "id": "mgl88794", "data": {"file_name": "p26.fa", "sample_name": "Station P26", "file_checksum": "8a31ff370330103744d5aa1b09084599", "investigation_type": "metagenome", "seq_meth": "454", "metagenome_id": "4460179.3", "metagenome_name": "Station P26"}}, "sample": {"name": "Station P26", "id": "mgs88792", "data": {"feature": "estuarine bulk water", "temperature": 9.5, "depth": 5, "material": "water", "biome": "estuarine biome", "latitude": 48.368056, "country": "United States of America", "collection_time": "21:15:00", "collection_timezone": "UTC-8", "collection_date": "2010-10-29", "location": "Puget Sound, WA", "sample_name": "Station P26", "longitude": -122.716667, "env_package": "water"}}, "env_package": {"id": "mge88793", "name": "Station P26: water", "data": {"chlorophyll": "0.3 mg m-3", "samp_store_temp": "-80", "sample_name": "Station P26", "env_package": "water"}, "type": "water"}, "project": {"data": {"PI_organization_address": "4225 Roosevelt Way NE Seattle, WA 98105", "project_name": "Puget Sound", "PI_organization_country": "USA", "PI_email": "faustman@uw.edu", "PI_organization": "University of Washington", "PI_firstname": "Elaine", "PI_lastname": "Faustman"}, "public": "Puget Sound", "id": "mgp2706", "name": "Puget Sound"}}, "library": ["mgl88794", "https://api.mg-rast.org/library/mgl88794"], "mixs_compliant": 0, "mixs": {"seq_method": "454", "env_package_type": "water", "PI_lastname": "Faustman", "project_id": "mgp2706", "longitude": -122.716667, "collection_date": "2010-10-29T21:15:00-0800", "location": "Puget Sound, WA", "feature": "estuarine bulk water", "country": "United States of America", "latitude": 48.368056, "PI_firstname": "Elaine", "biome": "estuarine biome", "material": "water", "project_name": "Puget Sound", "sequence_type": "WGS"}, "id": "mgm4460179.3", "name": "Station P26", "version": 1, "job_id": 19776, "created": "2011-05-19 16:11:16", "sequence_type": "WGS", "statistics": {}, "status": "public", "sample": ["mgs88792", "https://api.mg-rast.org/sample/mgs88792"], "project_alpha_diversity": {"stdv": 82.0273980149213, "min": 465.872655007285, "avg": 618.227776812093, "max": 737.04439045492}, "project_metagenomes": ["4460190.3", "4460189.3", "4460188.3", "4460182.3", "4460180.3", "4460179.3", "4460178.3"], "owner": "mgu40782", "project": ["mgp2706", "https://api.mg-rast.org/project/mgp2706"], "url": "https://api.mg-rast.org/metagenome/mgm4460179.3?verbosity=full"}