{"id": "mgm4450631.3", "library": ["mgl477151", "https://api.mg-rast.org/library/mgl477151"], "pipeline_version": "3.0", "sequence_type": "WGS", "metadata": {"env_package": {"name": "TobF: soil", "id": "mge477150", "type": "soil", "data": {"env_package": "soil", "sample_name": "TobF"}}, "sample": {"data": {"elevation": 531, "longitude": 14.16, "experimental_factor": "Tobacco vegetation", "continent": "europe", "latitude": 48.99, "country": "Czech Republic", "collection_timezone": "UTC+2", "location": "South Bohemia", "sample_name": "TobF", "biome": "terrestrial biome", "depth": 1, "env_package": "soil", "feature": "landfill", "material": "contaminated soil", "collection_date": "2012-06-01", "collection_time": "10:30:00"}, "name": "TobF", "id": "mgs477149"}, "project": {"name": "Rhizosphere", "id": "mgp271", "public": "Rhizosphere", "data": {"organization_address": "Videnska 1083, 14220 Prague 4, Czech Republic", "PI_organization_address": "Videnska 1083, 14220 Prague 4, Czech Republic", "project_funding": "NPVII MSMT CR", "email": "ridlj@img.cas.cz", "PI_firstname": "Jan", "administrative-contact_PI_lastname": "Paces", "PI_email": "jan.paces@img.cas.cz", "administrative-contact_PI_organization_country": "Czech Republic", "organization": "Institute of Molecular Genetics of the ASCR", "organization_country": "Czech Republic", "project_name": "rhizosphere", "PI_lastname": "Paces", "PI_organization": "Institute of Molecular Genetics of the ASCR", "administrative-contact_PI_organization_url": "www.img.cas.cz", "project_description": "454 shotgun sequencing of plant root zone specific microbiomes in long-term contaminated soil", "organization_url": "http://www.img.cas.cz/en/", "PI_organization_country": "Czech Republic", "firstname": "Jakub", "envo_release": "2013-04-27", "PI_organization_url": "http://www.img.cas.cz/en/", "administrative-contact_PI_email": "hpaces@img.cas.cz", "lastname": "Ridl", "administrative-contact_PI_firstname": "Jan"}}, "library": {"name": "TobF_shotgun", "id": "mgl477151", "type": "WGS", "data": {"seq_meth": "454", "investigation_type": "metagenome", "file_checksum": "41524c9f3b2173b2ec72d6e74d3b10ab", "metagenome_name": "TobF_shotgun", "sample_name": "TobF", "metagenome_id": "4450631.3"}}}, "md5_checksum": "41524c9f3b2173b2ec72d6e74d3b10ab", "mixs": {"collection_date": "2012-06-01T10:30:00+0200", "PI_lastname": "Paces", "material": "contaminated soil", "project_name": "Rhizosphere", "feature": "landfill", "biome": "terrestrial biome", "country": "Czech Republic", "PI_firstname": "Jan", "location": "South Bohemia", "sequence_type": "WGS", "project_id": "mgp271", "env_package_type": "soil", "latitude": 48.99, "seq_method": "454", "longitude": 14.16}, "project_alpha_diversity": {"max": 814.672792461465, "min": 552.015272165527, "avg": 718.224371189495, "stdv": 94.9686550073062}, "pipeline_parameters": {"m5nr_sims_version": "7", "priority": "never", "file_type": "fna", "max_ambig": "5", "m5nr_annotation_version": "1", "assembled": "no", "fgs_type": "454", "bowtie": "yes", "screen_indexes": "h_sapiens", "filter_ln": "yes", "aa_pid": "90", "dereplicate": "yes", "m5rna_annotation_version": "1", "filter_ln_mult": "2.0", "rna_pid": "97", "prefix_length": "50", "filter_ambig": "yes", "m5rna_sims_version": "7"}, "created": "2010-08-17 09:35:09", "name": "TobF_shotgun", "sample": ["mgs477149", "https://api.mg-rast.org/sample/mgs477149"], "job_id": 10354, "status": "public", "owner": "mgu3612", "project_metagenomes": ["4450631.3", "4450630.3", "4450629.3", "4450628.3", "4450172.3", "4450171.3", "4450131.3", "4450130.3"], "project": ["mgp271", "https://api.mg-rast.org/project/mgp271"], "version": 1, "statistics": {}, "url": "https://api.mg-rast.org/metagenome/mgm4450631.3?verbosity=full", "mixs_compliant": 0}