{"project": ["mgp1929", "https://api.mg-rast.org/project/mgp1929"], "metadata": {"sample": {"name": "GammaproteobacteriaPt7", "id": "mgs103904", "data": {"location": "Rio de Janeiro", "misc_param": "subsample from BG Site 7-1 and BG Site 7-2", "biome": "estuarine biome", "longitude": -43.160464, "temperature": 27, "continent": "south america", "env_package": "water", "latitude": -22.864633, "material": "coastal water", "collection_time": "09:15:00", "depth": 1, "sample_name": "GammaproteobacteriaPt7", "feature": "ocean", "collection_date": "2010-02-23", "country": "Brazil", "collection_timezone": "UTC-3"}}, "env_package": {"id": "mge103905", "data": {"env_package": "water", "sample_name": "GammaproteobacteriaPt7"}, "name": "GammaproteobacteriaPt7: water", "type": "water"}, "project": {"name": "Guanabara Bay Metagenome", "data": {"email": "gustavo_biomed@yahoo.com", "organization": "Federal University of Rio de Janeiro (UFRJ)", "project_name": "Guanabara Bay Metagenome", "PI_organization": "Federal University of Rio de Janeiro (UFRJ)", "project_funding": "CNPq/CAPES/FAPERJ", "PI_organization_country": "Brazil", "PI_lastname": "Thompson", "mgrast_id": "mgp1929", "project_description": "Metagenomic snapshots of the Guanabara Bay, Rio de Janeiro, Brazil for the description of the microbial structure in complementation of the ecological survey", "organization_country": "Brazil", "PI_organization_address": "Rio de Janeiro", "PI_firstname": "Fabiano", "organization_address": "Rio de Janeiro", "lastname": "Gregoracci", "PI_email": "fabiano.thompson@biologia.ufrj.br", "firstname": "Gustavo"}, "id": "mgp1929", "public": "Guanabara Bay Metagenome"}, "library": {"name": "GammaproteobacteriaPt7", "id": "mgl103906", "data": {"sample_name": "GammaproteobacteriaPt7", "file_checksum": "f3eecdf967b7b8dd711a6d78616d851f", "seq_meth": "454", "metagenome_name": "GammaproteobacteriaPt7", "metagenome_id": "4454505.3", "investigation_type": "metagenome"}, "type": "WGS"}}, "mixs": {"biome": "estuarine biome", "longitude": -43.160464, "location": "Rio de Janeiro", "env_package_type": "water", "sequence_type": "WGS", "PI_firstname": "Fabiano", "material": "coastal water", "PI_lastname": "Thompson", "seq_method": "454", "project_id": "mgp1929", "latitude": -22.864633, "country": "Brazil", "project_name": "Guanabara Bay Metagenome", "feature": "ocean", "collection_date": "2010-02-23T09:15:00-0300"}, "statistics": {}, "project_alpha_diversity": {"max": 871.556007565905, "avg": 462.159589296933, "stdv": 233.227285865519, "min": 154.271793800226}, "pipeline_version": "3.0", "project_metagenomes": ["4454704.3", "4454702.3", "4454703.3", "4454701.3", "4454700.3", "4454699.3", "4454697.3", "4454698.3", "4454696.3", "4454694.3", "4454695.3", "4454693.3", "4454692.3", "4454691.3", "4454689.3", "4454688.3", "4454687.3", "4454686.3", "4454506.3", "4454505.3", "4454504.3", "4454503.3", "4454502.3", "4454501.3", "4453382.3", "4453381.3", "4453380.3", "4453379.3", "4453376.3", "4453375.3"], "url": "https://api.mg-rast.org/metagenome/mgm4454505.3?verbosity=full", "job_id": 14108, "id": "mgm4454505.3", "mixs_compliant": 0, "sample": ["mgs103904", "https://api.mg-rast.org/sample/mgs103904"], "owner": "mgu9202", "version": 1, "md5_checksum": "f3eecdf967b7b8dd711a6d78616d851f", "pipeline_parameters": {"fgs_type": "454", "max_ambig": "5", "assembled": "no", "m5nr_annotation_version": "1", "m5rna_annotation_version": "1", "file_type": "fna", "rna_pid": "97", "prefix_length": "50", "aa_pid": "90", "m5nr_sims_version": "7", "m5rna_sims_version": "7", "priority": "never", "filter_ambig": "yes", "bowtie": "yes", "dereplicate": "yes", "filter_ln_mult": "2.0", "filter_ln": "yes", "screen_indexes": "h_sapiens"}, "created": "2011-02-06 17:52:17", "sequence_type": "WGS", "status": "public", "library": ["mgl103906", "https://api.mg-rast.org/library/mgl103906"], "name": "GammaproteobacteriaPt7"}