{"project": ["mgp305", "https://api.mg-rast.org/project/mgp305"], "metadata": {"library": {"data": {"metagenome_name": "cg5_down_s_2", "metagenome_id": "4481966.3", "sample_name": "cg5_down_s_2", "file_name": "SL7481_cg5_down_s_2_raw.fastq.fasta", "investigation_type": "metagenome", "file_checksum": "758b7094cfb61caa2694081a1b5a6623", "seq_meth": "illumina"}, "type": "WGS", "id": "mgl86913", "name": "cg5_down_s_2"}, "env_package": {"data": {"misc_param": "693", "env_package": "sediment", "sample_name": "cg5_down_s_2", "salinity": "0.3", "diss_oxygen": "98", "ph": "8.23"}, "type": "sediment", "id": "mge86912", "name": "cg5_down_s_2: sediment"}, "sample": {"id": "mgs86911", "name": "cg5_down_s_2", "data": {"collection_time": "16:00:00", "biome": "Small river biome", "env_package": "sediment", "feature": "freshwater habitat", "country": "USA", "sample_name": "cg5_down_s_2", "ph": 8.23, "longitude": -106.767658, "material": "sediment", "latitude": 45.139111, "collection_date": "2011-04-06", "collection_timezone": "UTC-7", "temperature": 4.8, "location": "Southeastern Montana"}}, "project": {"public": "Tongue_all_2011", "data": {"PI_organization": "University of Chicago", "project_name": "Tongue_all_2011", "PI_organization_address": "GCIS W101A, 929 E. 57th St. Chicago, IL 60637", "PI_firstname": "Sean", "PI_lastname": "Gibbons", "project_funding": "EPSCoR", "project_description": "Metagenomics of Tongue River sediments", "PI_email": "sgibbons@uchicago.edu", "PI_organization_country": "USA"}, "name": "Tongue_all_2011", "id": "mgp305"}}, "id": "mgm4481966.3", "pipeline_version": "3.0", "project_alpha_diversity": {"min": 939.224819401587, "max": 1040.92360750008, "avg": 989.598321396076, "stdv": 28.8002101663488}, "mixs": {"location": "Southeastern Montana", "project_id": "mgp305", "PI_firstname": "Sean", "latitude": 45.139111, "collection_date": "2011-04-06T16:00:00-0700", "longitude": -106.767658, "material": "sediment", "sequence_type": "WGS", "env_package_type": "sediment", "project_name": "Tongue_all_2011", "PI_lastname": "Gibbons", "feature": "freshwater habitat", "seq_method": "illumina", "country": "USA", "biome": "Small river biome"}, "mixs_compliant": 0, "created": "2012-02-07 23:18:59", "sequence_type": "WGS", "sample": ["mgs86911", "https://api.mg-rast.org/sample/mgs86911"], "version": 1, "name": "cg5_down_s_2", "status": "public", "url": "https://api.mg-rast.org/metagenome/mgm4481966.3?verbosity=full", "library": ["mgl86913", "https://api.mg-rast.org/library/mgl86913"], "statistics": {}, "project_metagenomes": ["4481986.3", "4481985.3", "4481984.3", "4481983.3", "4481982.3", "4481981.3", "4481980.3", "4481979.3", "4481978.3", "4481977.3", "4481976.3", "4481975.3", "4481974.3", "4481972.3", "4481971.3", "4481970.3", "4481969.3", "4481968.3", "4481967.3", "4481965.3", "4481957.3", "4481956.3", "4481964.3", "4481963.3", "4481966.3"], "pipeline_parameters": {"m5nr_annotation_version": "1", "dynamic_trim": "yes", "dereplicate": "yes", "max_lqb": "5", "rna_pid": "97", "fgs_type": "454", "m5rna_sims_version": "7", "priority": "never", "bowtie": "no", "aa_pid": "90", "assembled": "no", "file_type": "fastq", "m5nr_sims_version": "7", "prefix_length": "50", "m5rna_annotation_version": "1", "min_qual": "15", "screen_indexes": "h_sapiens_asm"}, "md5_checksum": "758b7094cfb61caa2694081a1b5a6623", "owner": "mgu49698", "job_id": 43440}