{"pipeline_version": "3.0", "project_metagenomes": ["4466846.3", "4466845.3", "4466844.3", "4466835.3", "4466825.3", "4466820.3", "4466814.3", "4466812.3", "4466810.3", "4466809.3", "4466745.3", "4466741.3", "4466739.3", "4466738.3", "4466737.3", "4466736.3", "4466599.3", "4466597.3", "4466596.3", "4466592.3", "4466582.3", "4466309.3"], "status": "public", "sample": ["mgs192755", "https://api.mg-rast.org/sample/mgs192755"], "name": "CoralJarvisNorthMic111310_NP", "statistics": {}, "project": ["mgp9220", "https://api.mg-rast.org/project/mgp9220"], "sequence_type": "WGS", "owner": "mgu333", "metadata": {"env_package": {"name": "CoralJarvisNorthMic111310_NP: water", "id": "mge192756", "data": {"sample_name": "CoralJarvisNorthMic111310_NP", "env_package": "water"}, "type": "water"}, "sample": {"data": {"location": "Pacific Ocean", "country": "USA", "feature": "coral reef", "latitude": -0.36902, "collection_date": "2010-11-13", "biome": "coral reef", "material": "water", "depth": 30, "env_package": "water", "longitude": -160.00819, "sample_id": "4466738.3", "collection_timezone": "UTC-10", "collection_time": "10:00:00", "sample_name": "CoralJarvisNorthMic111310_NP"}, "id": "mgs192755", "name": "CoralJarvisNorthMic111310_NP"}, "library": {"id": "mgl192757", "data": {"file_checksum": "732a8ec4ce38b3150322c9db1300222c", "seq_center": "SDSU", "metagenome_id": "4466738.3", "file_name": "CoralJarvisNorthMic111310_NPFinal.fasta", "investigation_type": "metagenome", "seq_quality_check": "Prinseq", "seq_chem": "Titanium", "metagenome_name": "CoralJarvisNorthMic111310_NP", "sample_name": "CoralJarvisNorthMic111310_NP", "seq_meth": "454"}, "type": "WGS", "name": "CoralJarvisNorthMic111310_NP"}, "project": {"data": {"lastname": "Kelly", "PI_organization_url": "coralandphage.org", "PI_organization_country": "USA", "PI_lastname": "Rohwer", "PI_email": "forest@sunstroke.sdsu.edu", "organization_country": "USA", "project_description": "Metagenomes from the Line Islands", "PI_organization": "San Diego State University", "organization_url": "coralandphage.org", "project_name": "Pacific Reef Microbiomes", "organization_address": "LS301 Biology Department, San Diego State University, 5500 Campanile Drive, San Diego, CA 92182", "firstname": "Linda", "PI_organization_address": "LS301 Biology Department, San Diego State University, 5500 Campanile Drive, San Diego, CA 92182", "organization": "San Diego State University", "email": "lwegley@gmail.com", "PI_firstname": "Forest", "project_funding": "NSF"}, "public": "Pacific Reef Microbiomes", "id": "mgp9220", "name": "Pacific Reef Microbiomes"}}, "created": "2011-06-22 23:05:54", "mixs": {"country": "USA", "seq_method": "454", "PI_firstname": "Forest", "feature": "coral reef", "location": "Pacific Ocean", "latitude": -0.36902, "project_name": "Pacific Reef Microbiomes", "project_id": "mgp9220", "sequence_type": "WGS", "longitude": -160.00819, "biome": "coral reef", "collection_date": "2010-11-13T10:00:00-1000", "material": "water", "PI_lastname": "Rohwer", "env_package_type": "water"}, "library": ["mgl192757", "https://api.mg-rast.org/library/mgl192757"], "pipeline_parameters": {"m5rna_sims_version": "7", "assembled": "no", "m5nr_annotation_version": "1", "max_ambig": "5", "file_type": "fna", "m5rna_annotation_version": "1", "filter_ambig": "no", "dereplicate": "no", "rna_pid": "97", "aa_pid": "90", "screen_indexes": "h_sapiens_asm", "bowtie": "no", "prefix_length": "50", "fgs_type": "454", "m5nr_sims_version": "7", "filter_ln": "no", "filter_ln_mult": "-3.13", "priority": "never"}, "job_id": 26335, "project_alpha_diversity": {"avg": 453.581479636971, "min": 256.005423264818, "max": 739.242402937356, "stdv": 120.439104940246}, "md5_checksum": "732a8ec4ce38b3150322c9db1300222c", "version": 1, "url": "https://api.mg-rast.org/metagenome/mgm4466738.3?verbosity=full", "mixs_compliant": 0, "id": "mgm4466738.3"}