{"project_alpha_diversity": {"stdv": 133.924063927938, "max": 521.075982951251, "avg": 401.065629146282, "min": 164.044584361858}, "version": 1, "owner": "mgu260", "md5_checksum": "d7effbedd5662c4e542bad5d38ac9244", "pipeline_version": "3.0", "name": "1-19-DNA-flx", "status": "public", "mixs_compliant": 0, "library": ["mgl52486", "https://api.mg-rast.org/library/mgl52486"], "pipeline_parameters": {"filter_ambig": "yes", "m5nr_sims_version": "7", "prefix_length": "50", "m5rna_sims_version": "7", "bowtie": "yes", "aa_pid": "90", "fgs_type": "454", "dereplicate": "yes", "file_type": "fna", "m5nr_annotation_version": "1", "max_ambig": "5", "m5rna_annotation_version": "1", "rna_pid": "97", "priority": "never", "filter_ln_mult": "2.0", "assembled": "no", "screen_indexes": "h_sapiens", "filter_ln": "yes"}, "url": "https://api.mg-rast.org/metagenome/mgm4440275.3?verbosity=full", "statistics": {}, "sample": ["mgs22744", "https://api.mg-rast.org/sample/mgs22744"], "project": ["mgp52", "https://api.mg-rast.org/project/mgp52"], "created": "2007-11-02 14:13:39", "sequence_type": "WGS", "id": "mgm4440275.3", "job_id": 8, "project_metagenomes": ["4440163.5", "4440166.5", "4440165.5", "4440164.6", "4440213.3", "4440212.3", "4440275.3", "4440276.3"], "metadata": {"library": {"data": {"metagenome_id": "4440275.3", "sequences_sequences_assembled": "Assembled contigs", "gold_id": "Gm00132", "file_checksum": "d7effbedd5662c4e542bad5d38ac9244", "investigation_type": "metagenome", "seq_center": "NERC-funded University of Liverpool 454 Sequencing Facility", "sequences_sequences_predicted_genes": "Metagenome data cosists of predicted genes", "sequences_sequences_combined_libraries": "Sequences are from combined libraries", "seq_meth": "454", "lib_type": "fosmid", "metagenome_name": "1-19-DNA-flx", "lib_const_meth": "Epicenter", "pubmed_id": "18783384, 18725995"}, "type": "WGS", "name": "mgl52486", "id": "mgl52486"}, "sample": {"name": "mgs22744", "data": {"samp_size": "15 L", "longitude": 64.47, "samp_collect_device": "Water samples were taken at the peak and immediately following the collapse of the phytoplankton bloom. Briefly, water samples from the coastal mesocosm were collected and processed as follows: 15 l of water from four samples was filtered through a 1.6 &#956;m GF/A filter (Whatman) to remove most phytoplankton cells and this filtrate was collected on 0.22 &#956;m Sterivex filters (Millipore) which were pumped dry, frozen in liquid nitrogen and stored at &#8722;80\u00c2\u00b0C until nucleic acid extraction.", "country": "Norway", "biome": "marine habitat", "samp_mat_process": "filtering", "env_package": "water", "collection_timezone": "UTC", "feature": "marine habitat", "latitude": 60.27, "isol_growth_condt": "18783384, 18725995", "continent": "europe", "geodetic_system": "wgs_84", "material": "marine habitat", "location": "coastal waters of a fjord close to Bergen, Norway", "collection_date": "2006-05-19"}, "id": "mgs22744"}, "project": {"name": "cDNA - Plymouth Marine Lab Coastal Waters project", "data": {"PI_organization_country": "United Kingdom", "PI_organization": "Plymouth Marine Laboratory", "project_funding": "Natural Environment Research Council (NE/C507902/1), Biodiversity Program of the Centre for Ecology and Hydrology, National Institute of Allergy and Infectious Diseases, National Institutes of Health, Department of Health and Human Services, the Gordon and Betty Moore Foundation", "PI_firstname": "Jack", "PI_organization_address": "Plymouth, Devon PL1 3DH", "project_description": "We present a study of a complex marine metatranscriptome obtained from random whole-community mRNA using the GS-FLX Pyrosequencing technology. Eight samples, four DNA and four mRNA, were processed from two time points in a controlled coastal ocean mesocosm study (Bergen, Norway) involving an induced phytoplankton bloom producing a total of 323,161,989 base pairs. Our study confirms the finding of the first published metatranscriptomic studies of marine and soil environments that metatranscriptomics targets highly expressed sequences which are frequently novel. Our alternative methodology increases the range of experimental options available for conducting such studies and is characterized by an exceptional enrichment of mRNA (99.92%) versus ribosomal RNA. Analysis of corresponding metagenomes confirms much higher levels of assembly in the metatranscriptomic samples and a far higher yield of large gene families with >100 members, ~91% of which were novel.  These datasets are described in PMID:  18725995  Gilbert et al. PLoS One. 2008 Aug 22;3(8):e3042. doi: 10.1371/journal.pone.0003042.\rDetection of large numbers of novel sequences in the metatranscriptomes of complex marine microbial communities. and are deposited as SRA000266.", "PI_email": "jagi@pml.ac.uk", "ncbi_id": "28725", "project_name": "cDNA - Plymouth Marine Lab Coastal Waters project", "PI_lastname": "Gilbert", "PI_organization_url": "www.pml.ac.uk"}, "id": "mgp52", "public": "cDNA - Plymouth Marine Lab Coastal Waters project"}, "env_package": {"id": "mge52487", "data": {"env_package": "water", "samp_store_temp": "-80", "misc_param": "post-bloom", "diss_carb_dioxide": "high CO2 levels"}, "type": "water", "name": "mge52487"}}, "mixs": {"collection_date": "2006-05-19", "PI_firstname": "Jack ", "sequence_type": "WGS", "location": "coastal waters of a fjord close to Bergen, Norway", "material": "marine habitat", "env_package_type": "water", "latitude": 60.27, "feature": "marine habitat", "project_name": "cDNA - Plymouth Marine Lab Coastal Waters project", "biome": "marine habitat", "country": "Norway", "seq_method": "454", "PI_lastname": "Gilbert", "project_id": "mgp52", "longitude": 64.47}}