{"md5_checksum": "8220df5fb4792d586b5035c1cc46b432", "library": ["mgl88788", "https://api.mg-rast.org/library/mgl88788"], "job_id": 19775, "pipeline_parameters": {"screen_indexes": "h_sapiens_asm", "dereplicate": "yes", "prefix_length": "50", "assembled": "no", "filter_ln": "yes", "fgs_type": "454", "m5nr_sims_version": "7", "file_type": "fna", "aa_pid": "90", "filter_ln_mult": "1.99", "max_ambig": "5", "rna_pid": "97", "m5rna_sims_version": "7", "filter_ambig": "yes", "bowtie": "no", "m5nr_annotation_version": "1", "priority": "never", "m5rna_annotation_version": "1"}, "id": "mgm4460178.3", "sequence_type": "WGS", "url": "https://api.mg-rast.org/metagenome/mgm4460178.3?verbosity=full", "metadata": {"library": {"id": "mgl88788", "name": "Station P1", "type": "WGS", "data": {"file_name": "p1.fa", "sample_name": "Station P1", "seq_meth": "454", "investigation_type": "metagenome", "metagenome_name": "Station P1", "metagenome_id": "4460178.3", "file_checksum": "8220df5fb4792d586b5035c1cc46b432"}}, "env_package": {"name": "Station P1: water", "id": "mge88787", "type": "water", "data": {"samp_store_temp": "-80", "env_package": "water", "chlorophyll": "0.2 mg m-3", "sample_name": "Station P1"}}, "project": {"name": "Puget Sound", "id": "mgp2706", "public": "Puget Sound", "data": {"project_name": "Puget Sound", "PI_email": "faustman@uw.edu", "PI_organization_address": "4225 Roosevelt Way NE Seattle, WA 98105", "PI_organization_country": "USA", "PI_firstname": "Elaine", "PI_lastname": "Faustman", "PI_organization": "University of Washington"}}, "sample": {"name": "Station P1", "id": "mgs88786", "data": {"latitude": 48.016667, "collection_time": "12:57:00", "country": "United States of America", "biome": "estuarine biome", "collection_timezone": "UTC-8", "env_package": "water", "longitude": -122.300556, "depth": 5, "material": "water", "location": "Puget Sound, WA", "temperature": 11.5, "sample_name": "Station P1", "collection_date": "2010-10-29", "feature": "estuarine bulk water"}}}, "project_alpha_diversity": {"stdv": 82.0273980149213, "max": 737.04439045492, "avg": 618.227776812093, "min": 465.872655007285}, "version": 1, "project": ["mgp2706", "https://api.mg-rast.org/project/mgp2706"], "project_metagenomes": ["4460190.3", "4460189.3", "4460188.3", "4460182.3", "4460180.3", "4460179.3", "4460178.3"], "mixs_compliant": 0, "sample": ["mgs88786", "https://api.mg-rast.org/sample/mgs88786"], "statistics": {}, "name": "Station P1", "status": "public", "owner": "mgu40782", "pipeline_version": "3.0", "mixs": {"collection_date": "2010-10-29T12:57:00-0800", "sequence_type": "WGS", "feature": "estuarine bulk water", "location": "Puget Sound, WA", "env_package_type": "water", "longitude": -122.300556, "seq_method": "454", "PI_firstname": "Elaine", "material": "water", "PI_lastname": "Faustman", "project_id": "mgp2706", "latitude": 48.016667, "project_name": "Puget Sound", "biome": "estuarine biome", "country": "United States of America"}, "created": "2011-05-19 16:11:16"}