{"pipeline_version": "3.0", "owner": "mgu9202", "statistics": {}, "project": ["mgp1929", "https://api.mg-rast.org/project/mgp1929"], "url": "https://api.mg-rast.org/metagenome/mgm4453380.3?verbosity=full", "library": ["mgl104047", "https://api.mg-rast.org/library/mgl104047"], "pipeline_parameters": {"fgs_type": "454", "max_ambig": "5", "filter_ambig": "yes", "dereplicate": "yes", "prefix_length": "50", "m5nr_sims_version": "7", "filter_ln_mult": "2.0", "aa_pid": "90", "bowtie": "yes", "filter_ln": "yes", "rna_pid": "97", "priority": "never", "file_type": "fna", "screen_indexes": "h_sapiens", "m5nr_annotation_version": "1", "m5rna_annotation_version": "1", "assembled": "no", "m5rna_sims_version": "7"}, "mixs_compliant": 0, "sample": ["mgs104045", "https://api.mg-rast.org/sample/mgs104045"], "status": "public", "version": 1, "name": "GB Site 7-2", "job_id": 12987, "metadata": {"sample": {"name": "GB Site 7-2", "id": "mgs104045", "data": {"env_package": "water", "collection_time": "09:15:00", "collection_date": "2010-02-23", "latitude": -22.864633, "depth": 1, "country": "Brazil", "feature": "ocean", "sample_name": "GB Site 7-2", "continent": "south america", "temperature": 27, "material": "coastal water", "collection_timezone": "UTC-3", "location": "Rio de Janeiro", "biome": "estuarine biome", "longitude": -43.160464}}, "env_package": {"id": "mge104046", "type": "water", "name": "GB Site 7-2: water", "data": {"chlorophyll": "23.26\u00b5M", "env_package": "water", "phosphate": "0.55\u00b5M", "ammonium": "0.31\u00b5M", "misc_param_1": "env_package: water", "tot_phosp": "2.45\u00b5M", "nitrite": "0.4\u00b5M", "silicate": "28.20\u00b5M", "salinity": "31.32", "tot_nitro": "69.97\u00b5M", "sample_name": "GB Site 7-2", "nitrate": "0.08\u00b5M"}}, "project": {"public": "Guanabara Bay Metagenome", "data": {"organization_address": "Rio de Janeiro", "organization": "Federal University of Rio de Janeiro (UFRJ)", "project_name": "Guanabara Bay Metagenome", "email": "gustavo_biomed@yahoo.com", "mgrast_id": "mgp1929", "PI_lastname": "Thompson", "PI_email": "fabiano.thompson@biologia.ufrj.br", "project_funding": "CNPq/CAPES/FAPERJ", "organization_country": "Brazil", "PI_organization": "Federal University of Rio de Janeiro (UFRJ)", "project_description": "Metagenomic snapshots of the Guanabara Bay, Rio de Janeiro, Brazil for the description of the microbial structure in complementation of the ecological survey", "PI_firstname": "Fabiano", "PI_organization_address": "Rio de Janeiro", "PI_organization_country": "Brazil", "lastname": "Gregoracci", "firstname": "Gustavo"}, "id": "mgp1929", "name": "Guanabara Bay Metagenome"}, "library": {"data": {"seq_meth": "454", "metagenome_name": "GB Site 7-2", "investigation_type": "metagenome", "file_checksum": "f418b5c236533fd775a993de4cdb9241", "seq_center": "LNCC", "sample_name": "GB Site 7-2", "metagenome_id": "4453380.3", "seq_url": "http://www.labinfo.lncc.br/"}, "id": "mgl104047", "type": "WGS", "name": "GB Site 7-2"}}, "sequence_type": "WGS", "md5_checksum": "f418b5c236533fd775a993de4cdb9241", "project_metagenomes": ["4454704.3", "4454702.3", "4454703.3", "4454701.3", "4454700.3", "4454699.3", "4454697.3", "4454698.3", "4454696.3", "4454694.3", "4454695.3", "4454693.3", "4454692.3", "4454691.3", "4454689.3", "4454688.3", "4454687.3", "4454686.3", "4454506.3", "4454505.3", "4454504.3", "4454503.3", "4454502.3", "4454501.3", "4453382.3", "4453381.3", "4453380.3", "4453379.3", "4453376.3", "4453375.3"], "mixs": {"seq_method": "454", "longitude": -43.160464, "material": "coastal water", "biome": "estuarine biome", "location": "Rio de Janeiro", "env_package_type": "water", "PI_lastname": "Thompson", "country": "Brazil", "feature": "ocean", "project_name": "Guanabara Bay Metagenome", "project_id": "mgp1929", "sequence_type": "WGS", "latitude": -22.864633, "collection_date": "2010-02-23T09:15:00-0300", "PI_firstname": "Fabiano"}, "project_alpha_diversity": {"stdv": 233.227285865519, "avg": 462.159589296933, "min": 154.271793800226, "max": 871.556007565905}, "id": "mgm4453380.3", "created": "2010-12-10 13:27:41"}