{"mixs_compliant": 0, "id": "mgm4441022.3", "project": ["mgp358", "https://api.mg-rast.org/project/mgp358"], "owner": "mgu349", "created": "2008-06-17 00:42:52", "sample": ["mgs73653", "https://api.mg-rast.org/sample/mgs73653"], "job_id": 882, "url": "https://api.mg-rast.org/metagenome/mgm4441022.3?verbosity=full", "mixs": {"material": "sandy sediment", "seq_method": "454", "feature": "marine benthic feature", "country": "Australia", "PI_lastname": "Jeffries", "project_id": "mgp358", "latitude": 36.166, "biome": "estuarine biome", "sequence_type": "WGS", "longitude": 139.651, "env_package_type": "sediment", "project_name": "Jeffries et al PLoS One", "collection_date": "2008-01-31T08:00:00+0930", "location": "Coorong Lagoon", "PI_firstname": "Thomas"}, "md5_checksum": "ad131d482c40921959c1a8471db1ccb1", "pipeline_parameters": {"m5rna_sims_version": "7", "bowtie": "yes", "filter_ambig": "yes", "m5nr_annotation_version": "1", "priority": "never", "filter_ln": "yes", "prefix_length": "50", "m5rna_annotation_version": "1", "filter_ln_mult": "2.0", "max_ambig": "5", "assembled": "no", "m5nr_sims_version": "7", "fgs_type": "454", "screen_indexes": "h_sapiens", "rna_pid": "97", "file_type": "fna", "aa_pid": "90", "dereplicate": "yes"}, "version": 1, "status": "public", "name": "Australian Coorong high salinity 136psu M4", "project_metagenomes": ["4440984.3", "4441020.3", "4441021.3", "4441022.3", "4446342.3", "4446341.3", "4446406.3", "4446411.3", "4446412.3"], "pipeline_version": "3.0", "project_alpha_diversity": {"max": 889.874953582374, "avg": 772.591540211783, "stdv": 122.705695818549, "min": 514.625301430474}, "sequence_type": "WGS", "statistics": {}, "library": ["mgl73655", "https://api.mg-rast.org/library/mgl73655"], "metadata": {"sample": {"name": "Australian Coorong high salinity 136psu M4 ", "data": {"location": "Coorong Lagoon", "collection_time": "8:00:00", "sample_name": "Australian Coorong high salinity 136psu M4", "collection_timezone": "UTC+9:30", "env_package": "sediment", "latitude": 36.166, "biome": "estuarine biome", "material": "sandy sediment", "longitude": 139.651, "feature": "marine benthic feature", "collection_date": "2008-01-31", "country": "Australia"}, "id": "mgs73653"}, "library": {"type": "WGS", "data": {"metagenome_name": "Australian Coorong high salinity 136psu M4", "metagenome_id": "4441022.3", "seq_meth": "454", "file_checksum": "ad131d482c40921959c1a8471db1ccb1", "sample_name": "Australian Coorong high salinity 136psu M4", "investigation_type": "metagenome"}, "name": "Australian Coorong high salinity 136psu M4", "id": "mgl73655"}, "project": {"id": "mgp358", "public": "Jeffries et al PLoS One", "data": {"PI_lastname": "Jeffries", "PI_email": "jeffries.thomas@gmail.com", "PI_organization": "Flinders University", "PI_firstname": "Thomas", "PI_organization_country": "Australia", "project_name": "Jeffries et al PLoS One", "PI_organization_address": "School Of Biological Sciences Flinders University GPO Boc 2100 SA 5001"}, "name": "Jeffries et al PLoS One"}, "env_package": {"id": "mge73654", "type": "sediment", "data": {"env_package": "sediment", "sample_name": "Australian Coorong high salinity 136psu M4"}, "name": "Australian Coorong high salinity 136psu M4 : sediment"}}}