{"pipeline_version": "3.0", "mixs_compliant": 0, "sample": ["mgs22110", "https://api.mg-rast.org/sample/mgs22110"], "project_alpha_diversity": {"avg": 180.930032983146, "stdv": 54.5637368829008, "min": 117.615888791714, "max": 287.431857700969}, "job_id": 1516, "owner": "mgu347", "md5_checksum": "acce67616e918ea5a38e3b454ecbfbba", "mixs": {"country": "", "seq_method": "454", "location": "Arctic Chukchi", "material": "marine habitat", "sequence_type": "WGS", "project_id": "mgp7", "collection_date": "2002-09-01", "latitude": 73.16167, "PI_lastname": "Rohwer", "biome": "marine habitat", "feature": "marine habitat", "env_package_type": "water", "longitude": 159.44667, "project_name": "Ocean Viruses", "PI_firstname": "Forest"}, "library": ["mgl52358", "https://api.mg-rast.org/library/mgl52358"], "metadata": {"project": {"name": "Ocean Viruses", "id": "mgp7", "public": "Ocean Viruses", "data": {"project_description": "Phages affect microbial evolution by inserting themselves into genomes as prophages. Prophages often account for most of the difference between strains of the same microbial species [4], and they can dramatically change the phenotype of the hosts via lysogenic conversion. For example, many nonpathogens and pathogens only differ by prophages that encode exotoxin genes [5]. Phages also affect microbial evolution by moving genes from host to host. It has been hypothesized that most of the orphan open reading frames (ORFans) in microbial genomes are actually of phage origin [6]. Phages may also affect microbial evolution by killing specific microbes. Various Lotka-Volterra models, called \u00e2\u0080\u009ckill-the-winner,\u00e2\u0080\u009d predict that as one microbial strain becomes dominant, its viral predator kills it and leaves open a niche that can be used by a related strain that is resistant to the phage [7,8]. This model may explain the enormous microdiversity observed in microbial communities [9].\r\nThe advent of whole-community genome sequencing (i.e., metagenomics) is rapidly changing the way viral and microbial diversity are assayed. Using this approach, it is possible to rapidly characterize the metabolic diversity and community structure of any microbial ecosystem [10\u00e2\u0080\u009319]. We studied the marine viral metagenome (virome) of four oceanic regions. The viromes were obtained by pyrosequencing uncultured viral assemblages that were integrated over 4,600 km in distance, 3,000 m in depth, and over a decade in time in order to characterize them and identify patterns of viral distribution and diversity.\r\n\r\nSamples were collected from four oceanic regions. Briefly, the viral samples were concentrated on tangential flow filters (30\u00e2\u0080\u0093100-kD cutoff), distributed into 50-ml tubes and stored at 4 \u00c2\u00b0C in the dark. A single sample was collected from the Sargasso Sea (labeled SAR) on 30 June 2005. Chloroform was added to this sample to stop microbial growth. Integrative samples, representing multiple sites and times, were assembled from the Gulf of Mexico (labeled GOM; 13 sites; 42 individual samples), the British Columbia coastal waters (labeled BBC; 38 sites; 85 individual samples), and the Arctic Ocean (labeled Arctic; 16 sites; 56 individual samples). These samples represent the combined viral assemblages of four oceanic regions over approximately one decade.", "PI_organization": "Department of Biology, San Diego State University,", "project_name": "Ocean Viruses", "project_funding": "NSERC, ONR, NSF grants and The Marine Microbial Initiative by the Gordon and Betty Moore Foundation (FR)", "PI_firstname": "Forest", "PI_email": "forest@sunstroke.sdsu.edu", "PI_lastname": "Rohwer", "PI_organization_address": "San Diego, CA", "PI_organization_country": "USA", "ncbi_id": "18225", "PI_organization_url": "http://bio.sdsu.edu"}}, "env_package": {"data": {"_temp": "-1.4 to 5.4", "samp_store_temp": "4", "suspend_part_matter": "1.11 x 1010 vlps per ml", "env_package": "water", "salinity": "26.8 to 35.0"}, "type": "water", "name": "mge52359", "id": "mge52359"}, "sample": {"data": {"isol_growth_condt": "17090214", "continent": "na", "env_package": "water", "geodetic_system": "wgs_84", "collection_timezone": "UTC", "samp_collect_device": "Seawater samples (10 to 200 liters) were prefiltered through 142 mm-diameter glass fiber filters (1.2 &#956;m nominal pore-size: type GC50, Advantec MFS, Dublin, CA, or 0.7 &#956;m nominal pore-size: type GF/F, Whatman, Clifton, NJ) followed by either 0.45-&#956;m-pore-size (type GVWP, Millipore, Bedford, MA) or 0.2 &#956;m- pore-size (Gelman, East Hills, NY) membrane filters.", "material": "marine habitat", "samp_mat_process": "filtering", "location": "Arctic Chukchi", "feature": "marine habitat", "biome": "marine habitat", "latitude": 73.16167, "collection_date": "2002-09-01", "samp_size": "10 to 200 liters", "longitude": 159.44667, "salinity": "2.68-3.5"}, "id": "mgs22110", "name": "mgs22110"}, "library": {"data": {"metagenome_id": "4441622.3", "sequences_sequences_assembled": "Assembled contigs", "sequences_sequences_combined_libraries": "Sequences are from combined libraries", "pubmed_id": "17090214, 18337718", "metagenome_name": "Arctic Chukchi", "seq_meth": "454", "sequences_sequences_filtered": "Removed redundant contigs", "file_checksum": "acce67616e918ea5a38e3b454ecbfbba", "lib_type": "Virome", "investigation_type": "metagenome"}, "id": "mgl52358", "name": "mgl52358", "type": "WGS"}}, "status": "public", "sequence_type": "WGS", "name": "Arctic Chukchi", "id": "mgm4441622.3", "version": 1, "project": ["mgp7", "https://api.mg-rast.org/project/mgp7"], "statistics": {}, "pipeline_parameters": {"prefix_length": "50", "dereplicate": "yes", "m5nr_annotation_version": "1", "filter_ln_mult": "2.0", "rna_pid": "97", "assembled": "no", "max_ambig": "5", "m5rna_sims_version": "7", "file_type": "fna", "m5rna_annotation_version": "1", "filter_ambig": "yes", "aa_pid": "90", "screen_indexes": "h_sapiens", "fgs_type": "454", "bowtie": "yes", "m5nr_sims_version": "7", "priority": "never", "filter_ln": "yes"}, "project_metagenomes": ["4441626.3", "4441625.3", "4441625.4", "4441627.3", "4441623.3", "4441624.3", "4441621.3", "4441622.3", "4441629.3", "4441628.3"], "created": "2008-10-21 21:33:11", "url": "https://api.mg-rast.org/metagenome/mgm4441622.3?verbosity=full"}