{"metadata": {"sample": {"data": {"country": "Czech Republic", "sample_name": "Hor", "env_package": "soil", "material": "contaminated soil", "collection_date": "2012-06-01", "location": "South Bohemia", "feature": "landfill", "elevation": 531, "depth": 1, "collection_time": "10:30:00", "collection_timezone": "UTC+2", "longitude": 14.16, "biome": "terrestrial biome", "latitude": 48.99, "experimental_factor": "Horseradish vegetation", "continent": "europe"}, "name": "Hor", "id": "mgs477134"}, "library": {"type": "WGS", "id": "mgl477136", "name": "Hor_shotgun", "data": {"investigation_type": "metagenome", "metagenome_name": "Hor_shotgun", "seq_meth": "454", "metagenome_id": "4450171.3", "sample_name": "Hor", "file_checksum": "d9e707850b88483e77f23671cce9ad80"}}, "env_package": {"type": "soil", "id": "mge477135", "name": "Hor: soil", "data": {"env_package": "soil", "sample_name": "Hor"}}, "project": {"id": "mgp271", "public": "Rhizosphere", "name": "Rhizosphere", "data": {"organization_country": "Czech Republic", "administrative-contact_PI_lastname": "Paces", "firstname": "Jakub", "PI_organization_url": "http://www.img.cas.cz/en/", "project_name": "rhizosphere", "organization_url": "http://www.img.cas.cz/en/", "PI_organization_address": "Videnska 1083, 14220 Prague 4, Czech Republic", "PI_organization_country": "Czech Republic", "envo_release": "2013-04-27", "project_description": "454 shotgun sequencing of plant root zone specific microbiomes in long-term contaminated soil", "administrative-contact_PI_email": "hpaces@img.cas.cz", "PI_organization": "Institute of Molecular Genetics of the ASCR", "PI_lastname": "Paces", "project_funding": "NPVII MSMT CR", "email": "ridlj@img.cas.cz", "administrative-contact_PI_organization_url": "www.img.cas.cz", "organization": "Institute of Molecular Genetics of the ASCR", "administrative-contact_PI_organization_country": "Czech Republic", "PI_email": "jan.paces@img.cas.cz", "administrative-contact_PI_firstname": "Jan", "PI_firstname": "Jan", "lastname": "Ridl", "organization_address": "Videnska 1083, 14220 Prague 4, Czech Republic"}}}, "url": "https://api.mg-rast.org/metagenome/mgm4450171.3?verbosity=full", "pipeline_parameters": {"rna_pid": "97", "aa_pid": "90", "dereplicate": "yes", "bowtie": "yes", "m5nr_annotation_version": "1", "file_type": "fna", "filter_ln": "yes", "max_ambig": "5", "prefix_length": "50", "m5rna_sims_version": "7", "m5nr_sims_version": "7", "filter_ambig": "yes", "priority": "never", "screen_indexes": "h_sapiens", "m5rna_annotation_version": "1", "fgs_type": "454", "filter_ln_mult": "2.0", "assembled": "no"}, "project": ["mgp271", "https://api.mg-rast.org/project/mgp271"], "sample": ["mgs477134", "https://api.mg-rast.org/sample/mgs477134"], "owner": "mgu3612", "pipeline_version": "3.0", "sequence_type": "WGS", "job_id": 9902, "statistics": {}, "id": "mgm4450171.3", "project_metagenomes": ["4450631.3", "4450630.3", "4450629.3", "4450628.3", "4450172.3", "4450171.3", "4450131.3", "4450130.3"], "status": "public", "mixs_compliant": 0, "version": 1, "library": ["mgl477136", "https://api.mg-rast.org/library/mgl477136"], "created": "2010-07-28 10:32:23", "name": "Hor_shotgun", "project_alpha_diversity": {"min": 552.015272165527, "max": 814.672792461465, "stdv": 94.9686550073062, "avg": 718.224371189495}, "mixs": {"country": "Czech Republic", "PI_lastname": "Paces", "collection_date": "2012-06-01T10:30:00+0200", "project_id": "mgp271", "material": "contaminated soil", "location": "South Bohemia", "feature": "landfill", "PI_firstname": "Jan", "sequence_type": "WGS", "project_name": "Rhizosphere", "longitude": 14.16, "biome": "terrestrial biome", "latitude": 48.99, "seq_method": "454", "env_package_type": "soil"}, "md5_checksum": "d9e707850b88483e77f23671cce9ad80"}