{"job_id": 107, "project_metagenomes": ["4440435.3", "4440426.3", "4440437.3", "4440427.3", "4440144.4", "4440145.4", "4440433.3", "4440419.3", "4440416.3", "4440425.3", "4440431.3", "4440417.3", "4440432.3", "4440434.3", "4440436.3", "4440421.3", "4440428.3", "4440324.3", "4440325.3", "4440420.3", "4440430.3", "4440429.3", "4440438.3", "4440090.3"], "mixs_compliant": 0, "version": 1, "metadata": {"project": {"id": "mgp11", "public": "Chula Vista, CA Solar Saltern Study", "name": "Chula Vista, CA Solar Saltern Study", "data": {"ncbi_id": "28377, 28725", "PI_organization_country": "USA", "PI_lastname": "Rodriguez-Brito", "PI_organization_url": "www.csrc.sdsu.edu/", "project_name": "Chula Vista, CA Solar Saltern Study", "project_funding": "NSF, Gordon and Betty Moore Foundation, ARCS Fellowship, NSF Postdoctoral Fellowship #DBI-0511948, ATP/Kent Sea Tech and EMBO ASTF366-2007 short-term fellowship.", "PI_organization": "Computational Science Research Center, San Diego State University", "PI_firstname": "Beltran", "project_description": "Water samples from the solar saltern of South Bay Salt Works (Chula Vista, CA, USA) were collected from three ponds with different salinities: low (6-8%), medium (12-14%), and high (27-30%). In this study, we used metagenomics to monitor the viral and microbial communities in this and 3 other distinctive, stable, human-controlled aquatic environments over time. The study environments included a freshwater aquaculture system and three solar saltern environments of differing salinity. Populations within the communities were monitored at both the coarse-grained level of species and the fine-grained level of strains. On the basis of our results, we propose a model for these stable aquatic environments that is consistent with a Kill-the-Winner cycling of predator and prey populations and in which sensitive microbial strains are killed off by viral predators and are replaced by phage-resistant strains of the same species.", "PI_organization_address": "San Diego, CA", "PI_email": "beltran.rodriguezbrito@gmail.com"}}, "library": {"name": "LowSalternPlaSDbay20051122", "data": {"gold_id": "Gm00134", "investigation_type": "metagenome", "seq_meth": "454", "seq_center": "454 Life Sciences, Inc, Branford, CT", "metagenome_name": "LowSalternPlaSDbay20051122", "sample_name": "LowSalternPlaSDbay20051122", "file_checksum": "d85f5977818f88aa4a8a1d3e81aea7da", "misc_param": "sequences_sequences_filtered: Removed redundant contigs", "pubmed_id": "18337718, 20147985", "file_name": "LowSalternPlaSDbay20051122.fna", "metagenome_id": "4440090.3"}, "type": "WGS", "id": "mgl69190"}, "env_package": {"id": "mge69189", "type": "water", "name": "LowSalternPlaSDbay20051122: water", "data": {"salinity": "6-8%", "sample_name": "LowSalternPlaSDbay20051122", "env_package": "water"}}, "sample": {"id": "mgs69188", "name": "LowSalternPlaSDbay20051122", "data": {"isol_growth_condt": "20147985", "continent": "north america", "latitude": 32.6, "longitude": -117.1072, "biome": "marine biome", "country": "United States of America", "collection_timezone": "UTC", "collection_date": "2005-11-22", "collection_time": "00:00:00", "samp_collect_device": "Water samples from the solar saltern of South Bay Salt Works (Chula Vista, CA, USA) were collected from three ponds with different salinities: low (6-8%), medium (12-14%), and high (27-30%). Salinity was measured with a hand refractometer. The time between samplings ranged from 1 day to ~1.33 years (Table 1). Viral and microbial fractions were isolated from each water sample by passage through a 0.2-&#956;m tangential flow filter (TFF, Millipore, Westborough, MA, USA). The filtrate and the retentate were collected in separate tanks. The virus-containing filtrate was concentrated to a final volume of ~500&#8201;ml using a 100-kDa TFF filter. Polyethylene glycol (PEG 8000) was added to a final concentration of 10% (w/v) and the mixture was incubated for 12-18&#8201;h at 4&#8201;\u00c2\u00b0C. The VLPs were pelleted by centrifuging for 2&#8201;h at 22&#8201;000&#8201;rpm in an SW41Ti swinging bucket rotor (RCF avg=53&#8201;000 \u00c3\u0097 g). The VLP pellet was resuspended in filtered (100&#8201;kDa) saltern water to a final volume of ~50&#8201;ml. The virus concentrate was loaded onto a cesium chloride density gradient, centrifuged, and the 1.5&#8201;g&#8201;ml&#8722;1 fraction was collected.", "feature": "saline evaporation pond", "material": "saline water", "env_package": "water", "sample_name": "LowSalternPlaSDbay20051122", "location": "Chula Vista, CA"}}}, "id": "mgm4440090.3", "md5_checksum": "d85f5977818f88aa4a8a1d3e81aea7da", "project": ["mgp11", "https://api.mg-rast.org/project/mgp11"], "owner": "mgu161", "sequence_type": "WGS", "project_alpha_diversity": {"max": 769.523606831403, "avg": 287.597157489909, "min": 25.0416487709006, "stdv": 214.92260101415}, "pipeline_parameters": {"screen_indexes": "h_sapiens", "bowtie": "yes", "filter_ambig": "yes", "filter_ln_mult": "2.0", "dereplicate": "yes", "file_type": "fna", "m5nr_sims_version": "7", "filter_ln": "yes", "aa_pid": "90", "m5rna_annotation_version": "1", "fgs_type": "454", "assembled": "no", "m5rna_sims_version": "7", "max_ambig": "5", "prefix_length": "50", "m5nr_annotation_version": "1", "rna_pid": "97", "priority": "never"}, "mixs": {"project_id": "mgp11", "project_name": "Chula Vista, CA Solar Saltern Study", "latitude": 32.6, "country": "United States of America", "longitude": -117.1072, "biome": "marine biome", "PI_firstname": "Beltran", "sequence_type": "WGS", "PI_lastname": "Rodriguez-Brito", "collection_date": "2005-11-22T00:00:00Z", "env_package_type": "water", "seq_method": "454", "material": "saline water", "feature": "saline evaporation pond", "location": "Chula Vista, CA"}, "url": "https://api.mg-rast.org/metagenome/mgm4440090.3?verbosity=full", "statistics": {}, "name": "LowSalternPlaSDbay20051122", "created": "2007-07-14 04:23:02", "sample": ["mgs69188", "https://api.mg-rast.org/sample/mgs69188"], "pipeline_version": "3.0", "status": "public", "library": ["mgl69190", "https://api.mg-rast.org/library/mgl69190"]}