{"sequence_type": "WGS", "job_id": 10740, "pipeline_parameters": {"m5nr_annotation_version": "1", "prefix_length": "50", "rna_pid": "97", "filter_ln": "yes", "fgs_type": "454", "aa_pid": "90", "dereplicate": "yes", "m5rna_annotation_version": "1", "bowtie": "yes", "screen_indexes": "h_sapiens", "max_ambig": "5", "file_type": "fna", "m5rna_sims_version": "7", "priority": "never", "assembled": "no", "m5nr_sims_version": "7", "filter_ambig": "yes", "filter_ln_mult": "2.0"}, "mixs": {"project_name": "Mangroves", "longitude": -45.25083, "location": "Bertioga", "biome": "Mangrove biome", "seq_method": "454", "collection_date": "2011-08-15T10:30:00-0300", "country": "Brazil", "PI_lastname": "Andreote", "feature": "intertidal zone", "project_id": "mgp134", "sequence_type": "WGS", "PI_firstname": "Fernando", "latitude": -23.90167, "material": "estuarine mud", "env_package_type": "soil"}, "md5_checksum": "c177e10ff0c1dc1dec41f144bc26539b", "project_alpha_diversity": {"stdv": 112.948822779448, "avg": 871.974358569858, "min": 725.862256198441, "max": 991.190107545118}, "version": 1, "name": "BRMgv-2Clean", "status": "public", "project_metagenomes": ["4451033.3", "4451034.3", "4451035.3", "4451036.3", "4452857.3"], "mixs_compliant": 0, "owner": "mgu8322", "sample": ["mgs120130", "https://api.mg-rast.org/sample/mgs120130"], "library": ["mgl120132", "https://api.mg-rast.org/library/mgl120132"], "metadata": {"library": {"data": {"investigation_type": "metagenome", "seq_meth": "454", "metagenome_id": "4451034.3", "file_checksum": "c177e10ff0c1dc1dec41f144bc26539b", "sample_name": "4451034.3", "metagenome_name": "BRMgv-2Clean"}, "type": "WGS", "name": "BRMgv-2Clean", "id": "mgl120132"}, "env_package": {"data": {"sample_name": "4451034.3", "env_package": "soil"}, "id": "mge120131", "type": "soil", "name": "4451034.3: soil"}, "project": {"name": "Mangroves", "id": "mgp134", "public": "Mangroves", "data": {"mgrast_id": "mgp134", "project_name": "Mangroves", "PI_organization_country": "Brazil", "PI_firstname": "Fernando", "PI_email": "fdandreo@gmail.com", "project_funding": "- FAPESP", "PI_lastname": "Andreote", "PI_organization_address": "av. P\u00e1dua Dias, 11 - Piracicaba - SP, CEP 13418-90", "PI_organization": "ESALQ/USP"}}, "sample": {"id": "mgs120130", "name": "4451034.3", "data": {"collection_timezone": "UTC-3", "material": "estuarine mud", "latitude": -23.90167, "feature": "intertidal zone", "sample_name": "4451034.3", "collection_time": "10:30:00", "country": "Brazil", "collection_date": "2011-08-15", "env_package": "soil", "location": "Bertioga", "biome": "Mangrove biome", "longitude": -45.25083}}}, "created": "2010-09-08 15:55:34", "pipeline_version": "3.0", "id": "mgm4451034.3", "url": "https://api.mg-rast.org/metagenome/mgm4451034.3?verbosity=full", "project": ["mgp134", "https://api.mg-rast.org/project/mgp134"], "statistics": {}}