{"job_id": 25155, "project_alpha_diversity": {"min": 621.136238630828, "stdv": 47.0846469520275, "avg": 668.220885582856, "max": 715.305532534883}, "project_metagenomes": ["4465558.3", "4465556.3"], "pipeline_version": "3.0", "id": "mgm4465558.3", "mixs_compliant": 0, "sequence_type": "WGS", "md5_checksum": "9e3a2dd62c428bcc6d791b9b3d8b0400", "url": "https://api.mg-rast.org/metagenome/mgm4465558.3?verbosity=full", "library": ["mgl99636", "https://api.mg-rast.org/library/mgl99636"], "version": 1, "mixs": {"PI_lastname": "Fernandez-Lopez", "country": "Spain", "PI_firstname": "Manuel", "project_name": "Fire at Holm-Oak Rhizosphere", "feature": "Forest", "latitude": 36.95744, "biome": "Mediterranean forests, woodlands, and shrub biome", "project_id": "mgp3608", "sequence_type": "WGS", "env_package_type": "soil", "location": "Sierra Nevada National Park, Granada, Spain", "longitude": -3.46336, "collection_date": "2008-04-29T12:00:00ERROR timezone has no sign in (1)", "material": "mountain forest soil", "seq_method": "pyrosequencing"}, "sample": ["mgs99634", "https://api.mg-rast.org/sample/mgs99634"], "owner": "mgu13042", "metadata": {"sample": {"name": "4465558.3", "id": "mgs99634", "data": {"continent": "europe", "latitude": 36.95744, "biome": "Mediterranean forests, woodlands, and shrub biome", "country": "Spain", "feature": "Forest", "location": "Sierra Nevada National Park, Granada, Spain", "longitude": -3.46336, "altitude": 1566, "material": "mountain forest soil", "collection_date": "2008-04-29", "collection_timezone": "UTC1", "ph": 7.6, "collection_time": "12:00:00", "sample_name": "4465558.3", "depth": 0.25, "env_package": "soil", "sample_id": "LJQ_limpio"}}, "env_package": {"data": {"env_package": "soil", "sample_name": "4465558.3"}, "id": "mge99635", "name": "4465558.3: soil", "type": "soil"}, "library": {"id": "mgl99636", "data": {"file_name": "Fasta_Q_buenas_limpias.fa", "metagenome_name": "BOF_454", "investigation_type": "metagenome", "metagenome_id": "4465558.3", "sample_name": "4465558.3", "seq_meth": "pyrosequencing", "file_checksum": "9e3a2dd62c428bcc6d791b9b3d8b0400"}, "type": "WGS", "name": "LJQ_limpio"}, "project": {"name": "Fire at Holm-Oak Rhizosphere", "public": "Fire at Holm-Oak Rhizosphere", "id": "mgp3608", "data": {"project_description": "Analysis of the 2005 Wildfire effect on the rhizosphere of Holm-Oak 32 months later", "ncbi_id": "PRJNA188483", "PI_organization": "EEZ \u2013 CSIC", "PI_email": "manuel.fernandez@eez.csic.es", "organization_country": "Spain", "PI_organization_country": "Spain", "project_funding": "Junta de Andalucia Project P08-CVI-03549 and Parques Nacionales Project OAPN 021/2007", "firstname": "Antonio", "organization_address": "Calle Profesor Albareda, 1 18008 \u2013 Granada", "PI_organization_url": "www.eez.csic.es", "project_name": "Fire at Holm-Oak Rhizosphere", "lastname": "Fernandez-Gonzalez", "PI_firstname": "Manuel", "PI_organization_address": "Calle Profesor Albareda, 1 18008 \u2013 Granada", "organization": "EEZ \u2013 CSIC", "email": "antonio.fernandez@eez.csic.es", "PI_lastname": "Fernandez-Lopez", "organization_url": "www.eez.csic.es"}}}, "created": "2011-06-02 15:47:20", "project": ["mgp3608", "https://api.mg-rast.org/project/mgp3608"], "status": "public", "statistics": {}, "pipeline_parameters": {"prefix_length": "50", "m5nr_sims_version": "7", "rna_pid": "97", "filter_ln": "no", "max_ambig": "5", "aa_pid": "90", "priority": "never", "filter_ambig": "no", "bowtie": "no", "filter_ln_mult": "-2.84", "m5rna_sims_version": "7", "m5nr_annotation_version": "1", "m5rna_annotation_version": "1", "screen_indexes": "h_sapiens_asm", "fgs_type": "454", "assembled": "no", "file_type": "fna", "dereplicate": "no"}, "name": "BOF_454"}