{"project_metagenomes": ["4477971.3", "4477970.3"], "project": ["mgp13418", "https://api.mg-rast.org/project/mgp13418"], "url": "https://api.mg-rast.org/metagenome/mgm4477970.3?verbosity=full", "job_id": 37571, "id": "mgm4477970.3", "sequence_type": "WGS", "library": ["mgl296827", "https://api.mg-rast.org/library/mgl296827"], "owner": "mgu49236", "version": 1, "mixs_compliant": 1, "project_alpha_diversity": {"min": 418.915790798138, "stdv": 0.0768463396025112, "avg": 418.992637137741, "max": 419.069483477343}, "metadata": {"sample": {"id": "mgs296825", "data": {"latitude": 34.061183, "env_package": "host-associated", "material": "feces", "biome": "terrestrial biome", "location": "Division of Gastroenterology; 9500 Gilman Drive; La Jolla, CA 92093", "country": "USA", "collection_date": "2009-07-21", "collection_time": "09:00:00", "collection_timezone": "UTC-8", "feature": "carcass", "longitude": -118.205571, "sample_name": "Sample1"}, "name": "Sample1"}, "library": {"data": {"seq_url": "http://www.jcvi.org", "seq_make": "Illumina", "seq_meth": "illumina", "seq_center": "J. Craig Venter Institute", "seq_model": "HiSeq", "file_checksum": "844e2b5ca4b3485f0c7034445997a30e", "pubmed_id": "25239591", "metagenome_name": "alcohol_experimental", "metagenome_id": "4477970.3", "sample_name": "Sample1", "assembly": "CLC Assembly Cell version 3.22.55708", "file_name": "ALCOHOL_dna.fasta", "investigation_type": "metagenome"}, "name": "alcohol_experimental", "id": "mgl296827", "type": "WGS"}, "project": {"name": "Metagenomics of Ethanol-induced dysbiosis in a mouse model of liver disease", "data": {"PI_organization_address": "Division of Gastroenterology; 9500 Gilman Drive; La Jolla, CA 92093", "email": "dfouts@jcvi.org", "misc_param": "PMID:  25239591", "lastname": "Fouts", "organization_country": "USA", "PI_organization_url": "http://gastro.ucsd.edu/", "PI_organization": "University of California San Diego", "project_name": "Metagenomics of Ethanol-induced dysbiosis in a mouse model of liver disease", "PI_lastname": "Schnabl", "organization_address": "9704 Medical Center Drive, Rockville, MD  20850", "organization_url": "http://www.jcvi.org/", "organization": "J. Craig Venter Institute", "envo_release": "2015-02-13", "project_description": "Metaganomic analysis of the cecal microbiome in a mouse model of alcoholic liver disease.  This project explores the composition of the mouse gut microbiome.  Samples consisted of assemblies of Illumina sequence reads from 2 DNA pools (ethanol and control) from 3 mice each.  Three were fed a diet supplemented with ethanol and three were supplemented with dextrose to make a diet isocaloric with the ethanol treated group.", "PI_firstname": "Bernd", "PI_email": "beschnabl@ucsd.edu", "PI_organization_country": "USA", "ncbi_id": "PRJNA89097", "firstname": "Derrick", "project_funding": "NIH - National Institutes of Health"}, "public": "Metagenomics of Ethanol-induced dysbiosis in a mouse model of liver disease", "id": "mgp13418"}, "env_package": {"type": "host-associated", "id": "mge296826", "name": "Sample1: host-associated", "data": {"family_relationship": "littermates", "host_color": "black", "body_product": "stool", "env_package": "host-associated", "host_common_name": "house mouse", "host_taxid": "10090", "body_site": "cecum", "disease_stat": "steatohepatitis", "sex": "male", "perturbation": "ethanol feeding", "phenotype": "bacterial overgrowth, bacterial translocation, liver injury", "age": "11 weeks", "host_subject_id": "776_778_780", "genotype": "C57BL/6J", "samp_store_temp": "-80", "sample_name": "Sample1", "host_growth_cond": "PMID: 21254165", "diet": "regular chow with a final ethanol dose of 30.9g/kg/day", "profile_rating_demo 2": "silver", "body_habitat": "digestive system"}}}, "md5_checksum": "844e2b5ca4b3485f0c7034445997a30e", "status": "public", "pipeline_parameters": {"priority": "never", "file_type": "fna", "prefix_length": "50", "filter_ln": "no", "m5rna_annotation_version": "1", "m5nr_annotation_version": "1", "aa_pid": "90", "assembled": "no", "m5rna_sims_version": "1", "screen_indexes": "h_sapiens_asm", "m5nr_sims_version": "7", "fgs_type": "454", "max_ambig": "5", "dereplicate": "no", "filter_ln_mult": "-0.30", "bowtie": "no", "filter_ambig": "no", "rna_pid": "97"}, "name": "alcohol_experimental", "statistics": {}, "sample": ["mgs296825", "https://api.mg-rast.org/sample/mgs296825"], "mixs": {"latitude": 34.061183, "material": "feces", "biome": "terrestrial biome", "country": "USA", "sequence_type": "WGS", "PI_firstname": "Bernd", "location": "Division of Gastroenterology; 9500 Gilman Drive; La Jolla, CA 92093", "collection_date": "2009-07-21T09:00:00-0800", "env_package_type": "host-associated", "project_id": "mgp13418", "longitude": -118.205571, "seq_method": "illumina", "feature": "carcass", "project_name": "Metagenomics of Ethanol-induced dysbiosis in a mouse model of liver disease", "PI_lastname": "Schnabl"}, "pipeline_version": "3.0", "created": "2011-12-01 21:06:05"}