{"pipeline_parameters": {"bowtie": "no", "aa_pid": "90", "filter_ambig": "yes", "screen_indexes": "h_sapiens_asm", "filter_ln": "yes", "rna_pid": "97", "max_ambig": "5", "m5nr_sims_version": "7", "assembled": "no", "fgs_type": "454", "dereplicate": "yes", "prefix_length": "50", "m5rna_annotation_version": "1", "m5nr_annotation_version": "1", "m5rna_sims_version": "7", "filter_ln_mult": "2.00", "priority": "never", "file_type": "fna"}, "library": ["mgl164960", "https://api.mg-rast.org/library/mgl164960"], "version": 1, "mixs": {"PI_firstname": "Julie", "latitude": -12.37444, "longitude": -77, "material": "coastal water", "env_package_type": "water", "country": "Pacific Ocean", "collection_date": "2009-01-09T12:15:00-0500", "location": "Coastal waters off Lima", "PI_lastname": "LaRoche", "project_name": "Peru OMZ - Meteor Cruise M77/3", "seq_method": "pyrosequencing", "feature": "coastal water body", "sequence_type": "WGS", "biome": "Neritic epipelagic zone biome", "project_id": "mgp6556"}, "pipeline_version": "3.0", "owner": "mgu25612", "job_id": 20274, "url": "https://api.mg-rast.org/metagenome/mgm4460677.3?verbosity=full", "id": "mgm4460677.3", "status": "public", "mixs_compliant": 0, "project_alpha_diversity": {"stdv": 223.226790747773, "avg": 694.760598422866, "max": 941.564002785273, "min": 290.049698431873}, "md5_checksum": null, "project_metagenomes": ["4461589.3", "4461588.3", "4460736.3", "4460735.3", "4460734.3", "4460677.3", "4460676.3", "4452043.3", "4452042.3", "4452039.3", "4452038.3", "4450892.3", "4450891.3"], "created": "2011-05-19 16:12:10", "sequence_type": "WGS", "name": "Sulfidic Event in Peruvian OMZ Metagenome 05m", "project": ["mgp6556", "https://api.mg-rast.org/project/mgp6556"], "sample": ["mgs164958", "https://api.mg-rast.org/sample/mgs164958"], "statistics": {}, "metadata": {"env_package": {"id": "mge164959", "type": "water", "data": {"sulfide": "0", "nitrate": "4.72", "nitrite": "2.051", "env_package": "water", "phosphate": "2.567", "sample_name": "Sulfidic Event in Peruvian OMZ Metagenome 05m", "diss_oxygen": "43.3", "ammonium": "1.41", "salinity": "34.9578222222"}, "name": "Sulfidic Event in Peruvian OMZ Metagenome 05m: water"}, "library": {"data": {"seq_meth": "pyrosequencing", "metagenome_id": "4460677.3", "file_name": "2.GAC.454Reads.RL10.fna", "metagenome_name": "Sulfidic Event in Peruvian OMZ Metagenome 05m", "sample_name": "Sulfidic Event in Peruvian OMZ Metagenome 05m", "investigation_type": "metagenome"}, "id": "mgl164960", "type": "WGS", "name": "Sulfidic Event in Peruvian OMZ Metagenome 05m"}, "project": {"name": "Peru OMZ - Meteor Cruise M77/3", "public": "Peru OMZ - Meteor Cruise M77/3", "data": {"project_funding": "GEOMAR Helmholtz Centre for Ocean Research Kiel & Collaborative Research Center 754 (Sonderforschungsbreich 754)", "PI_organization_url": "www.geomar.de & www.sfb754.de", "organization_address": "D\u00fcsternbrooker Weg 20, 24105 Kiel, Germany", "organization": "GEOMAR Helmholtz Centre for Ocean Research Kiel & Collaborative Research Center 754 (Sonderforschungsbreich 754)", "organization_url": "www.geomar.de & www.sfb754.de", "PI_lastname": "LaRoche", "project_name": "Peru OMZ - Meteor Cruise M77/3", "PI_organization_address": "1355 Oxford Street, Halifax", "project_description": "Oceanographic research cruise to the oxygen minimum zone off the coast of Ecuador and Peru", "PI_email": "julie.laroche@dal.ca", "PI_organization": "Department of Biology, Dalhousie University", "PI_firstname": "Julie", "organization_country": "Germany", "PI_organization_country": "Canada"}, "id": "mgp6556"}, "sample": {"name": "Sulfidic Event in Peruvian OMZ Metagenome 05m", "data": {"latitude": -12.37444, "temperature": 15.9446, "longitude": -77, "country": "Pacific Ocean", "material": "coastal water", "location": "Coastal waters off Lima", "collection_timezone": "UTC-5", "collection_date": "2009-01-09", "samp_collect_device": "Pump-conductivity-temperature-depth (pump-CTD) water sampler", "collection_time": "12:15:00", "continent": "south america", "sample_name": "Sulfidic Event in Peruvian OMZ Metagenome 05m", "biome": "Neritic epipelagic zone biome", "depth": 5, "feature": "coastal water body", "env_package": "water"}, "id": "mgs164958"}}}