{"status": "public", "job_id": 44142, "sequence_type": "WGS", "project_metagenomes": ["4482593.3", "4483544.3", "4482599.3", "4483820.3", "4482600.3", "4483819.3"], "project_alpha_diversity": {"stdv": 34.3719782224206, "min": 733.69228073145, "avg": 772.199923322197, "max": 828.99843176878}, "name": "Agricultural forward", "pipeline_version": "3.0", "metadata": {"sample": {"id": "mgs184016", "name": "Agricultural forward", "data": {"biome": "terrestrial biome", "sample_name": "Agricultural forward", "collection_date": "2010-05-05", "feature": "agricultural soil", "collection_timezone": "UTC-5", "sample_strategy": "enriched", "material": "soil", "country": "Canada", "env_package": "miscellaneous", "sample_id": "CM2BL_Agriculture_11AW_Fwd", "longitude": -80.40972, "collection_time": "10:00:00", "location": "Elora research station,Guelph,ON", "latitude": 43.47417}}, "library": {"id": "mgl184018", "type": "WGS", "name": "Agricultural forward", "data": {"sample_name": "Agricultural forward", "investigation_type": "metagenome", "seq_meth": "illumina", "metagenome_name": "Agricultural forward", "file_name": "sample6.fastq.fasta", "file_checksum": "7ebd87afffa86de27a45e2d5f102054f", "metagenome_id": "4482600.3"}}, "env_package": {"name": "Agricultural forward: miscellaneous", "data": {"sample_name": "Agricultural forward", "env_package": "miscellaneous"}, "type": "miscellaneous", "id": "mge184017"}, "project": {"id": "mgp8744", "public": "Enriched soil metagenomes for Glycoside Hydrolases", "data": {"project_name": "Enriched soil metagenomes for Glycosyde Hydrolases", "project_funding": "NSERC", "PI_organization_url": "www.uwaterloo.ca", "PI_lastname": "Verastegui", "PI_email": "yrisverastegui@yahoo.com", "PI_firstname": "Yris", "project_description": "Tundra, temperate rainforest and Agricultural soils amended with glucose, cellobiose, arabinose, xylose and cellulose to target novel glycosyl hudrolases.", "PI_organization": "University of Waterloo", "PI_organization_country": "Canada", "PI_organization_address": "200 University Av. W. Waterloo, ON,N2L3G1"}, "name": "Enriched soil metagenomes for Glycoside Hydrolases"}}, "library": ["mgl184018", "https://api.mg-rast.org/library/mgl184018"], "mixs": {"latitude": 43.47417, "location": "Elora research station,Guelph,ON", "sequence_type": "WGS", "project_name": "Enriched soil metagenomes for Glycoside Hydrolases", "env_package_type": "miscellaneous", "PI_firstname": "Yris", "longitude": -80.40972, "PI_lastname": "Verastegui", "country": "Canada", "seq_method": "illumina", "material": "soil", "feature": "agricultural soil", "collection_date": "2010-05-05T10:00:00-0500", "project_id": "mgp8744", "biome": "terrestrial biome"}, "project": ["mgp8744", "https://api.mg-rast.org/project/mgp8744"], "statistics": {}, "pipeline_parameters": {"m5nr_sims_version": "7", "rna_pid": "97", "fgs_type": "454", "m5nr_annotation_version": "1", "bowtie": "no", "min_qual": "15", "priority": "never", "m5rna_annotation_version": "1", "max_lqb": "5", "dereplicate": "yes", "file_type": "fastq", "aa_pid": "90", "assembled": "no", "m5rna_sims_version": "7", "screen_indexes": "h_sapiens_asm", "prefix_length": "50", "dynamic_trim": "no"}, "mixs_compliant": 1, "md5_checksum": "7ebd87afffa86de27a45e2d5f102054f", "owner": "mgu50419", "version": 1, "created": "2012-02-13 20:06:18", "id": "mgm4482600.3", "url": "https://api.mg-rast.org/metagenome/mgm4482600.3?verbosity=full", "sample": ["mgs184016", "https://api.mg-rast.org/sample/mgs184016"]}