{"library": ["mgl192739", "https://api.mg-rast.org/library/mgl192739"], "sequence_type": "WGS", "status": "public", "project": ["mgp9220", "https://api.mg-rast.org/project/mgp9220"], "statistics": {}, "created": "2011-06-21 22:31:41", "project_alpha_diversity": {"avg": 453.581479636971, "max": 739.242402937356, "stdv": 120.439104940246, "min": 256.005423264818}, "version": 1, "url": "https://api.mg-rast.org/metagenome/mgm4466592.3?verbosity=full", "project_metagenomes": ["4466846.3", "4466845.3", "4466844.3", "4466835.3", "4466825.3", "4466820.3", "4466814.3", "4466812.3", "4466810.3", "4466809.3", "4466745.3", "4466741.3", "4466739.3", "4466738.3", "4466737.3", "4466736.3", "4466599.3", "4466597.3", "4466596.3", "4466592.3", "4466582.3", "4466309.3"], "mixs": {"PI_lastname": "Rohwer", "location": "Pacific Ocean", "latitude": -9.91672, "feature": "coral reef", "biome": "coral reef", "project_name": "Pacific Reef Microbiomes", "longitude": -150.21072, "project_id": "mgp9220", "country": "Kiribati", "sequence_type": "WGS", "collection_date": "2009-04-17T10:00:00-1000", "PI_firstname": "Forest", "seq_method": "454", "material": "water", "env_package_type": "water"}, "sample": ["mgs192737", "https://api.mg-rast.org/sample/mgs192737"], "id": "mgm4466592.3", "mixs_compliant": 0, "owner": "mgu333", "metadata": {"env_package": {"id": "mge192738", "data": {"sample_name": "CoralCaroline9Mic20090417_NP", "env_package": "water"}, "type": "water", "name": "CoralCaroline9Mic20090417_NP: water"}, "library": {"id": "mgl192739", "data": {"file_name": "CoralCaroline9Mic20090417_NPFinal.fasta", "seq_chem": "Titanium", "seq_quality_check": "Prinseq", "sample_name": "CoralCaroline9Mic20090417_NP", "file_checksum": "00f4cbb958fb3f05deac9344fe3f1340", "metagenome_id": "4466592.3", "metagenome_name": "CoralCaroline9Mic20090417_NP", "seq_center": "SDSU", "investigation_type": "metagenome", "seq_meth": "454"}, "name": "CoralCaroline9Mic20090417_NP", "type": "WGS"}, "sample": {"name": "CoralCaroline9Mic20090417_NP", "data": {"collection_timezone": "UTC-10", "material": "water", "collection_date": "2009-04-17", "env_package": "water", "country": "Kiribati", "depth": 30, "sample_name": "CoralCaroline9Mic20090417_NP", "longitude": -150.21072, "biome": "coral reef", "feature": "coral reef", "collection_time": "10:00:00", "latitude": -9.91672, "location": "Pacific Ocean", "sample_id": "4466592.3"}, "id": "mgs192737"}, "project": {"name": "Pacific Reef Microbiomes", "data": {"firstname": "Linda", "organization_address": "LS301 Biology Department, San Diego State University, 5500 Campanile Drive, San Diego, CA 92182", "PI_organization_address": "LS301 Biology Department, San Diego State University, 5500 Campanile Drive, San Diego, CA 92182", "PI_firstname": "Forest", "organization_country": "USA", "lastname": "Kelly", "project_funding": "NSF", "PI_email": "forest@sunstroke.sdsu.edu", "email": "lwegley@gmail.com", "PI_lastname": "Rohwer", "organization": "San Diego State University", "project_description": "Metagenomes from the Line Islands", "PI_organization": "San Diego State University", "project_name": "Pacific Reef Microbiomes", "PI_organization_country": "USA", "PI_organization_url": "coralandphage.org", "organization_url": "coralandphage.org"}, "id": "mgp9220", "public": "Pacific Reef Microbiomes"}}, "job_id": 26189, "pipeline_parameters": {"fgs_type": "454", "aa_pid": "90", "dereplicate": "no", "bowtie": "no", "file_type": "fna", "m5nr_sims_version": "7", "prefix_length": "50", "m5rna_annotation_version": "1", "priority": "never", "rna_pid": "97", "screen_indexes": "h_sapiens_asm", "filter_ln": "no", "m5rna_sims_version": "7", "assembled": "no", "filter_ambig": "no", "filter_ln_mult": "-3.65", "m5nr_annotation_version": "1", "max_ambig": "5"}, "pipeline_version": "3.0", "name": "CoralCaroline9Mic20090417_NP", "md5_checksum": "00f4cbb958fb3f05deac9344fe3f1340"}