{"sample": ["mgs92791", "https://api.mg-rast.org/sample/mgs92791"], "created": "2011-11-25 15:40:27", "pipeline_parameters": {"min_qual": "15", "rna_pid": "97", "screen_indexes": "h_sapiens_asm", "bowtie": "no", "m5nr_sims_version": "7", "aa_pid": "90", "m5rna_sims_version": "1", "file_type": "fastq", "m5nr_annotation_version": "1", "m5rna_annotation_version": "1", "assembled": "no", "max_lqb": "5", "priority": "never", "prefix_length": "50", "dereplicate": "yes", "fgs_type": "454", "dynamic_trim": "no"}, "statistics": {}, "mixs": {"feature": "slope", "material": "bulk soil", "project_name": "cross-site soil metagen", "biome": "Temperate coniferous forest biome", "latitude": 64.8, "project_id": "mgp2997", "sequence_type": "WGS", "seq_method": "illumina", "PI_lastname": "Fierer", "collection_date": "2010-01-10T12:00:00-0700", "PI_firstname": "Noah", "location": "Bonanza Creek LTER, Alaska, USA", "env_package_type": "soil", "country": "USA", "longitude": -148.25}, "library": ["mgl92793", "https://api.mg-rast.org/library/mgl92793"], "md5_checksum": "27f42a80b20ab0c6322e5869bf5f0529", "sequence_type": "WGS", "url": "https://api.mg-rast.org/metagenome/mgm4477876.3?verbosity=full", "id": "mgm4477876.3", "metadata": {"sample": {"data": {"biome": "Temperate coniferous forest biome", "latitude": 64.8, "env_package": "soil", "material": "bulk soil", "feature": "slope", "collection_timezone": "UTC-7", "sample_name": "BZ1", "longitude": -148.25, "country": "USA", "collection_date": "2010-01-10", "location": "Bonanza Creek LTER, Alaska, USA", "collection_time": "12:00:00"}, "id": "mgs92791", "name": "BZ1"}, "env_package": {"id": "mge92792", "data": {"env_package": "soil", "sample_name": "BZ1_r1"}, "name": "BZ1_r1: soil", "type": "soil"}, "library": {"data": {"metagenome_id": "4477876.3", "seq_meth": "illumina", "investigation_type": "metagenome", "sample_name": "BZ1_r1", "metagenome_name": "BZ1_r1", "file_checksum": "27f42a80b20ab0c6322e5869bf5f0529", "file_name": "Noah2_110721_HWI-EAS137R_0379_s_4_1_sequence.fastq.fasta"}, "id": "mgl92793", "type": "WGS", "name": "BZ1_r1"}, "project": {"name": "cross-site soil metagen", "id": "mgp2997", "public": "cross-site soil metagen", "data": {"PI_firstname": "Noah", "PI_email": "noah.fierer@colorado.edu", "PI_organization_address": "CIRES, UCB 216 Boulder CO 80309", "project_name": "cross-site soil metagen", "PI_lastname": "Fierer", "mgrast_id": "mgp2997", "PI_organization_country": "USA", "PI_organization": "University of Colorado"}}}, "project": ["mgp2997", "https://api.mg-rast.org/project/mgp2997"], "owner": "mgu29672", "project_alpha_diversity": {"avg": 867.144394137914, "min": 672.396823416176, "stdv": 84.9436421028179, "max": 1104.69554506166}, "pipeline_version": "3.0", "project_metagenomes": ["4477904.3", "4477903.3", "4477902.3", "4477901.3", "4477900.3", "4477899.3", "4477877.3", "4477876.3", "4477875.3", "4477874.3", "4477873.3", "4477872.3", "4477807.3", "4477805.3", "4477804.3", "4477803.3"], "status": "public", "job_id": 37473, "name": "BZ1_r1", "mixs_compliant": 0, "version": 1}