{"mixs_compliant": 0, "job_id": 20046, "pipeline_version": "3.0", "project": ["mgp185", "https://api.mg-rast.org/project/mgp185"], "project_metagenomes": ["4460449.3", "4460448.3"], "created": "2011-05-19 16:11:48", "id": "mgm4460449.3", "status": "public", "owner": "mgu42302", "statistics": {}, "sample": ["mgs26972", "https://api.mg-rast.org/sample/mgs26972"], "pipeline_parameters": {"max_ambig": "5", "priority": "never", "m5rna_annotation_version": "1", "screen_indexes": "h_sapiens_asm", "m5nr_sims_version": "7", "prefix_length": "50", "m5rna_sims_version": "7", "file_type": "fna", "aa_pid": "90", "m5nr_annotation_version": "1", "filter_ln_mult": "2.00", "filter_ln": "yes", "bowtie": "no", "dereplicate": "yes", "assembled": "no", "rna_pid": "97", "fgs_type": "454", "filter_ambig": "yes"}, "md5_checksum": "b32e3a345531efff0c02526d5bc9368f", "sequence_type": "WGS", "name": "Diamond_fork_biofilm", "mixs": {"latitude": 40.69, "seq_method": "454", "env_package_type": "microbial mat|biofilm", "longitude": -111.2, "PI_firstname": "Joshua", "location": "Diamond Fork Utah", "project_name": "Diamond Fork Biofilm", "feature": "microbial mat, biofilm, hot spring", "project_id": "mgp185", "country": "United States of America", "collection_date": "2008-10-26T13:00:00+0600", "biome": "biofilm, microbial mat, hot spring", "material": "biofilm, microbial mat, hot spring", "PI_lastname": "Udall", "sequence_type": "WGS"}, "library": ["mgl53374", "https://api.mg-rast.org/library/mgl53374"], "version": 1, "url": "https://api.mg-rast.org/metagenome/mgm4460449.3?verbosity=full", "project_alpha_diversity": {"avg": 269.41923968285, "min": 241.022276331976, "max": 297.816203033724, "stdv": 28.396963350874}, "metadata": {"library": {"type": "WGS", "id": "mgl53374", "name": "mgl53374", "data": {"lib_type": "Whole Genome Shotgun", "seq_model": "454 Genome Sequencer", "454_gasket_type": "2", "metagenome_name": "Diamond_fork_biofilm", "lib_const_meth": "Ligation/Beads/Emulsion PCR", "metagenome_id": "4460449.3", "seq_chem": "454 pyrosequencing", "file_name": "F3OLC3J01.sff.fasta", "seq_make": "Roche 454", "investigation_type": "metagenome", "seq_center": "BYU DNASC", "454_regions": 1, "seq_meth": "454", "file_checksum": "b32e3a345531efff0c02526d5bc9368f"}}, "project": {"id": "mgp185", "data": {"PI_organization": "BYU", "PI_lastname": "Udall", "PI_firstname": "Joshua", "administrative-contact_PI_organization_url": "www.byu.edu", "administrative-contact_PI_organization_address": "295 WIDB, Plant and Wildlife Science ; 84602 ; Provo ; UT", "PI_email": "jaudall@byu.edu", "project_name": "Diamond Fork Biofilm2", "PI_organization_country": "USA", "administrative-contact_PI_email": "jaudall@byu.edu", "project-description_internal_project_ID": "Biofilm Site 2", "administrative-contact_PI_organization": "YOU", "organization_address": "295 WIDB, Plant and Wildlife Science ; 84602 ; Provo ; UT", "firstname": "Joshua", "PI_organization_url": "genetics.byu.edu", "administrative-contact_PI_firstname": "Joshua", "administrative-contact_PI_lastname": "Udall", "project_funding": "BYU - internal", "organization_country": "United States of America", "PI_organization_address": "295 WIDB", "organization": "BYU", "organization_url": "www.byu.edu", "project_description": "There are several environmental monitoring sites.  Only Site 2 was selected for metagenome analysis.  It had the most biofilm and extreme amounts of H2S.", "email": "jaudall@byu.edu", "lastname": "Udall", "administrative-contact_PI_organization_country": "United States of America"}, "public": "Diamond Fork Biofilm", "name": "Diamond Fork Biofilm"}, "env_package": {"data": {"ph": "7.15 ; pH", "sulfate": "1724", "microbial-mat-biofilm_temp": "16 ; Celsius", "potassium": "11.72", "env_package": "microbial mat|biofilm", "alkalinity": "7.15", "samp_store_dur": "2008/10/26 ; 2009/04/15"}, "name": "mge53375", "id": "mge53375", "type": "microbial mat|biofilm"}, "sample": {"id": "mgs26972", "data": {"geodetic_system": "nad83", "location": "Diamond Fork Utah", "samp_collect_device": "hot-phenol extraction was initially tried, but with poor DNA for 454 sequencing.  Ultimately, a high-salt extraction method was used.", "country": "United States of America", "feature": "hot spring", "samp_size": "5 ug", "isol_growth_condt": "in-house method", "latitude": 40.69, "continent": "north_america", "longitude": -111.2, "collection_timezone": "UTC+6", "material": "hot spring", "biome": "hot spring", "sample_strategy": "direct sampling", "samp_mat_process": "stream", "collection_time": "13:00:00", "env_package": "microbial mat|biofilm", "collection_date": "2008-10-26"}, "name": "mgs26972"}}}