{"pipeline_parameters": {"m5rna_sims_version": "7", "dereplicate": "yes", "fgs_type": "454", "filter_ambig": "yes", "prefix_length": "50", "priority": "never", "m5rna_annotation_version": "1", "m5nr_sims_version": "7", "aa_pid": "90", "filter_ln_mult": "2.0", "m5nr_annotation_version": "1", "filter_ln": "yes", "max_ambig": "5", "file_type": "fna", "assembled": "no", "rna_pid": "97", "screen_indexes": "h_sapiens", "bowtie": "yes"}, "job_id": 10351, "sequence_type": "WGS", "metadata": {"env_package": {"name": "Nig: soil", "data": {"env_package": "soil", "sample_name": "Nig"}, "id": "mge477153", "type": "soil"}, "library": {"data": {"investigation_type": "metagenome", "file_checksum": "bc007d3a66b071cd7211f514078549ca", "seq_meth": "454", "sample_name": "Nig", "metagenome_name": "Nig_shotgun", "metagenome_id": "4450628.3"}, "name": "Nig_shotgun", "type": "WGS", "id": "mgl477154"}, "project": {"data": {"administrative-contact_PI_lastname": "Paces", "administrative-contact_PI_organization_country": "Czech Republic", "administrative-contact_PI_email": "hpaces@img.cas.cz", "lastname": "Ridl", "PI_organization_address": "Videnska 1083, 14220 Prague 4, Czech Republic", "PI_email": "jan.paces@img.cas.cz", "organization": "Institute of Molecular Genetics of the ASCR", "organization_address": "Videnska 1083, 14220 Prague 4, Czech Republic", "project_name": "rhizosphere", "project_description": "454 shotgun sequencing of plant root zone specific microbiomes in long-term contaminated soil", "firstname": "Jakub", "administrative-contact_PI_firstname": "Jan", "PI_lastname": "Paces", "organization_country": "Czech Republic", "PI_organization_url": "http://www.img.cas.cz/en/", "PI_firstname": "Jan", "PI_organization": "Institute of Molecular Genetics of the ASCR", "PI_organization_country": "Czech Republic", "administrative-contact_PI_organization_url": "www.img.cas.cz", "organization_url": "http://www.img.cas.cz/en/", "project_funding": "NPVII MSMT CR", "email": "ridlj@img.cas.cz", "envo_release": "2013-04-27"}, "name": "Rhizosphere", "public": "Rhizosphere", "id": "mgp271"}, "sample": {"id": "mgs477152", "name": "Nig", "data": {"latitude": 48.99, "collection_timezone": "UTC+2", "continent": "europe", "elevation": 531, "location": "South Bohemia", "collection_time": "10:30:00", "sample_name": "Nig", "country": "Czech Republic", "env_package": "soil", "biome": "terrestrial biome", "experimental_factor": "Black nightshade vegetation", "collection_date": "2012-06-01", "feature": "landfill", "material": "contaminated soil", "depth": 1, "longitude": 14.16}}}, "name": "Nig_shotgun", "project_metagenomes": ["4450631.3", "4450630.3", "4450629.3", "4450628.3", "4450172.3", "4450171.3", "4450131.3", "4450130.3"], "mixs_compliant": 0, "id": "mgm4450628.3", "statistics": {}, "owner": "mgu3612", "url": "https://api.mg-rast.org/metagenome/mgm4450628.3?verbosity=full", "md5_checksum": "bc007d3a66b071cd7211f514078549ca", "mixs": {"PI_firstname": "Jan", "material": "contaminated soil", "feature": "landfill", "collection_date": "2012-06-01T10:30:00+0200", "longitude": 14.16, "country": "Czech Republic", "biome": "terrestrial biome", "project_id": "mgp271", "location": "South Bohemia", "seq_method": "454", "sequence_type": "WGS", "env_package_type": "soil", "project_name": "Rhizosphere", "latitude": 48.99, "PI_lastname": "Paces"}, "status": "public", "pipeline_version": "3.0", "created": "2010-08-17 08:22:09", "project_alpha_diversity": {"min": 552.015272165527, "stdv": 94.9686550073062, "max": 814.672792461465, "avg": 718.224371189495}, "library": ["mgl477154", "https://api.mg-rast.org/library/mgl477154"], "version": 1, "sample": ["mgs477152", "https://api.mg-rast.org/sample/mgs477152"], "project": ["mgp271", "https://api.mg-rast.org/project/mgp271"]}