{"status": "public", "pipeline_version": "3.0", "statistics": {}, "job_id": 40543, "project_metagenomes": ["4479944.3", "4479361.3"], "project_alpha_diversity": {"avg": 506.202734661287, "max": 599.125790654059, "stdv": 92.923055992772, "min": 413.279678668515}, "id": "mgm4479944.3", "sample": ["mgs105488", "https://api.mg-rast.org/sample/mgs105488"], "version": 1, "url": "https://api.mg-rast.org/metagenome/mgm4479944.3?verbosity=full", "owner": "mgu9132", "mixs": {"collection_date": "2009-07-21T10:00:00-0300", "biome": "Subtropical and temperate rainforests or woodlands", "latitude": -23, "country": "Brazil", "project_id": "mgp3997", "PI_firstname": "Aline", "location": "Sao Paulo Zoo Park", "sequence_type": "WGS", "seq_method": "454", "project_name": "Sao Paulo Zoo Composting", "env_package_type": "built environment", "longitude": -46, "PI_lastname": "da Silva", "material": "compost", "feature": "Zoological garden"}, "library": ["mgl105490", "https://api.mg-rast.org/library/mgl105490"], "md5_checksum": "597ae2a41b3da7a64b5cf2928e00e386", "pipeline_parameters": {"m5rna_sims_version": "7", "m5nr_sims_version": "7", "dereplicate": "yes", "aa_pid": "90", "rna_pid": "97", "screen_indexes": "h_sapiens_asm", "filter_ln": "yes", "max_ambig": "5", "file_type": "fna", "bowtie": "no", "assembled": "no", "m5nr_annotation_version": "1", "filter_ambig": "yes", "prefix_length": "50", "m5rna_annotation_version": "1", "filter_ln_mult": "2.00", "fgs_type": "454", "priority": "never"}, "project": ["mgp3997", "https://api.mg-rast.org/project/mgp3997"], "metadata": {"project": {"data": {"project_description": "Samples collected in a facility inside the Sao Paulo Zoo Park", "mgrast_id": "mgp3997", "PI_organization_url": "http://www2.iq.usp.br/", "PI_organization_address": "Sao Paulo, SP", "project_funding": "FAPESP, CNPq, CAPES", "project_name": "Sao Paulo Zoo Composting", "PI_organization": "Instituto de Quimica, Universidade de Sao Paulo", "PI_email": "almsilva@iq.usp.br", "PI_organization_country": "Brazil", "PI_lastname": "da Silva", "PI_firstname": "Aline"}, "id": "mgp3997", "public": "Sao Paulo Zoo Composting", "name": "Sao Paulo Zoo Composting"}, "sample": {"name": "Zoo Compost 2 (ZC2)", "id": "mgs105488", "data": {"collection_timezone": "UTC-3", "country": "Brazil", "latitude": -23, "biome": "Subtropical and temperate rainforests or woodlands", "collection_date": "2009-07-21", "mgrast_id": "mgs105488", "feature": "Zoological garden", "material": "compost", "longitude": -46, "collection_time": "10:00:00", "continent": "south america", "sample_name": "Zoo Compost 2 (ZC2)", "env_package": "built environment", "location": "Sao Paulo Zoo Park"}}, "env_package": {"name": "Zoo Compost 2 (ZC2): built environment", "type": "built environment", "id": "mge105489", "data": {"sample_name": "Zoo Compost 2 (ZC2)", "misc_param_1": "env_package: built environment", "mgrast_id": "mge105489", "env_package": "built environment"}}, "library": {"data": {"metagenome_id": "4479944.3", "sample_name": "Zoo Compost 2 (ZC2)", "file_checksum": "597ae2a41b3da7a64b5cf2928e00e386", "seq_meth": "454", "mgrast_id": "mgl105490", "seq_center": "Center for Advanced Technologies in Genomics, Instituto de Quimica, USP", "file_name": "C5.sff.fasta", "metagenome_name": "Zoo Compost 2 (ZC2)", "seq_url": "www.catg.iq.usp.br/", "investigation_type": "metagenome"}, "id": "mgl105490", "type": "WGS", "name": "Zoo Compost 2 (ZC2)"}}, "created": "2012-01-11 13:37:04", "name": "Zoo Compost 2 (ZC2)", "sequence_type": "WGS", "mixs_compliant": 0}