{"md5_checksum": "16b9302f86af139ccd432e056951d9dd", "pipeline_version": "3.0", "mixs": {"project_name": "BIOS Microbial Oceanography Course", "latitude": 32.17, "longitude": -64.5, "project_id": "mgp1167", "location": "Sargasso Sea", "PI_firstname": "Craig", "collection_date": "2009-10-03T14:30:00-0700", "country": "Bermuda", "feature": "marine oligotrophic desert", "seq_method": "454", "env_package_type": "water", "sequence_type": "WGS", "biome": "oceanic epipelagic zone biome", "PI_lastname": "Carlson", "material": "water"}, "project_alpha_diversity": {"max": 1280.14702188558, "stdv": 333.554978733329, "min": 137.78624125523, "avg": 738.222240794327}, "sample": ["mgs139895", "https://api.mg-rast.org/sample/mgs139895"], "name": "BIOS Microbial Oceanography Course 2010 MGMO-09-3_010m", "project": ["mgp1167", "https://api.mg-rast.org/project/mgp1167"], "version": 1, "job_id": 8841, "library": ["mgl139897", "https://api.mg-rast.org/library/mgl139897"], "created": "2010-06-19 20:44:15", "owner": "mgu21852", "statistics": {}, "sequence_type": "WGS", "id": "mgm4449104.3", "pipeline_parameters": {"screen_indexes": "h_sapiens", "rna_pid": "97", "aa_pid": "90", "prefix_length": "50", "priority": "never", "filter_ln_mult": "2.0", "m5rna_sims_version": "7", "file_type": "fna", "filter_ambig": "yes", "dereplicate": "yes", "assembled": "no", "m5rna_annotation_version": "1", "fgs_type": "454", "filter_ln": "yes", "bowtie": "yes", "m5nr_sims_version": "7", "max_ambig": "5", "m5nr_annotation_version": "1"}, "status": "public", "mixs_compliant": 0, "project_metagenomes": ["4494598.3", "4494607.3", "4494602.3", "4494608.3", "4494603.3", "4494609.3", "4494604.3", "4494599.3", "4494605.3", "4494600.3", "4494606.3", "4494601.3", "4449103.3", "4449104.3", "4539502.3", "4539503.3", "4539504.3", "4539505.3", "4539506.3", "4539507.3", "4539508.3", "4539509.3", "4539510.3", "4539511.3", "4539512.3", "4539513.3"], "url": "https://api.mg-rast.org/metagenome/mgm4449104.3?verbosity=full", "metadata": {"library": {"type": "WGS", "data": {"metagenome_name": "BIOS Microbial Oceanography Course 2010 MGMO-09-3_010m", "sample_name": "MGMO-09-3_010m", "seq_chem": "Titanium", "seq_make": "GS", "file_name": "1.GAC.454Reads.fna", "metagenome_id": "4449104.3", "lib_type": "WGS", "seq_meth": "454", "seq_center": "Pennsylvania State University; Schuster Lab", "file_checksum": "16b9302f86af139ccd432e056951d9dd", "seq_model": "FLX", "investigation_type": "metagenome", "seq_url": "http://www.cidd.psu.edu/people/scs19/"}, "name": "BIOS Microbial Oceanography Course 2010 MGMO-09-3_010m", "id": "mgl139897"}, "sample": {"id": "mgs139895", "name": "MGMO-09-3_010m", "data": {"collection_timezone": "UTC-7", "env_package": "water", "material": "water", "samp_size": "30L", "biome": "oceanic epipelagic zone biome", "continent": "north america", "feature": "marine oligotrophic desert", "depth": 10, "samp_collect_device": "Water collected from 10m depth via Niskin filtered through 0.2 micron pore size polyethersulfone (SUPOR 200) filter and frozen in sucrose lysis buffer.", "sample_strategy": "0.2 micron filter collection from Niskin", "country": "Bermuda", "collection_date": "2009-10-03", "sample_id": "MGMO-09-3_010m", "location": "Sargasso Sea", "longitude": -64.5, "samp_mat_process": "Extraction proceeded using SDS (1% final) and Proteinase K followed by Silica Column Purification (Qiagen DNEasy) and direct sequencing of product.", "latitude": 32.17, "sample_name": "MGMO-09-3_010m", "collection_time": "14:30:00"}}, "project": {"public": "BIOS Microbial Oceanography Course", "id": "mgp1167", "data": {"organization_country": "USA", "project_name": "BIOS Microbial Oceanography Course", "email": "craig.nelson@hawaii.edu", "PI_organization_country": "USA", "firstname": "Craig", "organization_url": "http://www.soest.hawaii.edu/oceanography/", "PI_organization_url": "http://msi.ucsb.edu/", "PI_organization": "University of California, Santa Barbara", "project_description": "Summer course Bermuda Institute Ocean Sciences for Microbial Oceanography instructors Carlson/Nelson/Giovannoni/Heidelberg", "organization_address": "C-MORE, 1950 East-West Road, Honolulu, HI, 96822", "organization": "University of Hawaii", "PI_organization_address": "Marine Science Institute, University of California, Santa Barbara, CA, 93106, USA", "PI_email": "craig.carlson@lifesci.ucsb.edu", "PI_firstname": "Craig", "lastname": "Nelson", "mgrast_id": "mgp1167", "project_funding": "Gordon and Betty Moore Foundation", "PI_lastname": "Carlson"}, "name": "BIOS Microbial Oceanography Course"}, "env_package": {"name": "MGMO-09-3_010m: water", "data": {"mgrast_id": "mge139896", "sample_name": "MGMO-09-3_010m", "env_package": "water", "misc_param_1": "env_package: water"}, "id": "mge139896", "type": "water"}}}