{"mixs": {"project_name": "phyllosphere microbiota", "env_package_type": "plant-associated", "PI_firstname": "Julia", "latitude": 14.1387, "sequence_type": "WGS", "longitude": 121.26159, "feature": "plant-associated habitat", "location": "Los Banos", "collection_date": "2009-03-19T09:30:00Z", "material": "organic material", "PI_lastname": "Vorholt", "seq_method": "454", "project_id": "mgp2766", "biome": "terrestrial biome", "country": "Philippines"}, "sequence_type": "WGS", "project": ["mgp2766", "https://api.mg-rast.org/project/mgp2766"], "statistics": {}, "name": "Rice phyllosphere", "owner": "mgu952", "project_metagenomes": ["4450328.3", "4449956.3", "4447810.3", "4447811.3", "4441205.3"], "sample": ["mgs89883", "https://api.mg-rast.org/sample/mgs89883"], "job_id": 10056, "pipeline_version": "3.0", "metadata": {"env_package": {"id": "mge89884", "type": "plant-associated", "data": {"sample_name": "Rice phyllosphere", "env_package": "plant-associated"}, "name": "Rice phyllosphere: plant-associated"}, "sample": {"id": "mgs89883", "data": {"location": "Los Banos", "material": "organic material", "collection_date": "2009-03-19", "biome": "terrestrial biome", "biotic_relationship": "free-living", "collection_timezone": "UTC", "collection_time": "09:30:00", "country": "Philippines", "env_package": "plant-associated", "latitude": 14.1387, "experimental_factor": "sampling site", "continent": "asia", "sample_name": "Rice phyllosphere", "elevation": 39, "feature": "plant-associated habitat", "altitude": 0.5, "longitude": 121.26159}, "name": "Rice phyllosphere"}, "project": {"id": "mgp2766", "public": "phyllosphere microbiota", "data": {"PI_lastname": "Vorholt", "mgrast_id": "mgp2766", "email": "samuel.chaffron@vub.ac.be", "firstname": "Samuel", "organization": "VIB", "PI_organization_url": "http://www.ethz.ch/", "organization_address": "Brussels", "lastname": "Chaffron", "PI_email": "julia.vorholt@micro.biol.ethz.ch", "project_description": "- Phyllosphere and Rhizosphere microbiota metagenomes from various plants (soybean, clover, arabidopsis and rice)", "project_name": "phyllosphere microbiota", "organization_url": "http://www.vib.be/", "PI_firstname": "Julia", "PI_organization_address": "Zurich", "PI_organization": "ETH Zurich", "PI_organization_country": "Switzerland", "organization_country": "Belgium"}, "name": "phyllosphere microbiota"}, "library": {"id": "mgl89885", "data": {"metagenome_id": "4450328.3", "file_checksum": "2c170aaf8c99d4c72ad4b04a0bb3aa4b", "metagenome_name": "Rice phyllosphere", "investigation_type": "metagenome", "sample_name": "Rice phyllosphere", "seq_meth": "454"}, "type": "WGS", "name": "Rice phyllosphere"}}, "md5_checksum": "2c170aaf8c99d4c72ad4b04a0bb3aa4b", "mixs_compliant": 1, "id": "mgm4450328.3", "project_alpha_diversity": {"max": 844.452994475048, "avg": 502.647299646245, "stdv": 212.830291281394, "min": 193.34187653764}, "created": "2010-08-03 10:34:29", "version": 1, "library": ["mgl89885", "https://api.mg-rast.org/library/mgl89885"], "pipeline_parameters": {"assembled": "no", "m5nr_annotation_version": "1", "filter_ln": "yes", "priority": "never", "rna_pid": "97", "m5nr_sims_version": "7", "dereplicate": "yes", "aa_pid": "90", "m5rna_annotation_version": "1", "file_type": "fna", "filter_ln_mult": "2.0", "prefix_length": "50", "fgs_type": "454", "screen_indexes": "h_sapiens", "filter_ambig": "yes", "max_ambig": "5", "bowtie": "yes", "m5rna_sims_version": "7"}, "url": "https://api.mg-rast.org/metagenome/mgm4450328.3?verbosity=full", "status": "public"}