{"mixs_compliant": 1, "sample": ["mgs62857", "https://api.mg-rast.org/sample/mgs62857"], "pipeline_version": "3.0", "status": "public", "version": 1, "url": "https://api.mg-rast.org/metagenome/mgm4480859.3?verbosity=full", "library": ["mgl62859", "https://api.mg-rast.org/library/mgl62859"], "project_alpha_diversity": {"max": 855.684392784736, "stdv": 350.570605652042, "avg": 482.921152331943, "min": 20.0230642565395}, "job_id": 41547, "sequence_type": "WGS", "name": "Beer_CE_Day_90", "mixs": {"env_package_type": "wastewater|sludge", "biome": "anaerobic digester sludge", "location": "Ithaca, New York", "sequence_type": "WGS", "seq_method": "illumina", "project_name": "Beer-to-Caproate", "PI_lastname": "Angenent", "longitude": -76.5, "collection_date": "2011-06-20T13:00:00-0500", "PI_firstname": "Largus", "latitude": 42.44, "material": "anaerobic digester sludge", "feature": "anaerobic digester sludge", "project_id": "mgp397", "country": "United States of America"}, "statistics": {}, "project_metagenomes": ["4480867.3", "4480865.3", "4480864.3", "4480863.3", "4480861.3", "4480859.3", "4480858.3", "4480849.3", "4480815.3", "4480776.3", "4480764.3", "4480719.3", "4493574.3", "4493577.3", "4493578.3", "4493579.3", "4493580.3", "4493575.3", "4493576.3"], "id": "mgm4480859.3", "pipeline_parameters": {"m5nr_sims_version": "7", "max_ambig": "5", "m5rna_annotation_version": "1", "file_type": "fna", "prefix_length": "50", "rna_pid": "97", "screen_indexes": "h_sapiens_asm", "dereplicate": "no", "priority": "never", "m5rna_sims_version": "7", "filter_ln_mult": "1.97", "filter_ambig": "yes", "fgs_type": "454", "filter_ln": "yes", "assembled": "no", "m5nr_annotation_version": "1", "aa_pid": "90", "bowtie": "no"}, "owner": "mgu20062", "project": ["mgp397", "https://api.mg-rast.org/project/mgp397"], "metadata": {"library": {"data": {"file_name": "1d54all_seqs_unique_nodots.fna", "investigation_type": "metagenome", "metagenome_name": "Beer_CE_Day_90", "seq_meth": "illumina", "sample_name": "Beer_CE_Day_90", "metagenome_id": "4480859.3", "file_checksum": "64f6f5539dc2dca8623d72fba0aae5b7"}, "name": "Beer_CE_Day_90", "type": "WGS", "id": "mgl62859"}, "env_package": {"name": "Beer_CE_Day_90: wastewater|sludge", "data": {"samp_store_temp": "-80", "ph": "5.5", "sample_name": "Beer_CE_Day_90", "env_package": "wastewater|sludge"}, "id": "mge62858", "type": "wastewater|sludge"}, "project": {"id": "mgp397", "data": {"lastname": "Agler", "PI_firstname": "Largus", "email": "matthewtagler@gmail.com", "firstname": "Matthew", "PI_organization_address": "214 Riley-Robb Hall, Ithaca, NY 14853", "organization_address": "214 Riley-Robb Hall, Ithaca, NY 14853", "PI_organization_url": "http://angenent.bee.cornell.edu/", "project_funding": "USDA through the National Institutes of Food and Agriculture (NIFA), grant number 2007-35504-05381", "PI_organization_country": "USA", "organization_url": "http://angenent.bee.cornell.edu/", "PI_email": "la249@cornell.edu", "project_name": "Beer-to-Caproate", "PI_lastname": "Angenent", "organization_country": "USA", "project_description": "Chain elongation with reactor microbiomes: upgrading dilute ethanol to medium-chain carboxylates", "organization": "Cornell University", "PI_organization": "Cornell Univeristy"}, "public": "Beer-to-Caproate", "name": "Beer-to-Caproate"}, "sample": {"data": {"ph": 5.5, "country": "United States of America", "depth": 0, "feature": "anaerobic digester sludge", "material": "anaerobic digester sludge", "collection_timezone": "UTC-5", "latitude": 42.44, "env_package": "wastewater|sludge", "collection_date": "2011-06-20", "longitude": -76.5, "temperature": 30, "sample_name": "Beer_CE_Day_90", "collection_time": "13:00:00", "location": "Ithaca, New York", "biome": "anaerobic digester sludge"}, "name": "Beer_CE_Day_90", "id": "mgs62857"}}, "md5_checksum": "64f6f5539dc2dca8623d72fba0aae5b7", "created": "2012-01-21 21:47:08"}