{"job_id": 9859, "sequence_type": "WGS", "version": 1, "name": "K1a_metagenome", "status": "public", "sample": ["mgs108253", "https://api.mg-rast.org/sample/mgs108253"], "project_metagenomes": ["4450124.3", "4450123.3", "4450125.3", "4450126.3", "4450127.3", "4450249.3", "4450250.3"], "pipeline_parameters": {"priority": "never", "bowtie": "yes", "m5nr_annotation_version": "1", "file_type": "fna", "m5nr_sims_version": "7", "fgs_type": "454", "m5rna_annotation_version": "1", "aa_pid": "90", "rna_pid": "97", "filter_ln": "yes", "m5rna_sims_version": "7", "screen_indexes": "h_sapiens", "prefix_length": "50", "filter_ambig": "yes", "max_ambig": "5", "dereplicate": "yes", "assembled": "no", "filter_ln_mult": "2.0"}, "statistics": {}, "metadata": {"env_package": {"data": {"sample_name": "K1a", "env_package": "soil"}, "type": "soil", "id": "mge108254", "name": "K1a: soil"}, "sample": {"id": "mgs108253", "data": {"longitude": 13.48425, "collection_time": "12:00:00", "env_package": "soil", "biome": "Tundra biome", "sample_name": "K1a", "material": "peat soil", "country": "Norway", "collection_date": "2009-08-01", "latitude": 80.6090666666667, "collection_timezone": "UTC+2", "feature": "peat soil", "location": "Ny \u00c3\u0085lesund, Svalbard"}, "name": "K1a"}, "library": {"name": "K1a_metagenome", "type": "WGS", "id": "mgl108255", "data": {"file_checksum": "f95a662985d864295198ceb45766dcff", "sample_name": "K1a", "metagenome_id": "4450125.3", "seq_meth": "454", "metagenome_name": "K1a_metagenome", "investigation_type": "metagenome"}}, "project": {"public": "Organic carbon transformations in high-Arctic peat soils: key functions and microorganisms", "name": "Organic carbon transformations in high-Arctic peat soils: key functions and microorganisms", "id": "mgp4192", "data": {"project_name": "Organic carbon transformations in high-Arctic peat soils: key functions and microorganisms", "PI_email": "mette.svenning@uit.no", "PI_organization": "University of Troms\u00c3\u00b8", "PI_organization_country": "Norway", "PI_lastname": "Svenning", "PI_organization_address": "Dramsveien 201, 9037, Troms\u00c3\u00b8", "PI_firstname": "Mette"}}}, "md5_checksum": "f95a662985d864295198ceb45766dcff", "id": "mgm4450125.3", "mixs_compliant": 0, "owner": "mgu24522", "project": ["mgp4192", "https://api.mg-rast.org/project/mgp4192"], "pipeline_version": "3.0", "library": ["mgl108255", "https://api.mg-rast.org/library/mgl108255"], "mixs": {"biome": "Tundra biome", "PI_lastname": "Svenning", "project_id": "mgp4192", "env_package_type": "soil", "longitude": 13.48425, "location": "Ny \u00c3\u0085lesund, Svalbard", "seq_method": "454", "feature": "peat soil", "sequence_type": "WGS", "latitude": 80.6090666666667, "PI_firstname": "Mette", "collection_date": "2009-08-01T12:00:00+0200", "project_name": "Organic carbon transformations in high-Arctic peat soils: key functions and microorganisms", "material": "peat soil", "country": "Norway"}, "url": "https://api.mg-rast.org/metagenome/mgm4450125.3?verbosity=full", "project_alpha_diversity": {"min": 729.747479578911, "avg": 763.606978894591, "stdv": 20.8781854970513, "max": 786.968886392106}, "created": "2010-07-27 08:45:20"}