{"sample": ["mgs74831", "https://api.mg-rast.org/sample/mgs74831"], "mixs_compliant": 0, "pipeline_parameters": {"filter_ambig": "yes", "file_type": "fna", "m5rna_annotation_version": "1", "filter_ln_mult": "2.00", "dereplicate": "yes", "filter_ln": "yes", "max_ambig": "8", "prefix_length": "50", "priority": "never", "m5nr_sims_version": "7", "assembled": "no", "bowtie": "no", "m5nr_annotation_version": "1", "m5rna_sims_version": "7", "screen_indexes": "h_sapiens_asm", "aa_pid": "90", "fgs_type": "454", "rna_pid": "97"}, "owner": "mgu35492", "pipeline_version": "3.0", "created": "2011-06-27 16:10:06", "id": "mgm4467059.3", "project": ["mgp1207", "https://api.mg-rast.org/project/mgp1207"], "project_alpha_diversity": {"min": 108.440094234123, "stdv": 168.765082061688, "max": 445.9702583575, "avg": 277.205176295811}, "md5_checksum": "c81c4002feb7bf7e5218ad40783042e7", "sequence_type": "WGS", "status": "public", "statistics": {}, "version": 1, "job_id": 26656, "url": "https://api.mg-rast.org/metagenome/mgm4467059.3?verbosity=full", "library": ["mgl74833", "https://api.mg-rast.org/library/mgl74833"], "metadata": {"library": {"type": "WGS", "id": "mgl74833", "data": {"seq_meth": "454", "file_name": "glsmallreads1.fasta", "metagenome_id": "4467059.3", "investigation_type": "metagenome", "sample_name": "GLSM", "file_checksum": "c81c4002feb7bf7e5218ad40783042e7", "metagenome_name": "Grand Lake St Marys (GLSM) Bloom Shotgun Metagenome"}, "name": "Grand Lake St Marys (GLSM) Bloom Shotgun Metagenome"}, "env_package": {"data": {"sample_name": "GLSM", "env_package": "water"}, "name": "GLSM: water", "type": "water", "id": "mge74832"}, "sample": {"id": "mgs74831", "data": {"biome": "Large lake biome", "depth": 0, "collection_time": "07:00:00", "country": "United States of America", "latitude": 40.531, "env_package": "water", "longitude": -84.499, "ph": 8.8, "collection_date": "2010-07-19", "sample_name": "GLSM", "temperature": 27, "continent": "north america", "collection_timezone": "UTC-5", "feature": "lake", "sample_id": "Grand Lake St Marys (GLSM) Bloom Shotgun Metagenome", "location": "Ohio, USA", "material": "water"}, "name": "GLSM"}, "project": {"data": {"project_name": "Freshwater Microcystis Bloom Metagenomes", "PI_organization": "University of Tennessee, Department of Microbiology", "PI_organization_address": "M409 WLS University of Tennessee, Knoxville, TN, 37996", "project_description": "454 titanium shotgun sequencing of Microcystis bloom surface scum samples", "PI_lastname": "Wilhelm", "PI_organization_country": "United States of America", "PI_email": "wilhelm@utk.edu", "PI_firstname": "Steven", "project_funding": "This work was supported by National Science Foundation grants IOS 0841918 and CBET 0826838 to SWW and a Wallace-Dean Graduate Fellowship through the University of Tennessee to MMS."}, "name": "Freshwater Microcystis Bloom Metagenomes", "public": "Freshwater Microcystis Bloom Metagenomes", "id": "mgp1207"}}, "name": "Grand Lake St Marys (GLSM) Bloom Shotgun Metagenome", "mixs": {"PI_firstname": "Steven", "material": "water", "env_package_type": "water", "project_name": "Freshwater Microcystis Bloom Metagenomes", "location": "Ohio, USA", "feature": "lake", "longitude": -84.499, "collection_date": "2010-07-19T07:00:00-0500", "sequence_type": "WGS", "country": "United States of America", "latitude": 40.531, "project_id": "mgp1207", "seq_method": "454", "biome": "Large lake biome", "PI_lastname": "Wilhelm"}, "project_metagenomes": ["4467058.3", "4467059.3"]}