{"md5_checksum": "050d067b643735a1489112842d0ad7c2", "version": 1, "id": "mgm4478291.3", "pipeline_parameters": {"assembled": "no", "aa_pid": "90", "m5nr_annotation_version": "1", "filter_ambig": "yes", "file_type": "fna", "rna_pid": "97", "screen_indexes": "h_sapiens_asm", "filter_ln_mult": "1.99", "bowtie": "no", "filter_ln": "yes", "fgs_type": "454", "prefix_length": "50", "m5rna_sims_version": "1", "dereplicate": "yes", "m5nr_sims_version": "7", "m5rna_annotation_version": "1", "max_ambig": "5", "priority": "never"}, "created": "2011-12-07 13:16:55", "status": "public", "project_metagenomes": ["4477751.3", "4477749.3", "4477755.3", "4477757.3", "4478037.3", "4478030.3", "4477790.3", "4477789.3", "4478936.3", "4478934.3", "4478294.3", "4478292.3", "4478291.3", "4478290.3", "4478283.3", "4478222.3", "4478038.3", "4479311.3", "4478943.3", "4478941.3", "4478940.3", "4478939.3", "4478938.3", "4478937.3"], "pipeline_version": "3.0", "mixs": {"project_name": "Soybean Rhizosphere from Amazon Soils", "project_id": "mgp7774", "latitude": -11.6832502, "sequence_type": "WGS", "longitude": -55.8357663, "env_package_type": "soil", "biome": "Tropical and subtropical moist broadleaf forest biome", "PI_lastname": "Mendes", "collection_date": "2010-11-01T12:00:00ERROR tz_hour > 12 in (18)", "location": "Amazonia", "country": "Brazil", "feature": "agricultural soil", "material": "rhizosphere", "PI_firstname": "Lucas William", "seq_method": "454"}, "library": ["mgl159780", "https://api.mg-rast.org/library/mgl159780"], "project_alpha_diversity": {"avg": 641.752377404847, "min": 539.324720307438, "max": 693.056468271845, "stdv": 35.0016630073723}, "owner": "mgu50120", "mixs_compliant": 0, "sample": ["mgs159778", "https://api.mg-rast.org/sample/mgs159778"], "project": ["mgp7774", "https://api.mg-rast.org/project/mgp7774"], "name": "15LM", "sequence_type": "WGS", "statistics": {}, "job_id": 38050, "url": "https://api.mg-rast.org/metagenome/mgm4478291.3?verbosity=full", "metadata": {"library": {"name": "15LM", "data": {"file_checksum": "050d067b643735a1489112842d0ad7c2", "metagenome_name": "15LM", "investigation_type": "metagenome", "metagenome_id": "4478291.3", "sample_name": "15LM", "seq_meth": "454", "file_name": "2011_12_01_EikoKuramae_15_SFF.sff.fasta"}, "type": "WGS", "id": "mgl159780"}, "env_package": {"name": "15LM: soil", "data": {"env_package": "soil", "sample_name": "15LM"}, "type": "soil", "id": "mge159779"}, "sample": {"data": {"collection_timezone": "UTC-18", "collection_date": "2010-11-01", "location": "Amazonia", "sample_name": "15LM", "latitude": -11.6832502, "longitude": -55.8357663, "env_package": "soil", "biome": "Tropical and subtropical moist broadleaf forest biome", "collection_time": "12:00:00", "material": "rhizosphere", "feature": "agricultural soil", "country": "Brazil"}, "name": "15LM", "id": "mgs159778"}, "project": {"data": {"PI_email": "lucaswmendes@gmail.com", "PI_organization_url": "www.cena.usp.br", "organization_country": "Brazil", "PI_organization_address": "Avenida Centen\u00e1rio 303, CEP 13400-970 Piracicaba-SP", "project_description": "The selection of the rhizospheric microbial community from the bulk soil reservoir under agricultural management of soybean in Amazon forest soils. [Reference: Mendes LW, Kuramae EE, Navarrete AA, van VEEN JA, Tsai SM. (2014). Taxonomical and functional microbial community selection in soybean rhizosphere. The ISME Journal 8:1577-1587, 2014]", "PI_firstname": "Lucas William", "organization_url": "www.cena.usp.br", "email": "lucaswmendes@gmail.com", "lastname": "Mendes", "organization_address": "Avenida Centenario 303", "firstname": "Lucas William", "envo_release": "2013-04-27", "PI_organization": "Center for Nuclear Energy in Agriculture CENA-USP", "project_name": "Soybean Rhizosphere from Amazon Soils", "PI_organization_country": "Brazil", "mgrast_id": "mgp7774", "project_funding": "FAPESP", "organization": "Center for Nuclear Energy in Agriculture CENA-USP", "PI_lastname": "Mendes"}, "public": "Soybean Rhizosphere from Amazon Soils", "name": "Soybean Rhizosphere from Amazon Soils", "id": "mgp7774"}}}