{"pipeline_version": "3.0", "job_id": 41363, "sequence_type": "WGS", "pipeline_parameters": {"filter_ln_mult": "1.97", "filter_ambig": "yes", "priority": "never", "filter_ln": "yes", "prefix_length": "50", "max_ambig": "5", "m5nr_sims_version": "7", "aa_pid": "90", "m5nr_annotation_version": "1", "m5rna_sims_version": "7", "m5rna_annotation_version": "1", "assembled": "no", "bowtie": "no", "screen_indexes": "h_sapiens_asm", "fgs_type": "454", "file_type": "fna", "dereplicate": "no", "rna_pid": "97"}, "project_metagenomes": ["4480867.3", "4480865.3", "4480864.3", "4480863.3", "4480861.3", "4480859.3", "4480858.3", "4480849.3", "4480815.3", "4480776.3", "4480764.3", "4480719.3", "4493574.3", "4493577.3", "4493578.3", "4493579.3", "4493580.3", "4493575.3", "4493576.3"], "status": "public", "version": 1, "library": ["mgl62850", "https://api.mg-rast.org/library/mgl62850"], "url": "https://api.mg-rast.org/metagenome/mgm4480764.3?verbosity=full", "mixs_compliant": 1, "metadata": {"sample": {"data": {"feature": "anaerobic digester sludge", "country": "United States of America", "collection_timezone": "UTC-5", "biome": "anaerobic digester sludge", "sample_name": "Beer_CE_Day_50", "collection_date": "2011-05-11", "location": "Ithaca, New York", "latitude": 42.44, "collection_time": "13:00:00", "longitude": -76.5, "ph": 5.5, "material": "anaerobic digester sludge", "depth": 0, "temperature": 30, "env_package": "wastewater|sludge"}, "id": "mgs62848", "name": "Beer_CE_Day_50"}, "project": {"data": {"organization_address": "214 Riley-Robb Hall, Ithaca, NY 14853", "firstname": "Matthew", "PI_organization_url": "http://angenent.bee.cornell.edu/", "project_description": "Chain elongation with reactor microbiomes: upgrading dilute ethanol to medium-chain carboxylates", "PI_lastname": "Angenent", "PI_firstname": "Largus", "organization_country": "USA", "project_funding": "USDA through the National Institutes of Food and Agriculture (NIFA), grant number 2007-35504-05381", "PI_organization": "Cornell Univeristy", "email": "matthewtagler@gmail.com", "project_name": "Beer-to-Caproate", "lastname": "Agler", "PI_organization_address": "214 Riley-Robb Hall, Ithaca, NY 14853", "organization": "Cornell University", "organization_url": "http://angenent.bee.cornell.edu/", "PI_organization_country": "USA", "PI_email": "la249@cornell.edu"}, "id": "mgp397", "name": "Beer-to-Caproate", "public": "Beer-to-Caproate"}, "env_package": {"id": "mge62849", "name": "Beer_CE_Day_50: wastewater|sludge", "type": "wastewater|sludge", "data": {"ph": "5.5", "sample_name": "Beer_CE_Day_50", "samp_store_temp": "-80", "env_package": "wastewater|sludge"}}, "library": {"data": {"file_name": "1d14all_seqs_unique_nodots.fna", "metagenome_id": "4480764.3", "investigation_type": "metagenome", "file_checksum": "42412d85c43e0f59b0f50504fffd954c", "sample_name": "Beer_CE_Day_50", "seq_meth": "illumina", "metagenome_name": "Beer_CE_Day_50"}, "type": "WGS", "name": "Beer_CE_Day_50", "id": "mgl62850"}}, "sample": ["mgs62848", "https://api.mg-rast.org/sample/mgs62848"], "name": "Beer_CE_Day_50", "id": "mgm4480764.3", "created": "2012-01-20 12:26:26", "md5_checksum": "42412d85c43e0f59b0f50504fffd954c", "statistics": {}, "project": ["mgp397", "https://api.mg-rast.org/project/mgp397"], "owner": "mgu20062", "project_alpha_diversity": {"max": 855.684392784736, "avg": 482.921152331943, "stdv": 350.570605652042, "min": 20.0230642565395}, "mixs": {"seq_method": "illumina", "collection_date": "2011-05-11T13:00:00-0500", "location": "Ithaca, New York", "biome": "anaerobic digester sludge", "project_name": "Beer-to-Caproate", "feature": "anaerobic digester sludge", "country": "United States of America", "sequence_type": "WGS", "project_id": "mgp397", "env_package_type": "wastewater|sludge", "PI_lastname": "Angenent", "PI_firstname": "Largus", "material": "anaerobic digester sludge", "longitude": -76.5, "latitude": 42.44}}