{"project_alpha_diversity": {"max": 828.99843176878, "stdv": 34.3719782224206, "avg": 772.199923322197, "min": 733.69228073145}, "library": ["mgl184009", "https://api.mg-rast.org/library/mgl184009"], "mixs_compliant": 1, "url": "https://api.mg-rast.org/metagenome/mgm4483544.3?verbosity=full", "project_metagenomes": ["4482593.3", "4483544.3", "4482599.3", "4483820.3", "4482600.3", "4483819.3"], "job_id": 45086, "id": "mgm4483544.3", "pipeline_version": "3.0", "pipeline_parameters": {"dereplicate": "yes", "fgs_type": "454", "rna_pid": "97", "m5nr_sims_version": "7", "min_qual": "15", "prefix_length": "50", "bowtie": "no", "aa_pid": "90", "assembled": "no", "dynamic_trim": "no", "m5nr_annotation_version": "1", "priority": "never", "m5rna_sims_version": "7", "file_type": "fastq", "max_lqb": "5", "m5rna_annotation_version": "1", "screen_indexes": "h_sapiens_asm"}, "metadata": {"env_package": {"type": "miscellaneous", "id": "mge184008", "name": "Low pH reverse: miscellaneous", "data": {"sample_name": "Low pH reverse", "env_package": "miscellaneous"}}, "sample": {"name": "Low pH reverse", "data": {"collection_timezone": "UTC-7", "country": "Canada", "collection_date": "2010-05-09", "sample_name": "Low pH reverse", "latitude": 64.86667, "location": "Daring Lake, NWT", "sample_id": "CM2BL_LowpH_1AT_7TR_Rev", "env_package": "miscellaneous", "biome": "Tundra biome", "collection_time": "10:00:00", "sample_strategy": "enriched", "feature": "tundra", "material": "soil", "longitude": -111.58333}, "id": "mgs184007"}, "project": {"id": "mgp8744", "public": "Enriched soil metagenomes for Glycoside Hydrolases", "name": "Enriched soil metagenomes for Glycoside Hydrolases", "data": {"PI_firstname": "Yris", "PI_lastname": "Verastegui", "project_name": "Enriched soil metagenomes for Glycosyde Hydrolases", "PI_organization_address": "200 University Av. W. Waterloo, ON,N2L3G1", "PI_organization_url": "www.uwaterloo.ca", "PI_email": "yrisverastegui@yahoo.com", "project_funding": "NSERC", "PI_organization": "University of Waterloo", "project_description": "Tundra, temperate rainforest and Agricultural soils amended with glucose, cellobiose, arabinose, xylose and cellulose to target novel glycosyl hudrolases.", "PI_organization_country": "Canada"}}, "library": {"id": "mgl184009", "name": "Low pH reverse", "data": {"sample_name": "Low pH reverse", "seq_meth": "illumina", "metagenome_name": "Low pH reverse", "file_checksum": "7504990ae1c7fcf5663abb48d6277aa4", "investigation_type": "metagenome", "file_name": "sample5_rev.fastq.fasta", "metagenome_id": "4483544.3"}, "type": "WGS"}}, "sample": ["mgs184007", "https://api.mg-rast.org/sample/mgs184007"], "sequence_type": "WGS", "mixs": {"PI_lastname": "Verastegui", "project_id": "mgp8744", "project_name": "Enriched soil metagenomes for Glycoside Hydrolases", "seq_method": "illumina", "longitude": -111.58333, "feature": "tundra", "material": "soil", "location": "Daring Lake, NWT", "biome": "Tundra biome", "latitude": 64.86667, "PI_firstname": "Yris", "collection_date": "2010-05-09T10:00:00-0700", "country": "Canada", "env_package_type": "miscellaneous", "sequence_type": "WGS"}, "project": ["mgp8744", "https://api.mg-rast.org/project/mgp8744"], "version": 1, "owner": "mgu50419", "created": "2012-02-22 22:19:02", "name": "Low pH reverse", "status": "public", "statistics": {}, "md5_checksum": "7504990ae1c7fcf5663abb48d6277aa4"}