{"status": "public", "name": "PriS1", "pipeline_version": "3.0", "created": "2010-09-14 15:42:28", "statistics": {}, "id": "mgm4451102.3", "pipeline_parameters": {"max_ambig": "5", "m5rna_annotation_version": "1", "m5rna_sims_version": "7", "file_type": "fna", "filter_ambig": "yes", "filter_ln": "yes", "m5nr_annotation_version": "1", "filter_ln_mult": "2.0", "priority": "never", "screen_indexes": "h_sapiens", "m5nr_sims_version": "7", "fgs_type": "454", "bowtie": "yes", "prefix_length": "50", "aa_pid": "90", "assembled": "no", "dereplicate": "yes", "rna_pid": "97"}, "library": ["mgl363264", "https://api.mg-rast.org/library/mgl363264"], "url": "https://api.mg-rast.org/metagenome/mgm4451102.3?verbosity=full", "owner": "mgu23972", "sequence_type": "WGS", "sample": ["mgs363262", "https://api.mg-rast.org/sample/mgs363262"], "metadata": {"sample": {"data": {"latitude": 42.19, "feature": "coastal water", "country": "Italy", "env_package": "water", "collection_timezone": "UTC+1", "longitude": -10.17, "location": "Monte Cristo", "collection_date": "2010-06-03", "collection_time": "13:30:00", "biome": "sea", "sample_name": "PriS1", "material": "water"}, "id": "mgs363262", "name": "PriS1"}, "library": {"data": {"file_checksum": "8ee8994996195638d182ea114ba1ae7f", "seq_meth": "454", "metagenome_id": "4451102.3", "investigation_type": "metagenome", "metagenome_name": "PriS1", "sample_name": "PriS1"}, "id": "mgl363264", "name": "PriS1", "type": "WGS"}, "env_package": {"data": {"sample_name": "PriS1", "env_package": "water"}, "id": "mge363263", "name": "PriS1: water", "type": "water"}, "project": {"data": {"PI_firstname": "Teresa", "PI_organization": "European Commission, DG Joint Research Centre", "firstname": "Veljo", "PI_organization_country": "Italy", "project_name": "Monitoring Mediterranean Sea", "PI_email": "teresa.lettieri@jrc.ec.europa.eu", "PI_organization_address": "Institute for Environment and Sustainability, Water  Resources Unit, TP 121, Via E.Fermi, 2749, 21027 Ispra (VA)", "email": "kisand@ut.ee", "PI_lastname": "Lettieri", "envo_release": "2013-04-27", "lastname": "Kisand"}, "id": "mgp2901", "public": "Monitoring Mediterranean Sea", "name": "Monitoring Mediterranean Sea"}}, "project_metagenomes": ["4451593.3", "4451102.3", "4449685.3", "4449589.3"], "project": ["mgp2901", "https://api.mg-rast.org/project/mgp2901"], "md5_checksum": "8ee8994996195638d182ea114ba1ae7f", "version": 1, "project_alpha_diversity": {"min": 388.994876606732, "avg": 497.585917807694, "max": 641.486448958875, "stdv": 106.059947160785}, "mixs": {"project_name": "Monitoring Mediterranean Sea", "feature": "coastal water", "latitude": 42.19, "PI_firstname": "Teresa", "seq_method": "454", "country": "Italy", "project_id": "mgp2901", "collection_date": "2010-06-03T13:30:00+0100", "PI_lastname": "Lettieri", "longitude": -10.17, "location": "Monte Cristo", "sequence_type": "WGS", "env_package_type": "water", "material": "water", "biome": "sea"}, "mixs_compliant": 0, "job_id": 10802}