{"pipeline_parameters": {"filter_ambig": "yes", "m5rna_annotation_version": "1", "fgs_type": "454", "screen_indexes": "h_sapiens_asm", "prefix_length": "50", "assembled": "no", "m5rna_sims_version": "7", "m5nr_annotation_version": "1", "file_type": "fna", "m5nr_sims_version": "7", "filter_ln_mult": "1.99", "aa_pid": "90", "filter_ln": "yes", "dereplicate": "yes", "max_ambig": "5", "rna_pid": "97", "bowtie": "no", "priority": "never"}, "version": 1, "library": ["mgl389263", "https://api.mg-rast.org/library/mgl389263"], "statistics": {}, "created": "2011-05-19 16:17:36", "pipeline_version": "3.0", "project": ["mgp3395", "https://api.mg-rast.org/project/mgp3395"], "md5_checksum": "e5d7f1b501ed8b940a76cee7364855e3", "project_metagenomes": ["4513635.3", "4513642.3", "4584423.3", "4584424.3", "4461594.3", "4463932.3", "4463930.3", "4468639.3", "4463927.3", "4461593.3", "4463933.3", "4463931.3", "4463928.3", "4463926.3", "4463925.3", "4486661.3", "4486665.3", "4486669.3", "4486662.3", "4486667.3", "4486668.3", "4486664.3", "4486663.3", "4486666.3", "4463929.3"], "id": "mgm4463928.3", "name": "AnaPaula_PE18-3", "status": "public", "mixs_compliant": 0, "project_alpha_diversity": {"max": 1003.45925609468, "min": 225.128859828708, "avg": 523.207609404706, "stdv": 244.236857959192}, "metadata": {"env_package": {"type": "water", "id": "mge389262", "name": "3AnaPaula_PE18: water", "data": {"env_package": "water", "sample_name": "3AnaPaula_PE18"}}, "sample": {"name": "3AnaPaula_PE18", "id": "mgs389261", "data": {"latitude": 0.933333333333333, "longitude": -29.3666666666667, "sample_name": "3AnaPaula_PE18", "feature": "archipelago", "country": "Brazil", "collection_date": "2010-09-18", "biome": "oceanic epipelagic zone biome", "env_package": "water", "collection_time": "09:00:00", "collection_timezone": "UTC-2", "location": "St Peter and  St Paul Archipelago", "material": "sea water"}}, "library": {"name": "AnaPaula_PE18-3", "type": "WGS", "id": "mgl389263", "data": {"metagenome_name": "AnaPaula_PE18-3", "file_checksum": "e5d7f1b501ed8b940a76cee7364855e3", "metagenome_id": "4463928.3", "seq_meth": "pyrosequencing", "investigation_type": "metagenome", "sample_name": "3AnaPaula_PE18", "file_name": "AP_PE18-3.fasta"}}, "project": {"public": "The influence of global climatic changes over the vitality of corals from St Peter and St Paul Archipelago", "name": "The influence of global climatic changes over the vitality of corals from St Peter and St Paul Archipelago", "id": "mgp3395", "data": {"organization_address": "Av. Carlos Chagas Fo., 373", "firstname": "Ana Paula", "lastname": "Ana Paula", "envo_release": "2013-04-27", "PI_organization": "UFRJ", "project_name": "The influence of global climatic changes over the vitality of corals from St Peter and St Paul Archipelago", "organization_country": "Brazil", "project_description": "Sub-project: Coral diseases in St. Peter & St. Paul Archipelago, unraveling the roles of pathogens and vectors", "PI_firstname": "Ana Paula", "organization": "UFRJ", "PI_organization_address": "Av. Carlos Chagas Fo., 373", "project_funding": "CNPq", "PI_lastname": "B. Moreira", "PI_email": "anapaula.biomar.ufrj@gmail.com", "email": "anapaula.biomar.ufrj@gmail.com", "PI_organization_country": "Brazil"}}}, "url": "https://api.mg-rast.org/metagenome/mgm4463928.3?verbosity=full", "sequence_type": "WGS", "owner": "mgu40632", "mixs": {"location": "St Peter and  St Paul Archipelago", "material": "sea water", "sequence_type": "WGS", "biome": "oceanic epipelagic zone biome", "env_package_type": "water", "country": "Brazil", "feature": "archipelago", "collection_date": "2010-09-18T09:00:00-0200", "PI_lastname": "B. Moreira", "seq_method": "pyrosequencing", "latitude": 0.933333333333333, "PI_firstname": "Ana Paula", "longitude": -29.3666666666667, "project_id": "mgp3395", "project_name": "The influence of global climatic changes over the vitality of corals from St Peter and St Paul Archipelago"}, "sample": ["mgs389261", "https://api.mg-rast.org/sample/mgs389261"], "job_id": 23525}