{"project_alpha_diversity": {"max": 1104.69554506166, "avg": 867.144394137914, "min": 672.396823416176, "stdv": 84.9436421028179}, "created": "2011-11-24 17:26:34", "name": "MD3_r1", "library": ["mgl92811", "https://api.mg-rast.org/library/mgl92811"], "status": "public", "pipeline_parameters": {"prefix_length": "50", "dynamic_trim": "no", "m5rna_sims_version": "1", "m5nr_sims_version": "7", "min_qual": "15", "assembled": "no", "screen_indexes": "h_sapiens_asm", "m5rna_annotation_version": "1", "aa_pid": "90", "file_type": "fastq", "max_lqb": "5", "m5nr_annotation_version": "1", "dereplicate": "yes", "fgs_type": "454", "rna_pid": "97", "priority": "never", "bowtie": "no"}, "md5_checksum": "f2692970df3c5ca9bf110cd94d80a43a", "owner": "mgu29672", "sequence_type": "WGS", "statistics": {}, "project": ["mgp2997", "https://api.mg-rast.org/project/mgp2997"], "pipeline_version": "3.0", "project_metagenomes": ["4477904.3", "4477903.3", "4477902.3", "4477901.3", "4477900.3", "4477899.3", "4477877.3", "4477876.3", "4477875.3", "4477874.3", "4477873.3", "4477872.3", "4477807.3", "4477805.3", "4477804.3", "4477803.3"], "id": "mgm4477805.3", "metadata": {"project": {"name": "cross-site soil metagen", "public": "cross-site soil metagen", "id": "mgp2997", "data": {"PI_organization": "University of Colorado", "PI_firstname": "Noah", "mgrast_id": "mgp2997", "PI_organization_address": "CIRES, UCB 216 Boulder CO 80309", "PI_organization_country": "USA", "PI_email": "noah.fierer@colorado.edu", "project_name": "cross-site soil metagen", "PI_lastname": "Fierer"}}, "sample": {"name": "MD3", "id": "mgs92809", "data": {"collection_time": "12:00:00", "longitude": -115.65, "location": "Mojave Desert, California, USA", "collection_date": "2010-01-10", "env_package": "soil", "feature": "slope", "country": "USA", "material": "bulk soil", "sample_name": "MD3", "collection_timezone": "UTC-7", "latitude": 34.9, "biome": "Deserts and xeric shrubland biome"}}, "library": {"data": {"investigation_type": "metagenome", "file_checksum": "f2692970df3c5ca9bf110cd94d80a43a", "file_name": "Noah12_110721_HWI-EAS137R_0379_s_7_1_sequence.fastq.fasta", "seq_meth": "illumina", "metagenome_id": "4477805.3", "metagenome_name": "MD3_r1", "sample_name": "MD3_r1"}, "id": "mgl92811", "name": "MD3_r1", "type": "WGS"}, "env_package": {"type": "soil", "name": "MD3_r1: soil", "data": {"sample_name": "MD3_r1", "env_package": "soil"}, "id": "mge92810"}}, "job_id": 37402, "mixs": {"material": "bulk soil", "PI_firstname": "Noah", "biome": "Deserts and xeric shrubland biome", "latitude": 34.9, "env_package_type": "soil", "project_name": "cross-site soil metagen", "location": "Mojave Desert, California, USA", "longitude": -115.65, "seq_method": "illumina", "sequence_type": "WGS", "collection_date": "2010-01-10T12:00:00-0700", "feature": "slope", "country": "USA", "project_id": "mgp2997", "PI_lastname": "Fierer"}, "url": "https://api.mg-rast.org/metagenome/mgm4477805.3?verbosity=full", "version": 1, "sample": ["mgs92809", "https://api.mg-rast.org/sample/mgs92809"], "mixs_compliant": 0}