{"status": "public", "project": ["mgp481", "https://api.mg-rast.org/project/mgp481"], "url": "https://api.mg-rast.org/metagenome/mgm4446122.3?verbosity=full", "sequence_type": "WGS", "md5_checksum": "84d04ff4ca2f0e93c4c8638124bca684", "metadata": {"env_package": {"id": "mge48957", "name": "mge48957", "type": "human-associated", "data": {"env_package": "human-associated", "host_subject_id": "4", "age": "33 ; Second", "sex": "Female", "profile_rating_demo 2": "bronze"}}, "project": {"id": "mgp481", "name": "Project for: 5-13", "public": "Project for: 5-13", "data": {"administrative-contact_PI_lastname": "Pride", "firstname": "David", "email": "pridedt9@gmail.com", "project_description": "Analysis of saliva virome", "organization_country": "United States of America", "administrative-contact_PI_email": "pridedt9@gmail.com", "project_name": "Saliva Virome", "administrative-contact_PI_firstname": "David", "lastname": "Pride", "administrative-contact_PI_organization_country": "United States of America"}}, "library": {"data": {"seq_meth": "454", "investigation_type": "metagenome", "metagenome_name": "5-13", "pubmed_id": "22158393", "file_checksum": "84d04ff4ca2f0e93c4c8638124bca684", "metagenome_id": "4446122.3"}, "name": "mgl48956", "type": "WGS", "id": "mgl48956"}, "sample": {"data": {"latitude": 32.9, "collection_date": "2008-06-01", "location": "California", "continent": "north_america", "isol_growth_condt": "22158393", "country": "United States of America", "biome": "human-associated habitat", "env_package": "human-associated", "longitude": -117.2, "feature": "human-associated habitat", "material": "human-associated habitat", "collection_time": "12:00:00", "collection_timezone": "UTC"}, "id": "mgs15585", "name": "mgs15585"}}, "project_alpha_diversity": {"min": 401.227614946054, "max": 401.227614946054, "avg": 401.227614946054, "stdv": 0}, "library": ["mgl48956", "https://api.mg-rast.org/library/mgl48956"], "sample": ["mgs15585", "https://api.mg-rast.org/sample/mgs15585"], "project_metagenomes": ["4446122.3"], "created": "2010-01-19 13:59:19", "mixs": {"collection_date": "2008-06-01T12:00:00Z", "latitude": 32.9, "PI_firstname": null, "location": "California", "biome": "human-associated habitat", "country": "United States of America", "sequence_type": "WGS", "seq_method": "454", "PI_lastname": null, "material": "human-associated habitat", "project_id": "mgp481", "project_name": "Project for: 5-13", "env_package_type": "human-associated", "longitude": -117.2, "feature": "human-associated habitat"}, "owner": "mgu13502", "pipeline_version": "3.0", "statistics": {}, "pipeline_parameters": {"bowtie": "yes", "m5rna_sims_version": "7", "max_ambig": "5", "m5nr_sims_version": "7", "filter_ln": "yes", "fgs_type": "454", "dereplicate": "yes", "filter_ln_mult": "2.0", "screen_indexes": "h_sapiens", "m5nr_annotation_version": "1", "filter_ambig": "yes", "prefix_length": "50", "priority": "never", "file_type": "fna", "m5rna_annotation_version": "1", "assembled": "no", "aa_pid": "90", "rna_pid": "97"}, "name": "5-13", "mixs_compliant": 1, "id": "mgm4446122.3", "version": 1, "job_id": 6004}