{"library": ["mgl303533", "https://api.mg-rast.org/library/mgl303533"], "project_alpha_diversity": {"max": 1162.42693684871, "min": 191.293319005945, "avg": 700.126184534042, "stdv": 367.701330788241}, "version": 1, "mixs_compliant": 1, "url": "https://api.mg-rast.org/metagenome/mgm4476436.3?verbosity=full", "job_id": 36033, "name": "DO C", "sequence_type": "WGS", "mixs": {"env_package_type": "host-associated", "country": "Brazil", "feature": "organism-associated habitat", "project_name": "Sponge metagenome", "project_id": "mgp1236", "location": "ASPSP", "material": "organic material", "PI_lastname": "Thompson", "PI_firstname": "Fabiano", "biome": "marine sponge reef biome", "longitude": -116.24135, "latitude": 43.6387194, "sequence_type": "WGS", "seq_method": "454", "collection_date": "2011-06-01T10:00:00-0200"}, "md5_checksum": "5f91f193ba210d13f9d9c4389bf1f5ad", "owner": "mgu44792", "project_metagenomes": ["4506568.3", "4506805.3", "4476434.3", "4476436.3", "4476439.3", "4476440.3"], "sample": ["mgs303531", "https://api.mg-rast.org/sample/mgs303531"], "statistics": {}, "pipeline_parameters": {"fgs_type": "454", "file_type": "fna", "m5nr_sims_version": "7", "max_ambig": "5", "m5rna_annotation_version": "1", "assembled": "no", "aa_pid": "90", "bowtie": "no", "screen_indexes": "h_sapiens_asm", "filter_ambig": "yes", "m5nr_annotation_version": "1", "dereplicate": "yes", "prefix_length": "50", "rna_pid": "97", "priority": "never", "filter_ln": "no", "filter_ln_mult": "-2.20", "m5rna_sims_version": "1"}, "status": "public", "created": "2011-11-03 12:46:52", "project": ["mgp1236", "https://api.mg-rast.org/project/mgp1236"], "pipeline_version": "3.0", "id": "mgm4476436.3", "metadata": {"library": {"data": {"file_checksum": "5f91f193ba210d13f9d9c4389bf1f5ad", "file_name": "brazilA28.RL10.fasta", "investigation_type": "metagenome", "metagenome_name": "DO C", "seq_meth": "454", "sample_name": "4476436.3", "metagenome_id": "4476436.3"}, "id": "mgl303533", "name": "DO C", "type": "WGS"}, "env_package": {"name": "4476436.3: host-associated", "type": "host-associated", "data": {"sample_name": "4476436.3", "host_taxid": "Didiscus oxeata", "env_package": "host-associated", "host_common_name": "sponge"}, "id": "mge303532"}, "sample": {"data": {"longitude": -116.24135, "sample_name": "4476436.3", "biome": "marine sponge reef biome", "collection_time": "10:00:00", "latitude": 43.6387194, "continent": "south america", "feature": "organism-associated habitat", "collection_timezone": "UTC-2", "country": "Brazil", "location": "ASPSP", "material": "organic material", "env_package": "host-associated", "collection_date": "2011-06-01"}, "id": "mgs303531", "name": "4476436.3"}, "project": {"name": "Sponge metagenome", "data": {"project_name": "Sponge metagenome", "mgrast_id": "mgp1236", "PI_lastname": "Thompson", "PI_firstname": "Fabiano", "PI_organization": "UFRJ", "PI_email": "fabiano.thompson@biologia.ufrj.br", "PI_organization_address": "Rio de Janeiro", "PI_organization_country": "Brazil"}, "public": "Sponge metagenome", "id": "mgp1236"}}}