{"pipeline_parameters": {"m5nr_sims_version": "7", "aa_pid": "90", "dereplicate": "yes", "assembled": "no", "fgs_type": "454", "screen_indexes": "h_sapiens_asm", "priority": "never", "file_type": "fastq", "bowtie": "no", "m5rna_sims_version": "7", "prefix_length": "50", "m5nr_annotation_version": "1", "dynamic_trim": "no", "rna_pid": "97", "max_lqb": "5", "min_qual": "15", "m5rna_annotation_version": "1"}, "url": "https://api.mg-rast.org/metagenome/mgm4466188.3?verbosity=full", "project": ["mgp265", "https://api.mg-rast.org/project/mgp265"], "version": 1, "statistics": {}, "project_alpha_diversity": {"stdv": 103.527999839594, "avg": 268.384604933894, "max": 462.24751340632, "min": 86.4402292203556}, "sequence_type": "WGS", "mixs": {"seq_method": "illumina", "project_name": "Host Remodeling of the Gut Microbiome and Metabolic Changes during Pregnancy", "location": "Turku", "biome": "terrestrial biome", "country": "Finland", "env_package_type": "human-gut", "PI_lastname": "Ley", "project_id": "mgp265", "material": "feces", "longitude": 22.2592, "sequence_type": "WGS", "feature": "human-associated habitat", "collection_date": "2008-01-01T12:00:00+0200", "latitude": 60.44925, "PI_firstname": "Ruth"}, "owner": "mgu48302", "md5_checksum": "06d134cc37353ae4ad61a114f864a680", "sample": ["mgs73298", "https://api.mg-rast.org/sample/mgs73298"], "library": ["mgl73300", "https://api.mg-rast.org/library/mgl73300"], "metadata": {"library": {"data": {"sample_name": "2195", "file_name": "2195.txt.fasta", "metagenome_name": "2195", "seq_meth": "illumina", "investigation_type": "metagenome", "file_checksum": "06d134cc37353ae4ad61a114f864a680", "metagenome_id": "4466188.3"}, "name": "2195", "type": "WGS", "id": "mgl73300"}, "env_package": {"data": {"body_site": "Gut", "host_subject_id": "195", "body_product": "Stool", "misc_param": "3rd trimester", "sample_name": "2195", "sex": "Female", "env_package": "human-gut"}, "name": "2195: human-gut", "type": "human-gut", "id": "mge73299"}, "sample": {"data": {"material": "feces", "biome": "terrestrial biome", "country": "Finland", "location": "Turku", "collection_timezone": "UTC+2", "collection_time": "12:00:00", "env_package": "human-gut", "continent": "europe", "sample_id": "4466188.3", "sample_name": "2195", "latitude": 60.44925, "feature": "human-associated habitat", "collection_date": "2008-01-01", "longitude": 22.2592}, "name": "2195", "id": "mgs73298"}, "project": {"id": "mgp265", "public": "Host Remodeling of the Gut Microbiome and Metabolic Changes during Pregnancy", "data": {"PI_email": "rel222@cornell.edu", "PI_lastname": "Ley", "PI_firstname": "Ruth", "PI_organization_country": "USA", "PI_organization": "Cornell University", "PI_organization_address": "Department of Microbiology", "project_name": "Host Remodeling of the Gut Microbiome and Metabolic Changes during Pregnancy", "project_description": "Study abstract: Many of the immune and metabolic changes occurring during normal pregnancy also describe metabolic\r\nsyndrome. Gutmicrobiota can cause symptoms of metabolic syndrome in nonpregnant hosts. Here, to explore their role in pregnancy, we characterized fecal bacteria of 91 pregnant women of varying prepregnancy BMIs and gestational diabetes status and their infants. Similarities between infant-mother\r\nmicrobiotas increased with children\u00e2\u0080\u0099s age, and the infant microbiota was unaffected by mother\u00e2\u0080\u0099s health\r\nstatus. Gut microbiota changed dramatically from first (T1) to third (T3) trimesters, with vast expansion\r\nof diversity between mothers, an overall increase in Proteobacteria and Actinobacteria, and reduced richness. T3 stool showed strongest signs of inflammation and energy loss; however, microbiome gene\r\nrepertoires were constant between trimesters. When transferred to germ-free mice, T3 microbiota\r\ninduced greater adiposity and insulin insensitivity compared to T1. Our findings indicate that hostmicrobial\r\ninteractions that impact host metabolism can occur and may be beneficial in pregnancy."}, "name": "Host Remodeling of the Gut Microbiome and Metabolic Changes during Pregnancy"}}, "mixs_compliant": 1, "pipeline_version": "3.0", "job_id": 25785, "id": "mgm4466188.3", "created": "2011-06-10 22:26:28", "project_metagenomes": ["4474805.3", "4474369.3", "4474361.3", "4474360.3", "4474359.3", "4474358.3", "4474357.3", "4474355.3", "4474352.3", "4474351.3", "4469858.3", "4467109.3", "4466602.3", "4466296.3", "4466257.3", "4466194.3", "4466188.3", "4466163.3", "4466149.3", "4466148.3"], "status": "public", "name": "2195"}