{"url": "https://api.mg-rast.org/metagenome/mgm4450891.3?verbosity=full", "sequence_type": "WGS", "project_metagenomes": ["4461589.3", "4461588.3", "4460736.3", "4460735.3", "4460734.3", "4460677.3", "4460676.3", "4452043.3", "4452042.3", "4452039.3", "4452038.3", "4450892.3", "4450891.3"], "statistics": {}, "project_alpha_diversity": {"min": 290.049698431873, "max": 941.564002785273, "stdv": 223.226790747773, "avg": 694.760598422866}, "version": 1, "mixs": {"biome": "Neritic epipelagic zone biome", "longitude": -77, "PI_lastname": "LaRoche", "feature": "coastal water body", "seq_method": "pyrosequencing", "location": "Coastal waters off Lima", "material": "coastal water", "PI_firstname": "Julie", "country": "Pacific Ocean", "sequence_type": "WGS", "env_package_type": "water", "project_id": "mgp6556", "latitude": -12.37444, "project_name": "Peru OMZ - Meteor Cruise M77/3", "collection_date": "2009-01-09T19:41:00-0500"}, "project": ["mgp6556", "https://api.mg-rast.org/project/mgp6556"], "job_id": 10598, "name": "Sulfidic Event in Peruvian OMZ Metagenome 40m", "status": "public", "metadata": {"env_package": {"type": "water", "id": "mge164965", "name": "Sulfidic Event in Peruvian OMZ Metagenome 40m: water", "data": {"salinity": "34.9696111111", "diss_oxygen": "0", "ammonium": "3.35770873786", "env_package": "water", "nitrite": "0.24", "sulfide": "2.6", "phosphate": "3.556", "nitrate": "0.09", "sample_name": "Sulfidic Event in Peruvian OMZ Metagenome 40m"}}, "library": {"type": "WGS", "name": "Sulfidic Event in Peruvian OMZ Metagenome 40m", "id": "mgl164966", "data": {"metagenome_name": "Sulfidic Event in Peruvian OMZ Metagenome 40m", "seq_meth": "pyrosequencing", "metagenome_id": "4450891.3", "investigation_type": "metagenome", "sample_name": "Sulfidic Event in Peruvian OMZ Metagenome 40m", "file_checksum": "0beb9f670dc0cbf9c2cefb28e66bf26f"}}, "sample": {"id": "mgs164964", "name": "Sulfidic Event in Peruvian OMZ Metagenome 40m", "data": {"biome": "Neritic epipelagic zone biome", "continent": "south america", "sample_name": "Sulfidic Event in Peruvian OMZ Metagenome 40m", "longitude": -77, "depth": 40, "feature": "coastal water body", "location": "Coastal waters off Lima", "env_package": "water", "samp_collect_device": "Pump-conductivity-temperature-depth (pump-CTD) water sampler", "material": "coastal water", "country": "Pacific Ocean", "collection_timezone": "UTC-5", "collection_time": "19:41:00", "latitude": -12.37444, "temperature": 13.8734, "collection_date": "2009-01-09"}}, "project": {"data": {"PI_lastname": "LaRoche", "PI_organization": "Department of Biology, Dalhousie University", "PI_organization_country": "Canada", "PI_firstname": "Julie", "PI_email": "julie.laroche@dal.ca", "organization_country": "Germany", "project_description": "Oceanographic research cruise to the oxygen minimum zone off the coast of Ecuador and Peru", "project_name": "Peru OMZ - Meteor Cruise M77/3", "organization_address": "D\u00fcsternbrooker Weg 20, 24105 Kiel, Germany", "PI_organization_url": "www.geomar.de & www.sfb754.de", "organization": "GEOMAR Helmholtz Centre for Ocean Research Kiel & Collaborative Research Center 754 (Sonderforschungsbreich 754)", "PI_organization_address": "1355 Oxford Street, Halifax", "project_funding": "GEOMAR Helmholtz Centre for Ocean Research Kiel & Collaborative Research Center 754 (Sonderforschungsbreich 754)", "organization_url": "www.geomar.de & www.sfb754.de"}, "id": "mgp6556", "public": "Peru OMZ - Meteor Cruise M77/3", "name": "Peru OMZ - Meteor Cruise M77/3"}}, "owner": "mgu25612", "sample": ["mgs164964", "https://api.mg-rast.org/sample/mgs164964"], "pipeline_version": "3.0", "library": ["mgl164966", "https://api.mg-rast.org/library/mgl164966"], "md5_checksum": "0beb9f670dc0cbf9c2cefb28e66bf26f", "created": "2010-09-02 12:50:23", "id": "mgm4450891.3", "pipeline_parameters": {"priority": "never", "max_ambig": "5", "fgs_type": "454", "m5rna_annotation_version": "1", "filter_ambig": "yes", "m5nr_sims_version": "7", "prefix_length": "50", "file_type": "fna", "dereplicate": "yes", "filter_ln_mult": "2.0", "rna_pid": "97", "bowtie": "yes", "m5rna_sims_version": "7", "filter_ln": "yes", "assembled": "no", "aa_pid": "90", "m5nr_annotation_version": "1", "screen_indexes": "h_sapiens"}, "mixs_compliant": 0}