{"status": "public", "name": "cg2_up_s_1", "statistics": {}, "url": "https://api.mg-rast.org/metagenome/mgm4481963.3?verbosity=full", "project_metagenomes": ["4481986.3", "4481985.3", "4481984.3", "4481983.3", "4481982.3", "4481981.3", "4481980.3", "4481979.3", "4481978.3", "4481977.3", "4481976.3", "4481975.3", "4481974.3", "4481972.3", "4481971.3", "4481970.3", "4481969.3", "4481968.3", "4481967.3", "4481965.3", "4481957.3", "4481956.3", "4481964.3", "4481963.3", "4481966.3"], "md5_checksum": "6a832d4e664627e62f0ab1d271aaa1f0", "project": ["mgp305", "https://api.mg-rast.org/project/mgp305"], "id": "mgm4481963.3", "owner": "mgu49698", "project_alpha_diversity": {"avg": 989.598321396076, "min": 939.224819401587, "max": 1040.92360750008, "stdv": 28.8002101663488}, "sequence_type": "WGS", "version": 1, "sample": ["mgs86902", "https://api.mg-rast.org/sample/mgs86902"], "library": ["mgl86904", "https://api.mg-rast.org/library/mgl86904"], "created": "2012-02-07 23:17:23", "mixs_compliant": 0, "metadata": {"env_package": {"name": "cg2_up_s_1: sediment", "id": "mge86903", "type": "sediment", "data": {"diss_oxygen": "99", "misc_param": "690", "sample_name": "cg2_up_s_1", "salinity": "0.3", "ph": "8.21", "env_package": "sediment"}}, "library": {"id": "mgl86904", "type": "WGS", "name": "cg2_up_s_1", "data": {"investigation_type": "metagenome", "metagenome_name": "cg2_up_s_1", "file_checksum": "6a832d4e664627e62f0ab1d271aaa1f0", "file_name": "SL7480_cg2_up_s_1_raw_lane_1.fastq.fasta", "seq_meth": "illumina", "sample_name": "cg2_up_s_1", "metagenome_id": "4481963.3"}}, "project": {"data": {"PI_lastname": "Gibbons", "project_funding": "EPSCoR", "PI_firstname": "Sean", "PI_email": "sgibbons@uchicago.edu", "PI_organization_address": "GCIS W101A, 929 E. 57th St. Chicago, IL 60637", "PI_organization_country": "USA", "PI_organization": "University of Chicago", "project_name": "Tongue_all_2011", "project_description": "Metagenomics of Tongue River sediments"}, "public": "Tongue_all_2011", "id": "mgp305", "name": "Tongue_all_2011"}, "sample": {"id": "mgs86902", "name": "cg2_up_s_1", "data": {"latitude": 45.139111, "collection_time": "16:00:00", "sample_name": "cg2_up_s_1", "collection_date": "2011-04-06", "collection_timezone": "UTC-7", "ph": 8.21, "country": "USA", "location": "Southeastern Montana", "env_package": "sediment", "temperature": 5.2, "material": "sediment", "biome": "Small river biome", "longitude": -106.767658, "feature": "freshwater habitat"}}}, "job_id": 43437, "mixs": {"country": "USA", "seq_method": "illumina", "project_id": "mgp305", "project_name": "Tongue_all_2011", "PI_lastname": "Gibbons", "PI_firstname": "Sean", "latitude": 45.139111, "collection_date": "2011-04-06T16:00:00-0700", "sequence_type": "WGS", "biome": "Small river biome", "longitude": -106.767658, "feature": "freshwater habitat", "location": "Southeastern Montana", "env_package_type": "sediment", "material": "sediment"}, "pipeline_parameters": {"priority": "never", "fgs_type": "454", "file_type": "fastq", "max_lqb": "5", "assembled": "no", "dynamic_trim": "yes", "bowtie": "no", "dereplicate": "yes", "min_qual": "15", "m5rna_annotation_version": "1", "prefix_length": "50", "m5nr_sims_version": "7", "m5nr_annotation_version": "1", "aa_pid": "90", "screen_indexes": "h_sapiens_asm", "rna_pid": "97", "m5rna_sims_version": "7"}, "pipeline_version": "3.0"}