{"library": ["mgl62856", "https://api.mg-rast.org/library/mgl62856"], "owner": "mgu20062", "pipeline_version": "3.0", "md5_checksum": "54ec0f28da322984ad68b96aa0c2cdee", "created": "2012-01-20 19:37:27", "project_metagenomes": ["4480867.3", "4480865.3", "4480864.3", "4480863.3", "4480861.3", "4480859.3", "4480858.3", "4480849.3", "4480815.3", "4480776.3", "4480764.3", "4480719.3", "4493574.3", "4493577.3", "4493578.3", "4493579.3", "4493580.3", "4493575.3", "4493576.3"], "sequence_type": "WGS", "pipeline_parameters": {"priority": "never", "file_type": "fna", "prefix_length": "50", "rna_pid": "97", "filter_ln": "yes", "bowtie": "no", "screen_indexes": "h_sapiens_asm", "max_ambig": "5", "m5nr_sims_version": "7", "assembled": "no", "fgs_type": "454", "m5rna_sims_version": "7", "filter_ln_mult": "1.98", "m5nr_annotation_version": "1", "filter_ambig": "yes", "dereplicate": "no", "aa_pid": "90", "m5rna_annotation_version": "1"}, "mixs": {"env_package_type": "wastewater|sludge", "project_id": "mgp397", "seq_method": "illumina", "location": "Ithaca, New York", "latitude": 42.44, "material": "anaerobic digester sludge", "collection_date": "2011-05-23T13:00:00-0500", "longitude": -76.5, "sequence_type": "WGS", "country": "United States of America", "PI_lastname": "Angenent", "feature": "anaerobic digester sludge", "project_name": "Beer-to-Caproate", "PI_firstname": "Largus", "biome": "anaerobic digester sludge"}, "mixs_compliant": 1, "status": "public", "version": 1, "metadata": {"library": {"name": "Beer_CE_Day_62", "data": {"metagenome_id": "4480815.3", "metagenome_name": "Beer_CE_Day_62", "file_name": "1d26all_seqs_unique_nodots.fna", "investigation_type": "metagenome", "seq_meth": "illumina", "file_checksum": "54ec0f28da322984ad68b96aa0c2cdee", "sample_name": "Beer_CE_Day_62"}, "type": "WGS", "id": "mgl62856"}, "env_package": {"name": "Beer_CE_Day_62: wastewater|sludge", "id": "mge62855", "type": "wastewater|sludge", "data": {"env_package": "wastewater|sludge", "samp_store_temp": "-80", "sample_name": "Beer_CE_Day_62", "ph": "5.5"}}, "sample": {"id": "mgs62854", "data": {"collection_timezone": "UTC-5", "depth": 0, "latitude": 42.44, "material": "anaerobic digester sludge", "ph": 5.5, "sample_name": "Beer_CE_Day_62", "location": "Ithaca, New York", "collection_time": "13:00:00", "temperature": 30, "collection_date": "2011-05-23", "longitude": -76.5, "country": "United States of America", "env_package": "wastewater|sludge", "feature": "anaerobic digester sludge", "biome": "anaerobic digester sludge"}, "name": "Beer_CE_Day_62"}, "project": {"id": "mgp397", "data": {"email": "matthewtagler@gmail.com", "PI_firstname": "Largus", "PI_email": "la249@cornell.edu", "organization_url": "http://angenent.bee.cornell.edu/", "lastname": "Agler", "PI_organization_address": "214 Riley-Robb Hall, Ithaca, NY 14853", "project_funding": "USDA through the National Institutes of Food and Agriculture (NIFA), grant number 2007-35504-05381", "PI_lastname": "Angenent", "project_name": "Beer-to-Caproate", "PI_organization_country": "USA", "PI_organization_url": "http://angenent.bee.cornell.edu/", "organization": "Cornell University", "organization_country": "USA", "PI_organization": "Cornell Univeristy", "project_description": "Chain elongation with reactor microbiomes: upgrading dilute ethanol to medium-chain carboxylates", "organization_address": "214 Riley-Robb Hall, Ithaca, NY 14853", "firstname": "Matthew"}, "public": "Beer-to-Caproate", "name": "Beer-to-Caproate"}}, "id": "mgm4480815.3", "project_alpha_diversity": {"max": 855.684392784736, "avg": 482.921152331943, "stdv": 350.570605652042, "min": 20.0230642565395}, "name": "Beer_CE_Day_62", "job_id": 41414, "statistics": {}, "url": "https://api.mg-rast.org/metagenome/mgm4480815.3?verbosity=full", "sample": ["mgs62854", "https://api.mg-rast.org/sample/mgs62854"], "project": ["mgp397", "https://api.mg-rast.org/project/mgp397"]}