{"pipeline_parameters": {"m5rna_sims_version": "7", "aa_pid": "90", "m5rna_annotation_version": "1", "fgs_type": "454", "dereplicate": "yes", "assembled": "no", "rna_pid": "97", "prefix_length": "50", "screen_indexes": "h_sapiens", "m5nr_annotation_version": "1", "m5nr_sims_version": "7", "bowtie": "yes", "file_type": "fna", "filter_ambig": "yes", "filter_ln_mult": "2.0", "filter_ln": "yes", "max_ambig": "5", "priority": "never"}, "pipeline_version": "3.0", "project_alpha_diversity": {"min": 540.408521458922, "avg": 603.087339105196, "stdv": 28.9576263798265, "max": 650.454442800207}, "md5_checksum": "5b0ee855878afbdcf0b4d7259091b8ec", "url": "https://api.mg-rast.org/metagenome/mgm4453434.3?verbosity=full", "mixs_compliant": 0, "project": ["mgp405", "https://api.mg-rast.org/project/mgp405"], "id": "mgm4453434.3", "job_id": 13040, "status": "public", "name": "METASOIL J1a-10 Rothamsted 2010 July 0-21cm Direct MPBIO1O1", "sequence_type": "WGS", "version": 1, "mixs": {"sequence_type": "WGS", "PI_firstname": "Tim M Vogel and", "material": "soil", "latitude": 51.481481, "seq_method": "454", "collection_date": "2010-06-01T12:00:00-0000", "feature": "prairie", "longitude": 0.222231, "env_package_type": "soil", "location": "Rothamsted", "PI_lastname": "Tom O Delmont", "project_id": "mgp405", "project_name": "Soil microbial community from Rothamsted, Park Grass (METASOIL project)", "country": "England", "biome": "Temperate grasslands"}, "metadata": {"env_package": {"id": "mge109337", "data": {"env_package": "soil", "sample_name": "METASOIL J1a-10 Rothamsted 2010 July 0-21cm Direct MPBIO1O1"}, "name": "METASOIL J1a-10 Rothamsted 2010 July 0-21cm Direct MPBIO1O1: soil", "type": "soil"}, "project": {"data": {"project_description": "Metagenomic analyse of soil microbial communities from Rothamsted, UK.\nRelated article on http://www.ncbi.nlm.nih.gov/pubmed/22297556.\nMore information (including Metadata) on the project at http://www.genomenviron.org/Projects/METASOIL.html", "PI_organization_country": "France", "lastname": "Delmont", "PI_organization_address": "Ecully", "project_funding": "French National Research Agency (ANR) Projet ANR-08-GENM-025", "PI_firstname": "Tim M Vogel and", "email": "tomdelmont@hotmail.fr", "project_name": "Soil microbial community from Rothamsted, Park Grass (METASOIL project)", "PI_email": "timothy.vogel@ec-lyon.fr", "mgrast_id": "mgp405", "PI_organization": "Ecole centrale de Lyon", "organization": "Ecole centrale de Lyon", "firstname": "Tom", "PI_lastname": "Tom O Delmont"}, "public": "Soil microbial community from Rothamsted, Park Grass (METASOIL project)", "id": "mgp405", "name": "Soil microbial community from Rothamsted, Park Grass (METASOIL project)"}, "library": {"id": "mgl109338", "data": {"sample_name": "METASOIL J1a-10 Rothamsted 2010 July 0-21cm Direct MPBIO1O1", "file_checksum": "5b0ee855878afbdcf0b4d7259091b8ec", "metagenome_id": "4453434.3", "seq_meth": "454", "metagenome_name": "METASOIL J1a-10 Rothamsted 2010 July 0-21cm Direct MPBIO1O1", "investigation_type": "metagenome"}, "type": "WGS", "name": "METASOIL J1a-10 Rothamsted 2010 July 0-21cm Direct MPBIO1O1"}, "sample": {"name": "METASOIL J1a-10 Rothamsted 2010 July 0-21cm Direct MPBIO1O1", "data": {"biome": "Temperate grasslands", "country": "England", "longitude": 0.222231, "collection_time": "12:00:00", "location": "Rothamsted", "env_package": "soil", "feature": "prairie", "sample_name": "METASOIL J1a-10 Rothamsted 2010 July 0-21cm Direct MPBIO1O1", "collection_timezone": "UTC-0", "latitude": 51.481481, "material": "soil", "collection_date": "2010-06-01"}, "id": "mgs109336"}}, "statistics": {}, "created": "2010-12-14 10:02:09", "owner": "mgu11652", "library": ["mgl109338", "https://api.mg-rast.org/library/mgl109338"], "sample": ["mgs109336", "https://api.mg-rast.org/sample/mgs109336"], "project_metagenomes": ["4453261.3", "4453247.3", "4453246.3", "4453254.3", "4453256.3", "4453257.3", "4453274.3", "4453406.3", "4453407.3", "4453433.3", "4453434.3", "4453435.3", "4453436.3"]}