{"version": 1, "metadata": {"sample": {"id": "mgs192569", "name": "4483800.3", "data": {"country": "USA", "biome": "Deserts and xeric shrubland biome", "longitude": -111.89105, "collection_time": "09:00:00", "collection_timezone": "UTC-7", "location": "Salt Lake City UT", "feature": "organic feature", "latitude": 40.76078, "sample_name": "4483800.3", "material": "chyme", "collection_date": "2011-02-16", "env_package": "host-associated"}}, "library": {"name": "lepida_foregut_546_control_ALL", "type": "WGS", "id": "mgl192571", "data": {"metagenome_name": "lepida_foregut_546_control_ALL", "file_checksum": "36155831c95b34ea3582dd68ba76f754", "metagenome_id": "4483800.3", "file_name": "8872X3_111216_SN141_0431_AC09W4ACXX_8_ALL.txt.fasta", "sample_name": "4483800.3", "investigation_type": "metagenome", "seq_meth": "illumina", "seq_center": "University of Utah Core Facility"}}, "project": {"name": "Woodrat_foregut_metagenome_creosote", "id": "mgp9847", "data": {"lastname": "Kohl", "project_description": "Metagenomic shotgun sequencing of foregut contents of N. lepida fed either a control diet of high-fiber rabbit chow, or a diet amended with 2% of extracted creosote resin.", "organization_country": "United States", "email": "kkohl78@gmail.com", "PI_email": "kkohl78@gmail.com", "PI_organization": "University of Utah", "project_name": "Woodrat_foregut_metagenome_creosote", "PI_organization_address": "257 South 1400 East", "PI_firstname": "Kevin", "PI_lastname": "Kohl", "PI_organization_country": "USA", "organization_address": "710 McClelland St", "organization": "University of Utah", "firstname": "Kevin"}, "public": "Woodrat_foregut_metagenome_creosote"}, "env_package": {"name": "4483800.3: host-associated", "id": "mge192570", "type": "host-associated", "data": {"host_common_name": "desert woodrat", "sample_name": "4483800.3", "body_product": "foregut contents", "misc_param": "Neotoma lepida", "env_package": "host-associated", "host_subject_id": "546", "diet": "control"}}}, "mixs": {"env_package_type": "host-associated", "collection_date": "2011-02-16T09:00:00-0700", "project_id": "mgp9847", "material": "chyme", "latitude": 40.76078, "feature": "organic feature", "location": "Salt Lake City UT", "project_name": "Woodrat_foregut_metagenome_creosote", "PI_firstname": "Kevin", "PI_lastname": "Kohl", "sequence_type": "WGS", "longitude": -111.89105, "biome": "Deserts and xeric shrubland biome", "seq_method": "illumina", "country": "USA"}, "sample": ["mgs192569", "https://api.mg-rast.org/sample/mgs192569"], "project_alpha_diversity": {"avg": 463.36318850334, "min": 0, "stdv": 219.457560854748, "max": 797.686510607398}, "md5_checksum": "36155831c95b34ea3582dd68ba76f754", "statistics": {}, "url": "https://api.mg-rast.org/metagenome/mgm4483800.3?verbosity=full", "id": "mgm4483800.3", "name": "lepida_foregut_546_control_ALL", "sequence_type": "WGS", "status": "public", "project_metagenomes": ["4486239.3", "4484865.3", "4484859.3", "4484670.3", "4483943.3", "4483883.3", "4483800.3", "4482714.3"], "pipeline_parameters": {"m5nr_annotation_version": "1", "m5nr_sims_version": "7", "m5rna_annotation_version": "1", "assembled": "no", "priority": "never", "rna_pid": "97", "m5rna_sims_version": "7", "aa_pid": "90", "screen_indexes": "a_thaliana", "dereplicate": "yes", "bowtie": "yes", "max_lqb": "5", "dynamic_trim": "yes", "min_qual": "15", "prefix_length": "50", "file_type": "fastq", "fgs_type": "454"}, "created": "2012-02-23 16:48:09", "mixs_compliant": 1, "library": ["mgl192571", "https://api.mg-rast.org/library/mgl192571"], "project": ["mgp9847", "https://api.mg-rast.org/project/mgp9847"], "job_id": 45342, "owner": "mgu49909", "pipeline_version": "3.0"}