{"created": "2011-05-19 16:17:54", "project_metagenomes": ["4464073.3", "4482706.3", "4464065.3", "4474000.3", "4464109.3", "4464108.3", "4482707.3"], "mixs_compliant": 1, "sequence_type": "WGS", "md5_checksum": "48ffb52588c69d8632da423b1f636749", "owner": "mgu14132", "version": 1, "url": "https://api.mg-rast.org/metagenome/mgm4464109.3?verbosity=full", "name": "Activated sludge plasmids V09_454 (VISP2009-454)", "status": "public", "job_id": 23706, "project": ["mgp731", "https://api.mg-rast.org/project/mgp731"], "mixs": {"feature": "Wastewater treatment plant", "longitude": 7.8594, "PI_firstname": "Vladimir", "project_id": "mgp731", "env_package_type": "wastewater|sludge", "PI_lastname": "Sentchilo", "biome": "freshwater biome", "country": "Switzerland", "sequence_type": "WGS", "collection_date": "2009-02-19T09:00:00+0100", "seq_method": "454", "location": "Visp", "latitude": 46.30044, "material": "Activated sludge", "project_name": " WWTP activated sludge plasmid (and viral) metagenomes from Switzerland"}, "metadata": {"sample": {"data": {"ph": 7.6, "depth": 0.5, "elevation": 658, "collection_timezone": "UTC+01:00", "sample_id": "4464109.3", "collection_date": "2009-02-19", "latitude": 46.30044, "material": "Activated sludge", "temperature": 28, "env_package": "wastewater|sludge", "sample_name": "Activated sludge plasmids V09_454 (VISP2009-454)", "continent": "europe", "location": "Visp", "collection_time": "09:00:00", "misc_param": "Sample Source--Industrial WWTP", "longitude": 7.8594, "feature": "Wastewater treatment plant", "country": "Switzerland", "biome": "freshwater biome"}, "name": "Activated sludge plasmids V09_454 (VISP2009-454)", "id": "mgs99688"}, "library": {"id": "mgl99690", "data": {"file_checksum": "48ffb52588c69d8632da423b1f636749", "sample_name": "Activated sludge plasmids V09_454 (VISP2009-454)", "gold_id": "Gm00049", "investigation_type": "metagenome", "seq_meth": "454", "seq_chem": "GS FLX Titanium", "file_name": "GHNG454reads.fa", "seq_model": "Roche 454", "seq_url": "http://www.jgi.doe.gov/", "seq_center": "DOE JGI", "metagenome_name": "Activated sludge plasmids V09_454 (VISP2009-454)", "misc_param": "Sequences were produced by cutting 753 bp fragments from and combining with remaining sequence 'tails' of a set of 1848 NCBI plasmids.", "metagenome_id": "4464109.3"}, "name": "Activated sludge plasmids V09_454 (VISP2009-454)", "type": "WGS"}, "env_package": {"type": "wastewater|sludge", "data": {"wastewater_type": "chemical and biopharmaceutical industry (80% by volume), human waste, rainfall, storm drains,", "env_package": "wastewater|sludge", "sample_name": "Activated sludge plasmids V09_454 (VISP2009-454)", "indust_eff_percent": "0.8", "sewage_type": "industrial", "chem_oxygen_dem": "2700 mg O2/l", "chem_administration": "Biopharmaceuticals, antibody drug conjugates (ADC), bioreactors effluents. Products of \"cracking\" process and their derivatives:  chemical intermediates, high-performance materials, diketene derivatives, HCN and its derivatives, pyridine derivatives, Meta\u2122 metaldehyde, vitamins (vitamin B3), peptides and oligonucleotides, crop protection products (e.g., phosphonate glyphosate), quaternary ammonium compounds. Solvent-- benzine. High load of  acetate and ammonium (40 mg/l).", "ph": "7.6", "biochem_oxygen_dem": "1860 mg O2/l"}, "name": "Activated sludge plasmids V09_454 (VISP2009-454): wastewater|sludge", "id": "mge99689"}, "project": {"public": " WWTP activated sludge plasmid (and viral) metagenomes from Switzerland", "name": " WWTP activated sludge plasmid (and viral) metagenomes from Switzerland", "data": {"organization_country": "Switzerland", "administrative-contact_PI_organization_country": "Switzerland", "project_funding": "University of Lausanne, Switzerland.United States Department of Energy Joint Genome Institute (US DOE JGI) as part of the Community Sequencing Program 2007 (project CSP 776886)", "PI_organization_url": "http://www.unil.ch/dmf/page14867.html", "organization_url": "http://www.unil.ch/dmf/page14867.html", "organization_address": "Biophore Building, UNIL-Sorge, 1015 Lausanne", "administrative-contact_PI_email": "vladimir.sentchilo@unil.ch", "administrative-contact_PI_organization_address": "B\u00e2timent Biophore, Quartier UNIL-Sorge ; 1015 ; Lausanne ;", "PI_organization_country": "Switzerland", "administrative-contact_PI_organization_url": "www.unil.ch/dmf", "PI_organization_address": "Biophore Building, UNIL-Sorge, 1015 Lausanne", "PI_firstname": "Vladimir", "project_description": "The aim of the project is to selectively purify, to sequence and to compare mobile gene pools from the activated sludge microbial communities from the two waste water treatment plants (WWTP) in Switzerland. (A fraction of ) mobile gene pool represented by plasmid-like covalently closed double-stranded circular supercoiled DNA molecules was extracted directly from the microbial community, sequenced and assembled. Two WWTPs were sampled : Morges (GPS: 46.5166N, 6.51014E) (municipal waste waters plus hospital effluents; sampled twice-- in 2007 and in 2009) and Visp (GPS: 7.85940W, 46.30044N; mainly (bio)chemical synthesis industry effluents, sampled once in 2009). Short description of the data sets in the project: 4464065.3 (WWTP Morges-2007 Sanger reads);4474073.3 (WWTP Morges-2009 454-reads); 4464108.3 (WWTP Visp-2009, Sanger reads from 8-10 kb insert library); 4464109.3 (WWTP Visp-2009, 454 reads); 4474000.3 (WWTP Morges 2007/2009 contigs assembled by MIRA 3 assembler, only >5x covered contigs longer than 1 kb). For comparison two artificial sets were produced by in silico shearing 1848 NCBI plasmids to pieces of 753 bp (imitating Sanger reads, 4482706.3) and 270 bp (imitating 454 reads, 4482707.3) plus remaining 'tails'.", "project_name": "WWTP activated sludge plasmid (and viral) metagenomes from Switzerland", "email": "vladimir.sentchilo@unil.ch", "lastname": "Sentchilo", "administrative-contact_PI_lastname": "Sentchilo", "firstname": "Vladimir", "PI_organization": "Department of Fundamental Microbiology, University of Lausanne", "PI_lastname": "Sentchilo", "PI_email": "vladimir.sentchilo@unil.ch", "administrative-contact_PI_firstname": "Vladimir", "organization": "Department of Fundamental Microbiology, University of Lausanne"}, "id": "mgp731"}}, "pipeline_parameters": {"filter_ambig": "yes", "prefix_length": "50", "filter_ln_mult": "2.00", "dereplicate": "yes", "bowtie": "no", "max_ambig": "5", "rna_pid": "97", "m5rna_annotation_version": "1", "priority": "never", "file_type": "fna", "fgs_type": "454", "m5rna_sims_version": "7", "assembled": "no", "m5nr_annotation_version": "1", "aa_pid": "90", "screen_indexes": "h_sapiens_asm", "filter_ln": "yes", "m5nr_sims_version": "7"}, "sample": ["mgs99688", "https://api.mg-rast.org/sample/mgs99688"], "library": ["mgl99690", "https://api.mg-rast.org/library/mgl99690"], "project_alpha_diversity": {"avg": 438.5668269036, "min": 337.976883076442, "stdv": 64.7661521408246, "max": 560.141835015785}, "id": "mgm4464109.3", "statistics": {}, "pipeline_version": "3.0"}