{"md5_checksum": "bc71441a4032c8e5a572bd48440d52ec", "sample": ["mgs279272", "https://api.mg-rast.org/sample/mgs279272"], "version": 1, "library": ["mgl279274", "https://api.mg-rast.org/library/mgl279274"], "metadata": {"project": {"public": "Terephthalate-degrading reactor biofilm ecogenomics", "id": "mgp12488", "name": "Terephthalate-degrading reactor biofilm ecogenomics", "data": {"PI_organization_address": "205 N. Mathews Ave, NCEL 3207, Urbana IL 61801", "PI_organization": "University of Illinois, Urbana-Champaign", "firstname": "Masaru", "PI_firstname": "Wen-Tso", "project_description": "Ecogenomic investigation of a methanogenic, hypermesophilic bioreactor degrading terephthalate", "PI_lastname": "Liu", "project_name": "Terephthalate-degrading reactor biofilm ecogenomics", "PI_email": "wtliu@illinois.edu", "PI_organization_country": "USA", "lastname": "Nobu", "organization": "Univeristy of Illinois, Urbana-Champaign", "email": "masarunobu@gmail.com"}}, "library": {"type": "WGS", "name": "Terephthalate-degrading reactor biofilm metatranscriptome", "id": "mgl279274", "data": {"metagenome_name": "Terephthalate-degrading reactor biofilm metatranscriptome", "file_checksum": "bc71441a4032c8e5a572bd48440d52ec", "investigation_type": "metagenome", "sample_name": "Terephthalate-degrading reactor biofilm", "metagenome_id": "4447212.3", "seq_meth": "illumina"}}, "sample": {"id": "mgs279272", "name": "Terephthalate-degrading reactor biofilm", "data": {"sample_name": "Terephthalate-degrading reactor biofilm", "latitude": 40.113849, "collection_time": "12:00:00", "collection_timezone": "UTC-6", "material": "anaerobic sludge", "longitude": -88.226489, "env_package": "wastewater|sludge", "feature": "biofilm", "biome": "freshwater biome", "collection_date": "2011-07-01", "location": "Urbana, IL", "country": "USA"}}, "env_package": {"data": {"sample_name": "Terephthalate-degrading reactor biofilm", "env_package": "wastewater|sludge"}, "id": "mge279273", "name": "Terephthalate-degrading reactor biofilm: wastewater|sludge", "type": "wastewater|sludge"}}, "sequence_type": "WGS", "mixs": {"collection_date": "2011-07-01T12:00:00-0600", "feature": "biofilm", "biome": "freshwater biome", "seq_method": "illumina", "project_id": "mgp12488", "location": "Urbana, IL", "project_name": "Terephthalate-degrading reactor biofilm ecogenomics", "country": "USA", "PI_lastname": "Liu", "sequence_type": "WGS", "latitude": 40.113849, "PI_firstname": "Wen-Tso", "material": "anaerobic sludge", "longitude": -88.226489, "env_package_type": "wastewater|sludge"}, "pipeline_parameters": {"assembled": "no", "m5nr_sims_version": "7", "m5rna_sims_version": "7", "filter_ambig": "yes", "m5rna_annotation_version": "1", "fgs_type": "454", "rna_pid": "97", "max_ambig": "5", "prefix_length": "50", "bowtie": "yes", "aa_pid": "90", "screen_indexes": "h_sapiens", "filter_ln": "yes", "dereplicate": "yes", "file_type": "fna", "priority": "never", "filter_ln_mult": "2.0", "m5nr_annotation_version": "1"}, "created": "2010-03-25 22:52:39", "project_metagenomes": ["4447212.3"], "pipeline_version": "3.0", "status": "public", "project": ["mgp12488", "https://api.mg-rast.org/project/mgp12488"], "name": "Terephthalate-degrading reactor biofilm metatranscriptome", "owner": "mgu3262", "statistics": {}, "project_alpha_diversity": {"stdv": 0, "avg": 535.21878195811, "max": 535.21878195811, "min": 535.21878195811}, "url": "https://api.mg-rast.org/metagenome/mgm4447212.3?verbosity=full", "mixs_compliant": 1, "job_id": 7049, "id": "mgm4447212.3"}