{"id": "mgm4470009.3", "status": "public", "owner": "mgu12752", "pipeline_version": "3.0", "created": "2011-08-05 18:01:00", "sample": ["mgs295988", "https://api.mg-rast.org/sample/mgs295988"], "project_alpha_diversity": {"max": 1149.14473948877, "avg": 927.508742795344, "stdv": 205.198938795964, "min": 254.546180883004}, "mixs_compliant": 0, "metadata": {"library": {"name": "P3_DNA_1141.7.1206ONE", "type": "WGS", "id": "mgl295991", "data": {"file_name": "1141.7.1206.sep.fastq.one.fasta", "metagenome_name": "P3_DNA_1141.7.1206ONE", "sample_name": "P3", "seq_meth": "illumina", "investigation_type": "metagenome", "metagenome_id": "4470009.3", "file_checksum": "5b2c1ea6d9e521c64780a89236979a04"}}, "sample": {"id": "mgs295988", "data": {"latitude": 64.677812, "env_package": "soil", "country": "USA", "collection_time": "12:00:00", "collection_timezone": "UTC-10", "longitude": -157.833252, "location": "permafrost", "depth": -0.7, "sample_name": "P3", "collection_date": "2009-01-01", "material": "soil", "feature": "permafrost", "biome": "Tundra biome"}, "name": "P3"}, "project": {"public": "Permafrost_thaw", "name": "Permafrost_thaw", "id": "mgp11953", "data": {"project_name": "Permafrost_thaw", "PI_firstname": "Jenni", "PI_organization_country": "Finland", "PI_organization": "University of Helsinki", "PI_email": "jenni.hultman@gmail.com", "PI_organization_address": "PO Box 65, 00014 University of Helsinki", "PI_lastname": "Hultman", "mgrast_id": "mgp11953"}}, "env_package": {"id": "mge295989", "data": {"sample_name": "P3", "env_package": "soil"}, "name": "P3: soil", "type": "soil"}}, "statistics": {}, "mixs": {"country": "USA", "seq_method": "illumina", "longitude": -157.833252, "latitude": 64.677812, "PI_lastname": "Hultman", "material": "soil", "collection_date": "2009-01-01T12:00:00-1000", "project_name": "Permafrost_thaw", "feature": "permafrost", "biome": "Tundra biome", "PI_firstname": "Jenni", "env_package_type": "soil", "location": "permafrost", "project_id": "mgp11953", "sequence_type": "WGS"}, "md5_checksum": "5b2c1ea6d9e521c64780a89236979a04", "sequence_type": "WGS", "project": ["mgp11953", "https://api.mg-rast.org/project/mgp11953"], "version": 1, "pipeline_parameters": {"fgs_type": "454", "prefix_length": "50", "min_qual": "15", "dynamic_trim": "no", "dereplicate": "no", "max_lqb": "5", "priority": "never", "bowtie": "no", "file_type": "fastq", "m5nr_sims_version": "7", "m5rna_sims_version": "7", "rna_pid": "97", "m5rna_annotation_version": "1", "assembled": "no", "screen_indexes": "h_sapiens_asm", "m5nr_annotation_version": "1", "aa_pid": "90"}, "library": ["mgl295991", "https://api.mg-rast.org/library/mgl295991"], "project_metagenomes": ["4491569.3", "4491397.3", "4491383.3", "4491382.3", "4491237.3", "4470382.3", "4470381.3", "4470378.3", "4470334.3", "4470315.3", "4470255.3", "4470254.3", "4470253.3", "4470010.3", "4470009.3", "4469540.3", "4469539.3", "4469538.3", "4469455.3", "4469454.3", "4469453.3", "4469340.3", "4469339.3", "4469338.3", "4469328.3"], "name": "P3_DNA_1141.7.1206ONE", "job_id": 29606, "url": "https://api.mg-rast.org/metagenome/mgm4470009.3?verbosity=full"}