{"metadata": {"env_package": {"type": "soil", "data": {"env_package": "soil", "sample_name": "NigF"}, "id": "mge477156", "name": "NigF: soil"}, "sample": {"name": "NigF", "id": "mgs477155", "data": {"continent": "europe", "feature": "landfill", "latitude": 48.99, "experimental_factor": "Black nightshade vegetation", "material": "contaminated soil", "elevation": 531, "country": "Czech Republic", "sample_name": "NigF", "env_package": "soil", "collection_date": "2012-06-01", "depth": 1, "biome": "terrestrial biome", "longitude": 14.16, "location": "South Bohemia", "collection_time": "10:30:00", "collection_timezone": "UTC+2"}}, "library": {"type": "WGS", "name": "NigF_shotgun", "id": "mgl477157", "data": {"metagenome_id": "4450629.3", "file_checksum": "be44a8e2fa19bdd9efe00bc3bf7482ee", "seq_meth": "454", "metagenome_name": "NigF_shotgun", "investigation_type": "metagenome", "sample_name": "NigF"}}, "project": {"public": "Rhizosphere", "id": "mgp271", "name": "Rhizosphere", "data": {"project_name": "rhizosphere", "administrative-contact_PI_email": "hpaces@img.cas.cz", "organization_country": "Czech Republic", "lastname": "Ridl", "firstname": "Jakub", "project_funding": "NPVII MSMT CR", "organization_url": "http://www.img.cas.cz/en/", "administrative-contact_PI_lastname": "Paces", "administrative-contact_PI_organization_url": "www.img.cas.cz", "organization_address": "Videnska 1083, 14220 Prague 4, Czech Republic", "PI_organization_country": "Czech Republic", "PI_firstname": "Jan", "administrative-contact_PI_firstname": "Jan", "organization": "Institute of Molecular Genetics of the ASCR", "administrative-contact_PI_organization_country": "Czech Republic", "PI_lastname": "Paces", "PI_organization_address": "Videnska 1083, 14220 Prague 4, Czech Republic", "PI_organization_url": "http://www.img.cas.cz/en/", "envo_release": "2013-04-27", "PI_email": "jan.paces@img.cas.cz", "project_description": "454 shotgun sequencing of plant root zone specific microbiomes in long-term contaminated soil", "PI_organization": "Institute of Molecular Genetics of the ASCR", "email": "ridlj@img.cas.cz"}}}, "sample": ["mgs477155", "https://api.mg-rast.org/sample/mgs477155"], "project_alpha_diversity": {"avg": 718.224371189495, "max": 814.672792461465, "stdv": 94.9686550073062, "min": 552.015272165527}, "mixs": {"longitude": 14.16, "PI_firstname": "Jan", "biome": "terrestrial biome", "collection_date": "2012-06-01T10:30:00+0200", "env_package_type": "soil", "location": "South Bohemia", "project_name": "Rhizosphere", "material": "contaminated soil", "latitude": 48.99, "feature": "landfill", "seq_method": "454", "sequence_type": "WGS", "country": "Czech Republic", "PI_lastname": "Paces", "project_id": "mgp271"}, "created": "2010-08-17 08:29:11", "project": ["mgp271", "https://api.mg-rast.org/project/mgp271"], "mixs_compliant": 0, "statistics": {}, "library": ["mgl477157", "https://api.mg-rast.org/library/mgl477157"], "project_metagenomes": ["4450631.3", "4450630.3", "4450629.3", "4450628.3", "4450172.3", "4450171.3", "4450131.3", "4450130.3"], "url": "https://api.mg-rast.org/metagenome/mgm4450629.3?verbosity=full", "name": "NigF_shotgun", "job_id": 10352, "status": "public", "sequence_type": "WGS", "pipeline_parameters": {"aa_pid": "90", "filter_ln": "yes", "m5nr_annotation_version": "1", "filter_ambig": "yes", "assembled": "no", "m5rna_sims_version": "7", "rna_pid": "97", "bowtie": "yes", "filter_ln_mult": "2.0", "screen_indexes": "h_sapiens", "priority": "never", "max_ambig": "5", "fgs_type": "454", "file_type": "fna", "dereplicate": "yes", "m5nr_sims_version": "7", "prefix_length": "50", "m5rna_annotation_version": "1"}, "md5_checksum": "be44a8e2fa19bdd9efe00bc3bf7482ee", "version": 1, "pipeline_version": "3.0", "owner": "mgu3612", "id": "mgm4450629.3"}