{"sequence_type": "WGS", "job_id": 26179, "statistics": {}, "project_metagenomes": ["4466846.3", "4466845.3", "4466844.3", "4466835.3", "4466825.3", "4466820.3", "4466814.3", "4466812.3", "4466810.3", "4466809.3", "4466745.3", "4466741.3", "4466739.3", "4466738.3", "4466737.3", "4466736.3", "4466599.3", "4466597.3", "4466596.3", "4466592.3", "4466582.3", "4466309.3"], "version": 1, "status": "public", "pipeline_parameters": {"bowtie": "no", "screen_indexes": "h_sapiens_asm", "assembled": "no", "priority": "never", "m5rna_sims_version": "7", "dereplicate": "no", "prefix_length": "50", "rna_pid": "97", "filter_ambig": "no", "m5rna_annotation_version": "1", "m5nr_annotation_version": "1", "filter_ln_mult": "-3.37", "fgs_type": "454", "file_type": "fna", "m5nr_sims_version": "7", "aa_pid": "90", "filter_ln": "no", "max_ambig": "5"}, "url": "https://api.mg-rast.org/metagenome/mgm4466582.3?verbosity=full", "mixs": {"seq_method": "454", "biome": "coral reef", "project_name": "Pacific Reef Microbiomes", "PI_firstname": "Forest", "sequence_type": "WGS", "feature": "coral reef", "project_id": "mgp9220", "collection_date": "2009-04-19T10:00:00-1000", "env_package_type": "water", "latitude": -9.90774, "material": "water", "location": "Pacific Ocean", "longitude": -150.19974, "PI_lastname": "Rohwer", "country": "Kiribati"}, "metadata": {"library": {"type": "WGS", "id": "mgl192736", "data": {"seq_quality_check": "Prinseq", "seq_meth": "454", "file_name": "CoralCaroline12Mic20090419_NPFinal.fasta", "seq_center": "SDSU", "metagenome_name": "CoralCaroline12Mic20090419_NP", "investigation_type": "metagenome", "metagenome_id": "4466582.3", "seq_chem": "Titanium", "file_checksum": "ebeee7a608288bf319e695d2d9f1cb57", "sample_name": "CoralCaroline12Mic20090419_NP"}, "name": "CoralCaroline12Mic20090419_NP"}, "env_package": {"data": {"env_package": "water", "sample_name": "CoralCaroline12Mic20090419_NP"}, "name": "CoralCaroline12Mic20090419_NP: water", "id": "mge192735", "type": "water"}, "sample": {"id": "mgs192734", "name": "CoralCaroline12Mic20090419_NP", "data": {"collection_time": "10:00:00", "biome": "coral reef", "sample_name": "CoralCaroline12Mic20090419_NP", "env_package": "water", "feature": "coral reef", "sample_id": "4466582.3", "collection_date": "2009-04-19", "collection_timezone": "UTC-10", "latitude": -9.90774, "depth": 30, "material": "water", "country": "Kiribati", "location": "Pacific Ocean", "longitude": -150.19974}}, "project": {"public": "Pacific Reef Microbiomes", "data": {"organization_url": "coralandphage.org", "PI_organization": "San Diego State University", "project_description": "Metagenomes from the Line Islands", "PI_lastname": "Rohwer", "PI_email": "forest@sunstroke.sdsu.edu", "organization_address": "LS301 Biology Department, San Diego State University, 5500 Campanile Drive, San Diego, CA 92182", "lastname": "Kelly", "PI_organization_country": "USA", "PI_organization_url": "coralandphage.org", "project_funding": "NSF", "firstname": "Linda", "project_name": "Pacific Reef Microbiomes", "organization_country": "USA", "PI_firstname": "Forest", "organization": "San Diego State University", "PI_organization_address": "LS301 Biology Department, San Diego State University, 5500 Campanile Drive, San Diego, CA 92182", "email": "lwegley@gmail.com"}, "name": "Pacific Reef Microbiomes", "id": "mgp9220"}}, "owner": "mgu333", "id": "mgm4466582.3", "project_alpha_diversity": {"stdv": 120.439104940246, "min": 256.005423264818, "avg": 453.581479636971, "max": 739.242402937356}, "mixs_compliant": 0, "pipeline_version": "3.0", "name": "CoralCaroline12Mic20090419_NP", "md5_checksum": "ebeee7a608288bf319e695d2d9f1cb57", "project": ["mgp9220", "https://api.mg-rast.org/project/mgp9220"], "sample": ["mgs192734", "https://api.mg-rast.org/sample/mgs192734"], "library": ["mgl192736", "https://api.mg-rast.org/library/mgl192736"], "created": "2011-06-21 18:37:16"}