{"owner": "mgu333", "mixs": {"location": "Pacific Ocean", "biome": "coral reef", "country": "Kiribati", "PI_lastname": "Rohwer", "project_id": "mgp9220", "feature": "coral reef", "PI_firstname": "Forest", "collection_date": "2009-04-06T10:00:00-1000", "seq_method": "454", "longitude": -155.88002, "latitude": -5.6222, "project_name": "Pacific Reef Microbiomes", "material": "water", "sequence_type": "WGS", "env_package_type": "water"}, "created": "2011-06-23 19:19:25", "job_id": 26417, "sequence_type": "WGS", "project_metagenomes": ["4466846.3", "4466845.3", "4466844.3", "4466835.3", "4466825.3", "4466820.3", "4466814.3", "4466812.3", "4466810.3", "4466809.3", "4466745.3", "4466741.3", "4466739.3", "4466738.3", "4466737.3", "4466736.3", "4466599.3", "4466597.3", "4466596.3", "4466592.3", "4466582.3", "4466309.3"], "mixs_compliant": 0, "project": ["mgp9220", "https://api.mg-rast.org/project/mgp9220"], "pipeline_version": "3.0", "metadata": {"sample": {"id": "mgs192782", "data": {"country": "Kiribati", "location": "Pacific Ocean", "biome": "coral reef", "depth": 30, "feature": "coral reef", "longitude": -155.88002, "collection_time": "10:00:00", "collection_date": "2009-04-06", "collection_timezone": "UTC-10", "sample_id": "4466820.3", "env_package": "water", "sample_name": "CoralStarbuck7Mic20090406_NP", "latitude": -5.6222, "material": "water"}, "name": "CoralStarbuck7Mic20090406_NP"}, "env_package": {"id": "mge192783", "type": "water", "name": "CoralStarbuck7Mic20090406_NP: water", "data": {"env_package": "water", "sample_name": "CoralStarbuck7Mic20090406_NP"}}, "project": {"name": "Pacific Reef Microbiomes", "public": "Pacific Reef Microbiomes", "data": {"PI_email": "forest@sunstroke.sdsu.edu", "firstname": "Linda", "PI_lastname": "Rohwer", "PI_organization_address": "LS301 Biology Department, San Diego State University, 5500 Campanile Drive, San Diego, CA 92182", "project_funding": "NSF", "organization": "San Diego State University", "PI_organization_url": "coralandphage.org", "organization_address": "LS301 Biology Department, San Diego State University, 5500 Campanile Drive, San Diego, CA 92182", "project_description": "Metagenomes from the Line Islands", "PI_organization": "San Diego State University", "organization_url": "coralandphage.org", "PI_firstname": "Forest", "email": "lwegley@gmail.com", "PI_organization_country": "USA", "organization_country": "USA", "project_name": "Pacific Reef Microbiomes", "lastname": "Kelly"}, "id": "mgp9220"}, "library": {"id": "mgl192784", "data": {"sample_name": "CoralStarbuck7Mic20090406_NP", "seq_chem": "Titanium", "seq_meth": "454", "seq_quality_check": "Prinseq", "investigation_type": "metagenome", "seq_center": "SDSU", "file_name": "CoralStarbuck7Mic20090406_NPFinal.fasta", "file_checksum": "571c0dc8673f3f4bf9ee909ff91f7611", "metagenome_name": "CoralStarbuck7Mic20090406_NP", "metagenome_id": "4466820.3"}, "name": "CoralStarbuck7Mic20090406_NP", "type": "WGS"}}, "name": "CoralStarbuck7Mic20090406_NP", "version": 1, "url": "https://api.mg-rast.org/metagenome/mgm4466820.3?verbosity=full", "project_alpha_diversity": {"min": 256.005423264818, "stdv": 120.439104940246, "avg": 453.581479636971, "max": 739.242402937356}, "md5_checksum": "571c0dc8673f3f4bf9ee909ff91f7611", "status": "public", "statistics": {}, "pipeline_parameters": {"priority": "never", "m5nr_annotation_version": "1", "aa_pid": "90", "prefix_length": "50", "m5rna_annotation_version": "1", "dereplicate": "no", "file_type": "fna", "m5rna_sims_version": "7", "screen_indexes": "h_sapiens_asm", "rna_pid": "97", "filter_ln": "no", "assembled": "no", "filter_ln_mult": "-3.88", "m5nr_sims_version": "7", "bowtie": "no", "max_ambig": "5", "filter_ambig": "no", "fgs_type": "454"}, "sample": ["mgs192782", "https://api.mg-rast.org/sample/mgs192782"], "library": ["mgl192784", "https://api.mg-rast.org/library/mgl192784"], "id": "mgm4466820.3"}