{"project": ["mgp2739", "https://api.mg-rast.org/project/mgp2739"], "metadata": {"sample": {"id": "mgs131848", "data": {"longitude": 18.1426, "material": "water", "env_package": "water", "continent": "europe", "depth": 10, "collection_date": "2009-04-15", "biome": "marine pelagic feature", "feature": "brackish water habitat", "temperature": 4, "latitude": 58.3591, "sample_id": "LD 10m", "location": "Landsort Deep, Baltic Sea", "country": "Sweden", "sample_name": "10 m assembled", "collection_time": "15:00:00", "collection_timezone": "UTC+1"}, "name": "10 m assembled"}, "library": {"type": "WGS", "id": "mgl131850", "data": {"file_checksum": "e45b4c201f2ead1a0ff1e3a8ead21373", "metagenome_name": "10 m assembled", "sample_name": "10 m assembled", "metagenome_id": "4446970.3", "investigation_type": "metagenome", "seq_meth": "454"}, "name": "10 m assembled"}, "project": {"id": "mgp2739", "name": "Baltic Sea microbial communities", "data": {"firstname": "Petter", "PI_organization_country": "Sweden", "PI_lastname": "Sj\u00c3\u00b6ling", "project_description": "Landsort Deep 2010, BY31", "project_funding": "\u00c3\u0096stersj\u00c3\u00b6stiftelsen", "PI_firstname": "Sara", "organization_country": "Sweden", "project_name": "Baltic Sea microbial communities", "PI_organization": "S\u00c3\u00b6dert\u00c3\u00b6rn University", "lastname": "Thureborn", "PI_organization_address": "Alfred Nobels all\u00c3\u00a9 7, Flemingsberg - 141 89 Huddinge", "PI_email": "sara.sjoling@sh.se", "organization": "S\u00c3\u00b6dert\u00c3\u00b6rn University", "email": "petter.thureborn@sh.se"}, "public": "Baltic Sea microbial communities"}, "env_package": {"name": "10 m assembled: water", "data": {"env_package": "water", "sample_name": "10 m assembled"}, "id": "mge131849", "type": "water"}}, "version": 1, "owner": "mgu1481", "project_alpha_diversity": {"min": 172.258209565559, "stdv": 241.542609917678, "max": 1038.85775212978, "avg": 677.463984683606}, "sample": ["mgs131848", "https://api.mg-rast.org/sample/mgs131848"], "sequence_type": "WGS", "mixs_compliant": 0, "id": "mgm4446970.3", "status": "public", "project_metagenomes": ["4508070.3", "4508177.3", "4517451.3", "4517505.3", "4520408.3", "4446970.3", "4446969.3", "4583147.3", "4447031.3", "4446575.3", "4446574.3", "4446573.3", "4446572.3", "4446571.3", "4446569.3"], "pipeline_version": "3.0", "library": ["mgl131850", "https://api.mg-rast.org/library/mgl131850"], "url": "https://api.mg-rast.org/metagenome/mgm4446970.3?verbosity=full", "md5_checksum": "e45b4c201f2ead1a0ff1e3a8ead21373", "job_id": 6823, "created": "2010-03-15 09:52:36", "name": "10 m assembled", "mixs": {"country": "Sweden", "sequence_type": "WGS", "project_name": "Baltic Sea microbial communities", "seq_method": "454", "location": "Landsort Deep, Baltic Sea", "latitude": 58.3591, "feature": "brackish water habitat", "biome": "marine pelagic feature", "PI_lastname": "Sj\u00c3\u00b6ling", "collection_date": "2009-04-15T15:00:00+0100", "env_package_type": "water", "longitude": 18.1426, "PI_firstname": "Sara", "material": "water", "project_id": "mgp2739"}, "statistics": {}, "pipeline_parameters": {"screen_indexes": "h_sapiens", "max_ambig": "5", "filter_ambig": "yes", "filter_ln_mult": "2.0", "prefix_length": "50", "assembled": "no", "m5rna_sims_version": "7", "aa_pid": "90", "bowtie": "yes", "m5nr_sims_version": "7", "file_type": "fna", "m5rna_annotation_version": "1", "m5nr_annotation_version": "1", "fgs_type": "454", "dereplicate": "yes", "priority": "never", "filter_ln": "yes", "rna_pid": "97"}}