{"version": 1, "pipeline_parameters": {"dereplicate": "yes", "m5rna_sims_version": "1", "rna_pid": "97", "m5rna_annotation_version": "1", "m5nr_sims_version": "7", "filter_ln_mult": "1.98", "max_ambig": "5", "m5nr_annotation_version": "1", "prefix_length": "50", "filter_ln": "yes", "fgs_type": "454", "bowtie": "no", "screen_indexes": "h_sapiens_asm", "priority": "never", "aa_pid": "90", "assembled": "no", "file_type": "fna", "filter_ambig": "yes"}, "job_id": 37387, "owner": "mgu50120", "metadata": {"env_package": {"type": "soil", "id": "mge159752", "data": {"env_package": "soil", "sample_name": "6LM"}, "name": "6LM: soil"}, "sample": {"id": "mgs159751", "data": {"env_package": "soil", "collection_date": "2009-11-01", "biome": "Tropical and subtropical moist broadleaf forest biome", "feature": "agricultural soil", "country": "Brazil", "collection_time": "11:50:00", "longitude": -55.8357663, "material": "bulk soil", "latitude": -11.6832502, "location": "Amazonia", "collection_timezone": "UTC-9", "sample_name": "6LM"}, "name": "6LM"}, "library": {"data": {"file_name": "2011_11_17_EikoKuramae_6_LM_SFF.sff.fasta", "file_checksum": "0a1128d9606447859948a5ca47254773", "seq_meth": "454", "metagenome_name": "6LM", "sample_name": "6LM", "metagenome_id": "4477790.3", "investigation_type": "metagenome"}, "name": "6LM", "type": "WGS", "id": "mgl159753"}, "project": {"id": "mgp7774", "public": "Soybean Rhizosphere from Amazon Soils", "data": {"PI_organization_url": "www.cena.usp.br", "PI_firstname": "Lucas William", "envo_release": "2013-04-27", "project_name": "Soybean Rhizosphere from Amazon Soils", "lastname": "Mendes", "email": "lucaswmendes@gmail.com", "PI_email": "lucaswmendes@gmail.com", "PI_organization": "Center for Nuclear Energy in Agriculture CENA-USP", "organization_url": "www.cena.usp.br", "project_description": "The selection of the rhizospheric microbial community from the bulk soil reservoir under agricultural management of soybean in Amazon forest soils. [Reference: Mendes LW, Kuramae EE, Navarrete AA, van VEEN JA, Tsai SM. (2014). Taxonomical and functional microbial community selection in soybean rhizosphere. The ISME Journal 8:1577-1587, 2014]", "project_funding": "FAPESP", "organization_country": "Brazil", "PI_lastname": "Mendes", "PI_organization_address": "Avenida Centen\u00e1rio 303, CEP 13400-970 Piracicaba-SP", "mgrast_id": "mgp7774", "organization": "Center for Nuclear Energy in Agriculture CENA-USP", "PI_organization_country": "Brazil", "organization_address": "Avenida Centenario 303", "firstname": "Lucas William"}, "name": "Soybean Rhizosphere from Amazon Soils"}}, "mixs_compliant": 0, "sequence_type": "WGS", "name": "6LM", "pipeline_version": "3.0", "project": ["mgp7774", "https://api.mg-rast.org/project/mgp7774"], "library": ["mgl159753", "https://api.mg-rast.org/library/mgl159753"], "url": "https://api.mg-rast.org/metagenome/mgm4477790.3?verbosity=full", "project_alpha_diversity": {"max": 693.056468271845, "avg": 641.752377404847, "stdv": 35.0016630073723, "min": 539.324720307438}, "mixs": {"env_package_type": "soil", "location": "Amazonia", "PI_lastname": "Mendes", "latitude": -11.6832502, "sequence_type": "WGS", "material": "bulk soil", "longitude": -55.8357663, "country": "Brazil", "seq_method": "454", "feature": "agricultural soil", "biome": "Tropical and subtropical moist broadleaf forest biome", "project_id": "mgp7774", "collection_date": "2009-11-01T11:50:00-0900", "project_name": "Soybean Rhizosphere from Amazon Soils", "PI_firstname": "Lucas William"}, "id": "mgm4477790.3", "statistics": {}, "created": "2011-11-24 14:02:23", "sample": ["mgs159751", "https://api.mg-rast.org/sample/mgs159751"], "md5_checksum": "0a1128d9606447859948a5ca47254773", "status": "public", "project_metagenomes": ["4477751.3", "4477749.3", "4477755.3", "4477757.3", "4478037.3", "4478030.3", "4477790.3", "4477789.3", "4478936.3", "4478934.3", "4478294.3", "4478292.3", "4478291.3", "4478290.3", "4478283.3", "4478222.3", "4478038.3", "4479311.3", "4478943.3", "4478941.3", "4478940.3", "4478939.3", "4478938.3", "4478937.3"]}