{"created": "2010-12-03 17:24:17", "statistics": {}, "pipeline_version": "3.0", "sample": ["mgs109318", "https://api.mg-rast.org/sample/mgs109318"], "md5_checksum": "a8424f311c7b3c1f1926b9e34f76c34b", "library": ["mgl109320", "https://api.mg-rast.org/library/mgl109320"], "name": "METASOIL F1 Rothamsted 2009 February 0-21cm Direct MPBIO1O1", "project_alpha_diversity": {"min": 540.408521458922, "stdv": 28.9576263798265, "max": 650.454442800207, "avg": 603.087339105196}, "mixs": {"env_package_type": "soil", "biome": "Temperate grasslands", "seq_method": "454", "PI_lastname": "Tom O Delmont", "PI_firstname": "Tim M Vogel and", "project_name": "Soil microbial community from Rothamsted, Park Grass (METASOIL project)", "feature": "prairie", "location": "Rothamsted", "material": "soil", "sequence_type": "WGS", "latitude": 51.481481, "project_id": "mgp405", "country": "England", "collection_date": "2009-02-01T12:00:00-0000", "longitude": 0.222231}, "project": ["mgp405", "https://api.mg-rast.org/project/mgp405"], "pipeline_parameters": {"m5rna_annotation_version": "1", "bowtie": "yes", "screen_indexes": "h_sapiens", "m5rna_sims_version": "7", "assembled": "no", "rna_pid": "97", "filter_ln_mult": "2.0", "m5nr_annotation_version": "1", "filter_ambig": "yes", "prefix_length": "50", "filter_ln": "yes", "dereplicate": "yes", "m5nr_sims_version": "7", "priority": "never", "file_type": "fna", "max_ambig": "5", "fgs_type": "454", "aa_pid": "90"}, "metadata": {"env_package": {"id": "mge109319", "data": {"env_package": "soil", "sample_name": "METASOIL F1 Rothamsted 2009 February 0-21cm Direct MPBIO1O1"}, "name": "METASOIL F1 Rothamsted 2009 February 0-21cm Direct MPBIO1O1: soil", "type": "soil"}, "project": {"id": "mgp405", "data": {"email": "tomdelmont@hotmail.fr", "PI_organization": "Ecole centrale de Lyon", "PI_organization_address": "Ecully", "organization": "Ecole centrale de Lyon", "project_name": "Soil microbial community from Rothamsted, Park Grass (METASOIL project)", "project_funding": "French National Research Agency (ANR) Projet ANR-08-GENM-025", "PI_firstname": "Tim M Vogel and", "lastname": "Delmont", "PI_email": "timothy.vogel@ec-lyon.fr", "PI_organization_country": "France", "PI_lastname": "Tom O Delmont", "mgrast_id": "mgp405", "project_description": "Metagenomic analyse of soil microbial communities from Rothamsted, UK.\nRelated article on http://www.ncbi.nlm.nih.gov/pubmed/22297556.\nMore information (including Metadata) on the project at http://www.genomenviron.org/Projects/METASOIL.html", "firstname": "Tom"}, "name": "Soil microbial community from Rothamsted, Park Grass (METASOIL project)", "public": "Soil microbial community from Rothamsted, Park Grass (METASOIL project)"}, "library": {"id": "mgl109320", "data": {"metagenome_name": "METASOIL F1 Rothamsted 2009 February 0-21cm Direct MPBIO1O1", "metagenome_id": "4453246.3", "investigation_type": "metagenome", "seq_meth": "454", "sample_name": "METASOIL F1 Rothamsted 2009 February 0-21cm Direct MPBIO1O1", "file_checksum": "a8424f311c7b3c1f1926b9e34f76c34b"}, "type": "WGS", "name": "METASOIL F1 Rothamsted 2009 February 0-21cm Direct MPBIO1O1"}, "sample": {"name": "METASOIL F1 Rothamsted 2009 February 0-21cm Direct MPBIO1O1", "id": "mgs109318", "data": {"env_package": "soil", "collection_timezone": "UTC-0", "biome": "Temperate grasslands", "sample_name": "METASOIL F1 Rothamsted 2009 February 0-21cm Direct MPBIO1O1", "longitude": 0.222231, "collection_date": "2009-02-01", "country": "England", "location": "Rothamsted", "feature": "prairie", "collection_time": "12:00:00", "latitude": 51.481481, "material": "soil"}}}, "sequence_type": "WGS", "version": 1, "id": "mgm4453246.3", "job_id": 12845, "owner": "mgu11652", "url": "https://api.mg-rast.org/metagenome/mgm4453246.3?verbosity=full", "mixs_compliant": 0, "status": "public", "project_metagenomes": ["4453261.3", "4453247.3", "4453246.3", "4453254.3", "4453256.3", "4453257.3", "4453274.3", "4453406.3", "4453407.3", "4453433.3", "4453434.3", "4453435.3", "4453436.3"]}