{"owner": "mgu333", "url": "https://api.mg-rast.org/metagenome/mgm4466599.3?verbosity=full", "status": "public", "mixs": {"latitude": -11.44423, "material": "water", "collection_date": "2009-03-31T10:00:00-1000", "PI_lastname": "Rohwer", "env_package_type": "water", "seq_method": "454", "project_name": "Pacific Reef Microbiomes", "feature": "coral reef", "longitude": -151.81709, "biome": "coral reef", "PI_firstname": "Forest", "country": "Kiribati", "location": "Pacific Ocean", "project_id": "mgp9220", "sequence_type": "WGS"}, "version": 1, "sample": ["mgs192746", "https://api.mg-rast.org/sample/mgs192746"], "created": "2011-06-21 23:16:33", "project_alpha_diversity": {"min": 256.005423264818, "avg": 453.581479636971, "stdv": 120.439104940246, "max": 739.242402937356}, "md5_checksum": "ef7129dcd303084b4fe69a6363ca8ade", "job_id": 26196, "library": ["mgl192748", "https://api.mg-rast.org/library/mgl192748"], "project": ["mgp9220", "https://api.mg-rast.org/project/mgp9220"], "project_metagenomes": ["4466846.3", "4466845.3", "4466844.3", "4466835.3", "4466825.3", "4466820.3", "4466814.3", "4466812.3", "4466810.3", "4466809.3", "4466745.3", "4466741.3", "4466739.3", "4466738.3", "4466737.3", "4466736.3", "4466599.3", "4466597.3", "4466596.3", "4466592.3", "4466582.3", "4466309.3"], "pipeline_parameters": {"m5nr_annotation_version": "1", "file_type": "fna", "rna_pid": "97", "assembled": "no", "m5rna_annotation_version": "1", "filter_ln": "no", "max_ambig": "5", "bowtie": "no", "m5nr_sims_version": "7", "fgs_type": "454", "priority": "never", "dereplicate": "no", "m5rna_sims_version": "7", "aa_pid": "90", "filter_ambig": "no", "screen_indexes": "h_sapiens_asm", "prefix_length": "50", "filter_ln_mult": "-4.04"}, "mixs_compliant": 0, "statistics": {}, "sequence_type": "WGS", "id": "mgm4466599.3", "pipeline_version": "3.0", "name": "CoralFlint6Mic20090331_NP", "metadata": {"env_package": {"data": {"sample_name": "CoralFlint6Mic20090331_NP", "env_package": "water"}, "name": "CoralFlint6Mic20090331_NP: water", "id": "mge192747", "type": "water"}, "library": {"type": "WGS", "id": "mgl192748", "name": "CoralFlint6Mic20090331_NP", "data": {"metagenome_id": "4466599.3", "seq_chem": "Titanium", "seq_meth": "454", "sample_name": "CoralFlint6Mic20090331_NP", "metagenome_name": "CoralFlint6Mic20090331_NP", "file_checksum": "ef7129dcd303084b4fe69a6363ca8ade", "investigation_type": "metagenome", "file_name": "CoralFlint6Mic20090331_NPFinal.fasta", "seq_center": "SDSU", "seq_quality_check": "Prinseq"}}, "project": {"id": "mgp9220", "public": "Pacific Reef Microbiomes", "name": "Pacific Reef Microbiomes", "data": {"project_name": "Pacific Reef Microbiomes", "PI_organization": "San Diego State University", "PI_organization_country": "USA", "email": "lwegley@gmail.com", "organization": "San Diego State University", "PI_organization_url": "coralandphage.org", "PI_firstname": "Forest", "project_funding": "NSF", "PI_email": "forest@sunstroke.sdsu.edu", "lastname": "Kelly", "organization_country": "USA", "firstname": "Linda", "organization_address": "LS301 Biology Department, San Diego State University, 5500 Campanile Drive, San Diego, CA 92182", "PI_lastname": "Rohwer", "project_description": "Metagenomes from the Line Islands", "PI_organization_address": "LS301 Biology Department, San Diego State University, 5500 Campanile Drive, San Diego, CA 92182", "organization_url": "coralandphage.org"}}, "sample": {"name": "CoralFlint6Mic20090331_NP", "data": {"collection_timezone": "UTC-10", "material": "water", "latitude": -11.44423, "sample_id": "4466599.3", "collection_date": "2009-03-31", "sample_name": "CoralFlint6Mic20090331_NP", "longitude": -151.81709, "env_package": "water", "feature": "coral reef", "collection_time": "10:00:00", "biome": "coral reef", "country": "Kiribati", "location": "Pacific Ocean", "depth": 30}, "id": "mgs192746"}}}