{"sample": ["mgs80195", "https://api.mg-rast.org/sample/mgs80195"], "owner": "mgu347", "md5_checksum": "08db9cb6de35f49491decfe7934127d6", "job_id": 3299, "id": "mgm4443317.3", "url": "https://api.mg-rast.org/metagenome/mgm4443317.3?verbosity=full", "name": "OxMinZoneSite3Vir200811-200", "pipeline_version": "3.0", "sequence_type": "WGS", "library": ["mgl80197", "https://api.mg-rast.org/library/mgl80197"], "pipeline_parameters": {"filter_ambig": "yes", "dereplicate": "yes", "max_ambig": "5", "file_type": "fna", "rna_pid": "97", "screen_indexes": "h_sapiens", "m5rna_sims_version": "7", "filter_ln_mult": "2.0", "m5nr_annotation_version": "1", "assembled": "no", "fgs_type": "454", "priority": "never", "m5rna_annotation_version": "1", "bowtie": "yes", "filter_ln": "yes", "prefix_length": "50", "m5nr_sims_version": "7", "aa_pid": "90"}, "status": "public", "mixs": {"project_name": "Iquique Oxygen minimum zone Chile", "PI_firstname": "Liz", "country": "Chile", "project_id": "mgp2265", "location": "Iquique", "sequence_type": "WGS", "env_package_type": "water", "material": "anoxic water", "collection_date": "2008-06-16T13:40:00-0300", "seq_method": "454", "feature": "marine habitat", "longitude": 70.407383, "PI_lastname": "Dinsdale", "latitude": 20.10665, "biome": "ocean biome"}, "created": "2009-04-28 23:35:32", "metadata": {"sample": {"data": {"depth": 200, "collection_date": "2008-06-16", "collection_time": "13:40:00", "env_package": "water", "sample_name": "OxMinZoneSite3Vir200811-200", "continent": "south america", "biome": "ocean biome", "latitude": 20.10665, "longitude": 70.407383, "feature": "marine habitat", "country": "Chile", "location": "Iquique", "collection_timezone": "UTC -3", "material": "anoxic water", "sample_id": "4443317.3"}, "id": "mgs80195", "name": "OxMinZoneSite3Vir200811-200"}, "library": {"id": "mgl80197", "name": "OxMinZoneSite3Vir200811-200", "data": {"metagenome_name": "OxMinZoneSite3Vir200811-200", "sample_name": "OxMinZoneSite3Vir200811-200", "seq_meth": "454", "investigation_type": "metagenome", "metagenome_id": "4443317.3", "file_checksum": "08db9cb6de35f49491decfe7934127d6"}, "type": "WGS"}, "project": {"id": "mgp2265", "name": "Iquique Oxygen minimum zone Chile", "public": "Iquique Oxygen minimum zone Chile", "data": {"PI_email": "Elizabeth_dinsdale@hotmail.com", "PI_lastname": "Dinsdale", "project_name": "Iquique Oxygen minimum zone Chile", "PI_organization_address": "5500 Campanile Drive, San Diego, CA 92115", "PI_organization": "San Diego State University", "PI_firstname": "Liz", "PI_organization_country": "United States of America"}}, "env_package": {"name": "OxMinZoneSite3Vir200811-200: water", "id": "mge80196", "type": "water", "data": {"sample_name": "OxMinZoneSite3Vir200811-200", "env_package": "water"}}}, "statistics": {}, "project_metagenomes": ["4443777.3", "4443776.3", "4443317.3", "4443316.3"], "mixs_compliant": 0, "project_alpha_diversity": {"max": 448.422692804302, "avg": 257.254317465676, "stdv": 136.14625633552, "min": 101.123279516691}, "version": 1, "project": ["mgp2265", "https://api.mg-rast.org/project/mgp2265"]}