{"sequence_type": "WGS", "statistics": {}, "md5_checksum": "85c9b92c0770e8d3c6d5811c8b449b28", "mixs": {"PI_firstname": "Ruth", "feature": "animal-associated habitat", "material": "feces", "longitude": -76.501893, "biome": "Temperate grasslands", "project_name": "TLR5KO_454_Metagenome", "location": "Ithaca, NY", "sequence_type": "WGS", "env_package_type": "host-associated", "PI_lastname": "Ley", "collection_date": "2009-11-16T12:00:00-0500", "country": "USA", "latitude": 42.444015, "project_id": "mgp6244", "seq_method": "454"}, "project_metagenomes": ["4447454.3", "4447455.3", "4447456.3", "4447457.3", "4447449.3", "4447448.3", "4447447.3", "4447446.3"], "name": "WT2", "id": "mgm4447447.3", "url": "https://api.mg-rast.org/metagenome/mgm4447447.3?verbosity=full", "project": ["mgp6244", "https://api.mg-rast.org/project/mgp6244"], "created": "2010-04-08 15:18:37", "version": 1, "job_id": 7277, "project_alpha_diversity": {"avg": 343.089591581615, "stdv": 27.5564022215991, "max": 377.946691310169, "min": 289.817944669576}, "owner": "mgu18732", "sample": ["mgs138931", "https://api.mg-rast.org/sample/mgs138931"], "library": ["mgl138933", "https://api.mg-rast.org/library/mgl138933"], "pipeline_parameters": {"dereplicate": "yes", "m5rna_annotation_version": "1", "rna_pid": "97", "prefix_length": "50", "bowtie": "yes", "max_ambig": "5", "file_type": "fna", "fgs_type": "454", "screen_indexes": "h_sapiens", "assembled": "no", "m5nr_sims_version": "7", "m5rna_sims_version": "7", "m5nr_annotation_version": "1", "priority": "never", "filter_ambig": "yes", "filter_ln_mult": "2.0", "filter_ln": "yes", "aa_pid": "90"}, "mixs_compliant": 1, "pipeline_version": "3.0", "metadata": {"project": {"public": "TLR5KO_454_Metagenome", "id": "mgp6244", "data": {"PI_organization": "Cornell", "project_name": "T5KO_454_MetaG", "mgrast_id": "mgp6244", "PI_lastname": "Ley", "PI_organization_address": "467 Biotechnology Building, Ithaca, NY, 14853", "PI_email": "rel222@cornell.edu", "PI_firstname": "Ruth", "PI_organization_country": "USA"}, "name": "TLR5KO_454_Metagenome"}, "env_package": {"type": "host-associated", "id": "mge138932", "name": "WT2: host-associated", "data": {"env_package": "host-associated", "body_site": "cecum", "sample_name": "WT2", "mgrast_id": "mge138932"}}, "sample": {"data": {"env_package": "host-associated", "location": "Ithaca, NY", "longitude": -76.501893, "biome": "Temperate grasslands", "material": "feces", "feature": "animal-associated habitat", "sample_name": "WT2", "collection_timezone": "UTC-5", "latitude": 42.444015, "collection_date": "2009-11-16", "country": "USA", "collection_time": "12:00:00"}, "name": "WT2", "id": "mgs138931"}, "library": {"id": "mgl138933", "type": "WGS", "data": {"metagenome_id": "4447447.3", "seq_meth": "454", "file_checksum": "85c9b92c0770e8d3c6d5811c8b449b28", "sample_name": "WT2", "metagenome_name": "WT2", "investigation_type": "metagenome"}, "name": "WT2"}}, "status": "public"}