{"id": "mgm4447449.3", "version": 1, "library": ["mgl138939", "https://api.mg-rast.org/library/mgl138939"], "pipeline_parameters": {"priority": "never", "file_type": "fna", "filter_ln_mult": "2.0", "m5rna_sims_version": "7", "m5rna_annotation_version": "1", "bowtie": "yes", "dereplicate": "yes", "screen_indexes": "h_sapiens", "fgs_type": "454", "aa_pid": "90", "rna_pid": "97", "prefix_length": "50", "m5nr_annotation_version": "1", "filter_ln": "yes", "assembled": "no", "m5nr_sims_version": "7", "max_ambig": "5", "filter_ambig": "yes"}, "sample": ["mgs138937", "https://api.mg-rast.org/sample/mgs138937"], "mixs": {"biome": "Temperate grasslands", "seq_method": "454", "location": "Ithaca, NY", "longitude": -76.501893, "feature": "animal-associated habitat", "project_id": "mgp6244", "collection_date": "2009-11-16T12:00:00-0500", "country": "USA", "env_package_type": "host-associated", "sequence_type": "WGS", "project_name": "TLR5KO_454_Metagenome", "PI_lastname": "Ley", "PI_firstname": "Ruth", "latitude": 42.444015, "material": "feces"}, "md5_checksum": "b563e40ca67b2aa043723976cc559226", "project_alpha_diversity": {"stdv": 27.5564022215991, "min": 289.817944669576, "max": 377.946691310169, "avg": 343.089591581615}, "created": "2010-04-08 15:27:49", "statistics": {}, "pipeline_version": "3.0", "name": "WT4", "url": "https://api.mg-rast.org/metagenome/mgm4447449.3?verbosity=full", "owner": "mgu18732", "project_metagenomes": ["4447454.3", "4447455.3", "4447456.3", "4447457.3", "4447449.3", "4447448.3", "4447447.3", "4447446.3"], "project": ["mgp6244", "https://api.mg-rast.org/project/mgp6244"], "status": "public", "sequence_type": "WGS", "metadata": {"project": {"data": {"PI_firstname": "Ruth", "PI_lastname": "Ley", "PI_email": "rel222@cornell.edu", "mgrast_id": "mgp6244", "PI_organization": "Cornell", "project_name": "T5KO_454_MetaG", "PI_organization_address": "467 Biotechnology Building, Ithaca, NY, 14853", "PI_organization_country": "USA"}, "public": "TLR5KO_454_Metagenome", "name": "TLR5KO_454_Metagenome", "id": "mgp6244"}, "library": {"data": {"investigation_type": "metagenome", "metagenome_name": "WT4", "file_checksum": "b563e40ca67b2aa043723976cc559226", "metagenome_id": "4447449.3", "seq_meth": "454", "sample_name": "WT4"}, "name": "WT4", "id": "mgl138939", "type": "WGS"}, "env_package": {"type": "host-associated", "id": "mge138938", "name": "WT4: host-associated", "data": {"mgrast_id": "mge138938", "env_package": "host-associated", "sample_name": "WT4", "body_site": "cecum"}}, "sample": {"data": {"collection_timezone": "UTC-5", "latitude": 42.444015, "material": "feces", "collection_time": "12:00:00", "longitude": -76.501893, "location": "Ithaca, NY", "biome": "Temperate grasslands", "sample_name": "WT4", "env_package": "host-associated", "country": "USA", "feature": "animal-associated habitat", "collection_date": "2009-11-16"}, "id": "mgs138937", "name": "WT4"}}, "job_id": 7279, "mixs_compliant": 1}