{"mixs_compliant": 0, "mixs": {"location": "Chihuahuan Desert, Galisteo, New Mexico, USA", "PI_lastname": "Fierer", "env_package_type": "soil", "country": "USA", "PI_firstname": "Noah", "longitude": -105.933, "project_name": "cross-site soil metagen", "material": "bulk soil", "latitude": 35.383, "sequence_type": "WGS", "collection_date": "2010-01-10T12:00:00-0700", "feature": "slope", "seq_method": "illumina", "biome": "Deserts and xeric shrubland biome", "project_id": "mgp2997"}, "sequence_type": "WGS", "pipeline_parameters": {"m5rna_annotation_version": "1", "dereplicate": "yes", "m5rna_sims_version": "1", "m5nr_annotation_version": "1", "file_type": "fastq", "screen_indexes": "h_sapiens_asm", "priority": "never", "m5nr_sims_version": "7", "min_qual": "15", "rna_pid": "97", "max_lqb": "5", "dynamic_trim": "no", "fgs_type": "454", "prefix_length": "50", "aa_pid": "90", "assembled": "no", "bowtie": "no"}, "version": 1, "created": "2011-11-25 15:36:13", "project_metagenomes": ["4477904.3", "4477903.3", "4477902.3", "4477901.3", "4477900.3", "4477899.3", "4477877.3", "4477876.3", "4477875.3", "4477874.3", "4477873.3", "4477872.3", "4477807.3", "4477805.3", "4477804.3", "4477803.3"], "project_alpha_diversity": {"avg": 867.144394137914, "max": 1104.69554506166, "min": 672.396823416176, "stdv": 84.9436421028179}, "status": "public", "project": ["mgp2997", "https://api.mg-rast.org/project/mgp2997"], "url": "https://api.mg-rast.org/metagenome/mgm4477872.3?verbosity=full", "job_id": 37469, "name": "SF2_r1", "sample": ["mgs92803", "https://api.mg-rast.org/sample/mgs92803"], "metadata": {"library": {"data": {"metagenome_name": "SF2_r1", "file_checksum": "8e95be3fb9d5a149909665535bfd2388", "sample_name": "SF2_r1", "investigation_type": "metagenome", "seq_meth": "illumina", "file_name": "Noah14_110721_HWI-EAS137R_0379_s_6_1_sequence.fastq.fasta", "metagenome_id": "4477872.3"}, "id": "mgl92805", "name": "SF2_r1", "type": "WGS"}, "sample": {"data": {"location": "Chihuahuan Desert, Galisteo, New Mexico, USA", "collection_time": "12:00:00", "material": "bulk soil", "longitude": -105.933, "country": "USA", "collection_date": "2010-01-10", "feature": "slope", "sample_name": "SF2", "latitude": 35.383, "collection_timezone": "UTC-7", "env_package": "soil", "biome": "Deserts and xeric shrubland biome"}, "id": "mgs92803", "name": "SF2"}, "env_package": {"type": "soil", "name": "SF2_r1: soil", "id": "mge92804", "data": {"sample_name": "SF2_r1", "env_package": "soil"}}, "project": {"id": "mgp2997", "name": "cross-site soil metagen", "data": {"PI_firstname": "Noah", "PI_organization_country": "USA", "mgrast_id": "mgp2997", "project_name": "cross-site soil metagen", "PI_email": "noah.fierer@colorado.edu", "PI_organization": "University of Colorado", "PI_organization_address": "CIRES, UCB 216 Boulder CO 80309", "PI_lastname": "Fierer"}, "public": "cross-site soil metagen"}}, "id": "mgm4477872.3", "owner": "mgu29672", "md5_checksum": "8e95be3fb9d5a149909665535bfd2388", "statistics": {}, "pipeline_version": "3.0", "library": ["mgl92805", "https://api.mg-rast.org/library/mgl92805"]}