{"project": ["mgp16895", "https://api.mg-rast.org/project/mgp16895"], "sample": ["mgs470606", "https://api.mg-rast.org/sample/mgs470606"], "md5_checksum": "1bb2a590b3f3f1ac3034d0a7c434e693", "project_metagenomes": ["4466813.3", "4466742.3", "4466740.3", "4466841.3", "4449259.3", "4449268.3", "4442653.3", "4442652.3", "4442643.3"], "name": "King8LIMic20070823", "url": "https://api.mg-rast.org/metagenome/mgm4442653.3?verbosity=full", "id": "mgm4442653.3", "project_alpha_diversity": {"min": 104.599259832891, "stdv": 149.40546087881, "max": 536.002088402223, "avg": 356.001397593201}, "created": "2009-03-01 23:50:16", "sequence_type": "WGS", "status": "public", "version": 1, "mixs": {"sequence_type": "WGS", "seq_method": "454", "env_package_type": "water", "country": "USA", "PI_firstname": "Forest", "location": "Pacific Ocean", "project_name": "Global Microbialization On Reefs", "longitude": -162.3427, "collection_date": "2007-08-22T10:00:00-1000", "biome": "coral reef", "project_id": "mgp16895", "latitude": 6.404, "material": "water", "PI_lastname": "Rohwer", "feature": "coral reef"}, "pipeline_parameters": {"max_ambig": "5", "assembled": "no", "bowtie": "yes", "priority": "never", "m5rna_sims_version": "1", "prefix_length": "50", "m5rna_annotation_version": "1", "filter_ln_mult": "2.0", "m5nr_sims_version": "7", "filter_ln": "yes", "aa_pid": "90", "m5nr_annotation_version": "1", "dereplicate": "yes", "rna_pid": "97", "fgs_type": "454", "file_type": "fna", "screen_indexes": "h_sapiens", "filter_ambig": "yes"}, "mixs_compliant": 0, "owner": "mgu9", "library": ["mgl470608", "https://api.mg-rast.org/library/mgl470608"], "metadata": {"library": {"data": {"sample_name": "King8", "investigation_type": "metagenome", "seq_meth": "454", "seq_quality_check": "Prinseq", "seq_center": "SDSU", "file_checksum": "1bb2a590b3f3f1ac3034d0a7c434e693", "metagenome_id": "4442653.3", "seq_chem": "Titanium", "metagenome_name": "King8LIMic20070823"}, "id": "mgl470608", "type": "WGS", "name": "King8LIMic20070823"}, "env_package": {"data": {"env_package": "water", "sample_name": "King8"}, "type": "water", "id": "mge470607", "name": "King8: water"}, "sample": {"name": "King8", "id": "mgs470606", "data": {"biome": "coral reef", "collection_date": "2007-08-22", "latitude": 6.404, "depth": 10, "collection_timezone": "UTC-10", "env_package": "water", "collection_time": "10:00:00", "longitude": -162.3427, "location": "Pacific Ocean", "feature": "coral reef", "material": "water", "sample_id": "4442653.3", "country": "USA", "sample_name": "King8"}}, "project": {"public": "Global Microbialization On Reefs", "data": {"organization_country": "USA", "PI_organization_url": "coralandphage.org", "PI_organization_address": "LS301 Biology Department, San Diego State University, 5500 Campanile Drive, San Diego, CA 92182", "project_funding": "NSF", "organization_address": "LS301 Biology Department, San Diego State University, 5500 Campanile Drive, San Diego, CA 92182", "organization_url": "coralandphage.org", "PI_lastname": "Rohwer", "organization": "San Diego State University", "project_description": "Metagenomes from watercolumn above coral reefs", "PI_email": "frohwer@gmail.com", "firstname": "Linda", "PI_organization_country": "USA", "email": "lwegley@gmail.com", "PI_firstname": "Forest", "envo_release": "2013-04-27", "lastname": "Kelly", "project_name": "Global Microbialization on Reefs", "PI_organization": "San Diego State University"}, "id": "mgp16895", "name": "Global Microbialization On Reefs"}}, "statistics": {}, "pipeline_version": "3.0", "job_id": 2580}