{"owner": "mgu49909", "metadata": {"env_package": {"data": {"sample_name": "4483883.3", "body_product": "foregut contents", "misc_param": "Neotoma lepida", "host_subject_id": "543", "diet": "creosote", "host_common_name": "desert woodrat", "env_package": "host-associated"}, "name": "4483883.3: host-associated", "id": "mge192567", "type": "host-associated"}, "project": {"id": "mgp9847", "public": "Woodrat_foregut_metagenome_creosote", "data": {"PI_organization_address": "257 South 1400 East", "PI_organization_country": "USA", "project_name": "Woodrat_foregut_metagenome_creosote", "lastname": "Kohl", "organization_address": "710 McClelland St", "email": "kkohl78@gmail.com", "project_description": "Metagenomic shotgun sequencing of foregut contents of N. lepida fed either a control diet of high-fiber rabbit chow, or a diet amended with 2% of extracted creosote resin.", "PI_lastname": "Kohl", "PI_organization": "University of Utah", "firstname": "Kevin", "PI_email": "kkohl78@gmail.com", "PI_firstname": "Kevin", "organization": "University of Utah", "organization_country": "United States"}, "name": "Woodrat_foregut_metagenome_creosote"}, "library": {"data": {"metagenome_id": "4483883.3", "investigation_type": "metagenome", "sample_name": "4483883.3", "seq_meth": "illumina", "seq_center": "University of Utah Core Facility", "file_name": "8872X2_111216_SN141_0431_AC09W4ACXX_8_ALL.txt.fasta", "metagenome_name": "lepida_foregut_543_creosote_ALL", "file_checksum": "3ca9e6a419831d9cff467bb9f5891d1b"}, "name": "lepida_foregut_543_creosote_ALL", "id": "mgl192568", "type": "WGS"}, "sample": {"name": "4483883.3", "data": {"location": "Salt Lake City UT", "collection_date": "2011-02-16", "collection_timezone": "UTC-7", "biome": "Deserts and xeric shrubland biome", "country": "USA", "longitude": -111.89105, "collection_time": "08:40:00", "sample_name": "4483883.3", "feature": "organic feature", "env_package": "host-associated", "latitude": 40.76078, "material": "chyme"}, "id": "mgs192566"}}, "statistics": {}, "version": 1, "name": "lepida_foregut_543_creosote_ALL", "mixs": {"collection_date": "2011-02-16T08:40:00-0700", "location": "Salt Lake City UT", "PI_firstname": "Kevin", "seq_method": "illumina", "country": "USA", "PI_lastname": "Kohl", "biome": "Deserts and xeric shrubland biome", "env_package_type": "host-associated", "feature": "organic feature", "longitude": -111.89105, "sequence_type": "WGS", "project_id": "mgp9847", "material": "chyme", "project_name": "Woodrat_foregut_metagenome_creosote", "latitude": 40.76078}, "created": "2012-02-24 16:27:52", "status": "public", "project_metagenomes": ["4486239.3", "4484865.3", "4484859.3", "4484670.3", "4483943.3", "4483883.3", "4483800.3", "4482714.3"], "project_alpha_diversity": {"min": 0, "max": 797.686510607398, "stdv": 219.457560854748, "avg": 463.36318850334}, "id": "mgm4483883.3", "pipeline_version": "3.0", "md5_checksum": "3ca9e6a419831d9cff467bb9f5891d1b", "mixs_compliant": 1, "url": "https://api.mg-rast.org/metagenome/mgm4483883.3?verbosity=full", "library": ["mgl192568", "https://api.mg-rast.org/library/mgl192568"], "sequence_type": "WGS", "pipeline_parameters": {"fgs_type": "454", "rna_pid": "97", "m5rna_annotation_version": "1", "max_lqb": "5", "bowtie": "yes", "file_type": "fastq", "dereplicate": "yes", "priority": "never", "min_qual": "15", "screen_indexes": "a_thaliana", "m5nr_annotation_version": "1", "assembled": "no", "dynamic_trim": "yes", "aa_pid": "90", "m5rna_sims_version": "7", "m5nr_sims_version": "7", "prefix_length": "50"}, "sample": ["mgs192566", "https://api.mg-rast.org/sample/mgs192566"], "job_id": 45425, "project": ["mgp9847", "https://api.mg-rast.org/project/mgp9847"]}