{"md5_checksum": "842623f4dd4f961283cc65011274968f", "sequence_type": "WGS", "sample": ["mgs389252", "https://api.mg-rast.org/sample/mgs389252"], "library": ["mgl389254", "https://api.mg-rast.org/library/mgl389254"], "id": "mgm4463931.3", "mixs_compliant": 0, "created": "2011-05-19 16:17:37", "url": "https://api.mg-rast.org/metagenome/mgm4463931.3?verbosity=full", "name": "AnaPaula_PE15-4", "metadata": {"library": {"type": "WGS", "name": "AnaPaula_PE15-4", "id": "mgl389254", "data": {"sample_name": "3AnaPaula_PE15", "investigation_type": "metagenome", "seq_meth": "pyrosequencing", "metagenome_id": "4463931.3", "metagenome_name": "AnaPaula_PE15-4", "file_checksum": "842623f4dd4f961283cc65011274968f", "file_name": "AP_PE15-4.fasta"}}, "sample": {"data": {"env_package": "water", "biome": "oceanic epipelagic zone biome", "location": "St Peter and  St Paul Archipelago", "country": "Brazil", "collection_time": "16:30:00", "sample_name": "3AnaPaula_PE15", "collection_timezone": "UTC-2", "material": "sea water", "collection_date": "2010-09-15", "longitude": -29.3666666666667, "latitude": 0.933333333333333, "feature": "archipelago"}, "id": "mgs389252", "name": "3AnaPaula_PE15"}, "env_package": {"data": {"env_package": "water", "sample_name": "3AnaPaula_PE15"}, "id": "mge389253", "type": "water", "name": "3AnaPaula_PE15: water"}, "project": {"public": "The influence of global climatic changes over the vitality of corals from St Peter and St Paul Archipelago", "data": {"PI_email": "anapaula.biomar.ufrj@gmail.com", "PI_organization_country": "Brazil", "PI_organization": "UFRJ", "firstname": "Ana Paula", "lastname": "Ana Paula", "PI_firstname": "Ana Paula", "organization_country": "Brazil", "organization_address": "Av. Carlos Chagas Fo., 373", "PI_organization_address": "Av. Carlos Chagas Fo., 373", "email": "anapaula.biomar.ufrj@gmail.com", "organization": "UFRJ", "project_description": "Sub-project: Coral diseases in St. Peter & St. Paul Archipelago, unraveling the roles of pathogens and vectors", "project_name": "The influence of global climatic changes over the vitality of corals from St Peter and St Paul Archipelago", "envo_release": "2013-04-27", "PI_lastname": "B. Moreira", "project_funding": "CNPq"}, "id": "mgp3395", "name": "The influence of global climatic changes over the vitality of corals from St Peter and St Paul Archipelago"}}, "mixs": {"longitude": -29.3666666666667, "env_package_type": "water", "collection_date": "2010-09-15T16:30:00-0200", "sequence_type": "WGS", "material": "sea water", "seq_method": "pyrosequencing", "feature": "archipelago", "project_name": "The influence of global climatic changes over the vitality of corals from St Peter and St Paul Archipelago", "PI_lastname": "B. Moreira", "latitude": 0.933333333333333, "project_id": "mgp3395", "biome": "oceanic epipelagic zone biome", "location": "St Peter and  St Paul Archipelago", "country": "Brazil", "PI_firstname": "Ana Paula"}, "version": 1, "pipeline_version": "3.0", "statistics": {}, "project": ["mgp3395", "https://api.mg-rast.org/project/mgp3395"], "owner": "mgu40632", "project_metagenomes": ["4513635.3", "4513642.3", "4584423.3", "4584424.3", "4461594.3", "4463932.3", "4463930.3", "4468639.3", "4463927.3", "4461593.3", "4463933.3", "4463931.3", "4463928.3", "4463926.3", "4463925.3", "4486661.3", "4486665.3", "4486669.3", "4486662.3", "4486667.3", "4486668.3", "4486664.3", "4486663.3", "4486666.3", "4463929.3"], "job_id": 23528, "status": "public", "pipeline_parameters": {"m5rna_annotation_version": "1", "fgs_type": "454", "prefix_length": "50", "filter_ambig": "yes", "filter_ln": "yes", "assembled": "no", "dereplicate": "yes", "m5nr_sims_version": "7", "m5nr_annotation_version": "1", "priority": "never", "max_ambig": "5", "aa_pid": "90", "file_type": "fna", "rna_pid": "97", "screen_indexes": "h_sapiens_asm", "m5rna_sims_version": "7", "bowtie": "no", "filter_ln_mult": "2.00"}, "project_alpha_diversity": {"max": 1003.45925609468, "stdv": 244.236857959192, "avg": 523.207609404706, "min": 225.128859828708}}