{"version": 1, "status": "public", "library": ["mgl48962", "https://api.mg-rast.org/library/mgl48962"], "project": ["mgp484", "https://api.mg-rast.org/project/mgp484"], "project_alpha_diversity": {"avg": 259.589495270699, "max": 259.589495270699, "min": 259.589495270699, "stdv": 0}, "sample": ["mgs15588", "https://api.mg-rast.org/sample/mgs15588"], "created": "2010-01-18 16:14:55", "mixs": {"sequence_type": "WGS", "latitude": 32.9, "env_package_type": "human-associated", "collection_date": "2008-06-01T12:00:00Z", "PI_lastname": null, "biome": "human-associated habitat", "longitude": -117.2, "location": "California", "seq_method": "454", "feature": "human-associated habitat", "PI_firstname": null, "country": "United States of America", "project_name": "Project for: NewPhagesSub2Day30", "material": "human-associated habitat", "project_id": "mgp484"}, "project_metagenomes": ["4446075.3"], "owner": "mgu13502", "id": "mgm4446075.3", "name": "NewPhagesSub2Day30", "pipeline_parameters": {"filter_ln_mult": "2.0", "aa_pid": "90", "m5nr_annotation_version": "1", "dereplicate": "yes", "rna_pid": "97", "m5rna_sims_version": "7", "prefix_length": "50", "file_type": "fna", "max_ambig": "5", "filter_ambig": "yes", "m5nr_sims_version": "7", "screen_indexes": "h_sapiens", "priority": "never", "m5rna_annotation_version": "1", "bowtie": "yes", "assembled": "no", "fgs_type": "454", "filter_ln": "yes"}, "sequence_type": "WGS", "metadata": {"sample": {"name": "mgs15588", "id": "mgs15588", "data": {"collection_time": "12:00:00", "latitude": 32.9, "collection_date": "2008-06-01", "env_package": "human-associated", "biome": "human-associated habitat", "isol_growth_condt": "22158393", "longitude": -117.2, "feature": "human-associated habitat", "collection_timezone": "UTC", "location": "California", "material": "human-associated habitat", "country": "United States of America", "continent": "north_america"}}, "env_package": {"name": "mge48963", "id": "mge48963", "type": "human-associated", "data": {"host_subject_id": "2", "env_package": "human-associated", "sex": "Female", "age": "28 ; Second", "profile_rating_demo 2": "bronze"}}, "library": {"name": "mgl48962", "id": "mgl48962", "type": "WGS", "data": {"metagenome_id": "4446075.3", "pubmed_id": "22158393", "metagenome_name": "NewPhagesSub2Day30", "file_checksum": "72ee36544c3226ef61e7b016e95c27a5", "seq_meth": "454", "investigation_type": "metagenome"}}, "project": {"id": "mgp484", "name": "Project for: NewPhagesSub2Day30", "public": "Project for: NewPhagesSub2Day30", "data": {"administrative-contact_PI_lastname": "Pride", "administrative-contact_PI_email": "pridedt9@gmail.com", "organization_country": "United States of America", "administrative-contact_PI_organization_country": "United States of America", "administrative-contact_PI_firstname": "David", "lastname": "Pride", "project_description": "Analysis of saliva virome", "project_name": "Saliva Virome", "firstname": "David", "email": "pridedt9@gmail.com"}}}, "job_id": 5959, "statistics": {}, "url": "https://api.mg-rast.org/metagenome/mgm4446075.3?verbosity=full", "md5_checksum": "72ee36544c3226ef61e7b016e95c27a5", "mixs_compliant": 1, "pipeline_version": "3.0"}