{"project": ["mgp6393", "https://api.mg-rast.org/project/mgp6393"], "url": "https://api.mg-rast.org/metagenome/mgm4481530.3?verbosity=full", "owner": "mgu18732", "mixs": {"feature": "animal-associated habitat", "project_name": "TLR5KO_Metagenome", "material": "feces", "location": "Ithaca, NY", "longitude": -76.501893, "project_id": "mgp6393", "latitude": 42.444015, "collection_date": "2011-08-02T12:00:00-0500", "env_package_type": "host-associated", "sequence_type": "WGS", "PI_lastname": "Cornell", "PI_firstname": "Ruth", "country": "USA", "biome": "Temperate grasslands", "seq_method": "illumina"}, "id": "mgm4481530.3", "created": "2012-01-31 22:55:02", "pipeline_parameters": {"dynamic_trim": "no", "screen_indexes": "h_sapiens_asm", "prefix_length": "50", "assembled": "no", "m5rna_sims_version": "7", "m5nr_annotation_version": "1", "max_lqb": "5", "bowtie": "no", "rna_pid": "97", "m5rna_annotation_version": "1", "min_qual": "15", "dereplicate": "yes", "fgs_type": "454", "m5nr_sims_version": "7", "file_type": "fastq", "aa_pid": "90", "priority": "never"}, "library": ["mgl138987", "https://api.mg-rast.org/library/mgl138987"], "name": "T5KO1_2012", "project_alpha_diversity": {"max": 498.19967560089, "stdv": 63.1817776552373, "avg": 396.078485673021, "min": 312.16307990822}, "status": "public", "md5_checksum": "7af5f8d5bea45f86fdbe7338f79718e4", "statistics": {}, "job_id": 43004, "metadata": {"sample": {"data": {"biome": "Temperate grasslands", "collection_timezone": "UTC-5", "country": "USA", "longitude": -76.501893, "sample_name": "T5KO1_2012", "collection_time": "12:00:00", "env_package": "host-associated", "collection_date": "2011-08-02", "latitude": 42.444015, "feature": "animal-associated habitat", "location": "Ithaca, NY", "material": "feces"}, "id": "mgs138985", "name": "T5KO1_2012"}, "env_package": {"type": "host-associated", "id": "mge138986", "data": {"sample_name": "T5KO1_2012", "env_package": "host-associated", "body_site": "cecum"}, "name": "T5KO1_2012: host-associated"}, "library": {"id": "mgl138987", "data": {"sample_name": "T5KO1_2012", "file_checksum": "7af5f8d5bea45f86fdbe7338f79718e4", "seq_meth": "illumina", "metagenome_id": "4481530.3", "metagenome_name": "T5KO1_2012", "file_name": "KO1_cleaned.fastq.fasta", "investigation_type": "metagenome"}, "name": "T5KO1_2012", "type": "WGS"}, "project": {"id": "mgp6393", "data": {"project_name": "TLR5KO_Metagenome", "PI_organization": "Cornell University", "PI_email": "rel222@cornell.edu", "PI_organization_address": "467 Biotechnology Building, Ithaca, NY, 14853", "PI_lastname": "Cornell", "mgrast_id": "mgp6393", "PI_firstname": "Ruth", "PI_organization_country": "USA"}, "public": "TLR5KO_Metagenome", "name": "TLR5KO_Metagenome"}}, "sequence_type": "WGS", "project_metagenomes": ["4481524.3", "4481526.3", "4481527.3", "4481530.3", "4481562.3", "4481563.3", "4481574.3", "4481575.3", "4489569.3", "4489582.3"], "mixs_compliant": 1, "version": 1, "pipeline_version": "3.0", "sample": ["mgs138985", "https://api.mg-rast.org/sample/mgs138985"]}