{"status": "public", "mixs_compliant": 0, "pipeline_parameters": {"priority": "never", "aa_pid": "90", "filter_ln": "yes", "bowtie": "no", "filter_ln_mult": "2.00", "screen_indexes": "h_sapiens_asm", "m5rna_sims_version": "7", "max_ambig": "5", "m5nr_sims_version": "7", "prefix_length": "50", "filter_ambig": "yes", "dereplicate": "yes", "assembled": "no", "m5nr_annotation_version": "1", "fgs_type": "454", "m5rna_annotation_version": "1", "rna_pid": "97", "file_type": "fna"}, "name": "AnaPaula_PE14-2", "project_alpha_diversity": {"stdv": 244.236857959192, "max": 1003.45925609468, "min": 225.128859828708, "avg": 523.207609404706}, "statistics": {}, "project": ["mgp3395", "https://api.mg-rast.org/project/mgp3395"], "project_metagenomes": ["4513635.3", "4513642.3", "4584423.3", "4584424.3", "4461594.3", "4463932.3", "4463930.3", "4468639.3", "4463927.3", "4461593.3", "4463933.3", "4463931.3", "4463928.3", "4463926.3", "4463925.3", "4486661.3", "4486665.3", "4486669.3", "4486662.3", "4486667.3", "4486668.3", "4486664.3", "4486663.3", "4486666.3", "4463929.3"], "metadata": {"library": {"data": {"seq_meth": "pyrosequencing", "metagenome_id": "4463932.3", "sample_name": "2AnaPaula_PE14", "investigation_type": "metagenome", "metagenome_name": "AnaPaula_PE14-2", "file_name": "AP_PE14_2.fasta", "file_checksum": "1f6db0f138ea0da66f3f633af6b10932"}, "name": "AnaPaula_PE14-2", "id": "mgl389242", "type": "WGS"}, "project": {"data": {"email": "anapaula.biomar.ufrj@gmail.com", "PI_organization": "UFRJ", "PI_firstname": "Ana Paula", "PI_lastname": "B. Moreira", "firstname": "Ana Paula", "organization_country": "Brazil", "project_funding": "CNPq", "project_name": "The influence of global climatic changes over the vitality of corals from St Peter and St Paul Archipelago", "organization": "UFRJ", "PI_email": "anapaula.biomar.ufrj@gmail.com", "organization_address": "Av. Carlos Chagas Fo., 373", "PI_organization_country": "Brazil", "envo_release": "2013-04-27", "project_description": "Sub-project: Coral diseases in St. Peter & St. Paul Archipelago, unraveling the roles of pathogens and vectors", "lastname": "Ana Paula", "PI_organization_address": "Av. Carlos Chagas Fo., 373"}, "name": "The influence of global climatic changes over the vitality of corals from St Peter and St Paul Archipelago", "id": "mgp3395", "public": "The influence of global climatic changes over the vitality of corals from St Peter and St Paul Archipelago"}, "sample": {"data": {"sample_name": "2AnaPaula_PE14", "material": "sea water", "collection_timezone": "UTC-2", "collection_time": "10:00:00", "env_package": "water", "biome": "oceanic epipelagic zone biome", "feature": "archipelago", "location": "St Peter and  St Paul Archipelago", "country": "Brazil", "latitude": 0.933333333333333, "longitude": -29.3666666666667, "collection_date": "2010-09-14"}, "name": "2AnaPaula_PE14", "id": "mgs389240"}, "env_package": {"type": "water", "id": "mge389241", "name": "2AnaPaula_PE14: water", "data": {"env_package": "water", "sample_name": "2AnaPaula_PE14"}}}, "created": "2011-05-19 16:17:37", "sequence_type": "WGS", "version": 1, "url": "https://api.mg-rast.org/metagenome/mgm4463932.3?verbosity=full", "mixs": {"location": "St Peter and  St Paul Archipelago", "feature": "archipelago", "seq_method": "pyrosequencing", "country": "Brazil", "latitude": 0.933333333333333, "project_name": "The influence of global climatic changes over the vitality of corals from St Peter and St Paul Archipelago", "PI_firstname": "Ana Paula", "PI_lastname": "B. Moreira", "collection_date": "2010-09-14T10:00:00-0200", "longitude": -29.3666666666667, "project_id": "mgp3395", "env_package_type": "water", "material": "sea water", "sequence_type": "WGS", "biome": "oceanic epipelagic zone biome"}, "md5_checksum": "1f6db0f138ea0da66f3f633af6b10932", "id": "mgm4463932.3", "library": ["mgl389242", "https://api.mg-rast.org/library/mgl389242"], "pipeline_version": "3.0", "owner": "mgu40632", "job_id": 23529, "sample": ["mgs389240", "https://api.mg-rast.org/sample/mgs389240"]}