{"id": "mgm4470010.3", "statistics": {}, "version": 1, "project_alpha_diversity": {"stdv": 205.198938795964, "min": 254.546180883004, "avg": 927.508742795344, "max": 1149.14473948877}, "url": "https://api.mg-rast.org/metagenome/mgm4470010.3?verbosity=full", "project_metagenomes": ["4491569.3", "4491397.3", "4491383.3", "4491382.3", "4491237.3", "4470382.3", "4470381.3", "4470378.3", "4470334.3", "4470315.3", "4470255.3", "4470254.3", "4470253.3", "4470010.3", "4470009.3", "4469540.3", "4469539.3", "4469538.3", "4469455.3", "4469454.3", "4469453.3", "4469340.3", "4469339.3", "4469338.3", "4469328.3"], "pipeline_version": "3.0", "md5_checksum": "1470ae9fa9009027504604dfd2ee25c2", "status": "public", "project": ["mgp11953", "https://api.mg-rast.org/project/mgp11953"], "created": "2011-08-05 18:01:21", "pipeline_parameters": {"fgs_type": "454", "priority": "never", "m5nr_sims_version": "7", "dynamic_trim": "no", "assembled": "no", "aa_pid": "90", "dereplicate": "no", "bowtie": "no", "file_type": "fastq", "rna_pid": "97", "screen_indexes": "h_sapiens_asm", "m5rna_sims_version": "7", "max_lqb": "5", "prefix_length": "50", "min_qual": "15", "m5nr_annotation_version": "1", "m5rna_annotation_version": "1"}, "job_id": 29607, "sample": ["mgs295988", "https://api.mg-rast.org/sample/mgs295988"], "library": ["mgl295990", "https://api.mg-rast.org/library/mgl295990"], "name": "P3_DNA_1141.6.1206ONE", "owner": "mgu12752", "mixs_compliant": 0, "metadata": {"sample": {"id": "mgs295988", "name": "P3", "data": {"location": "permafrost", "biome": "Tundra biome", "latitude": 64.677812, "depth": -0.7, "feature": "permafrost", "country": "USA", "env_package": "soil", "material": "soil", "collection_timezone": "UTC-10", "collection_time": "12:00:00", "sample_name": "P3", "longitude": -157.833252, "collection_date": "2009-01-01"}}, "library": {"type": "WGS", "data": {"metagenome_id": "4470010.3", "file_name": "1141.6.1206.sep.fastq.one.fasta", "seq_meth": "illumina", "investigation_type": "metagenome", "file_checksum": "1470ae9fa9009027504604dfd2ee25c2", "metagenome_name": "P3_DNA_1141.6.1206ONE", "sample_name": "P3"}, "id": "mgl295990", "name": "P3_DNA_1141.6.1206ONE"}, "env_package": {"data": {"sample_name": "P3", "env_package": "soil"}, "id": "mge295989", "name": "P3: soil", "type": "soil"}, "project": {"public": "Permafrost_thaw", "id": "mgp11953", "name": "Permafrost_thaw", "data": {"PI_email": "jenni.hultman@gmail.com", "PI_organization_country": "Finland", "PI_firstname": "Jenni", "mgrast_id": "mgp11953", "project_name": "Permafrost_thaw", "PI_organization_address": "PO Box 65, 00014 University of Helsinki", "PI_lastname": "Hultman", "PI_organization": "University of Helsinki"}}}, "sequence_type": "WGS", "mixs": {"material": "soil", "biome": "Tundra biome", "project_name": "Permafrost_thaw", "location": "permafrost", "latitude": 64.677812, "feature": "permafrost", "PI_lastname": "Hultman", "seq_method": "illumina", "env_package_type": "soil", "country": "USA", "PI_firstname": "Jenni", "project_id": "mgp11953", "longitude": -157.833252, "sequence_type": "WGS", "collection_date": "2009-01-01T12:00:00-1000"}}