{"statistics": {}, "project": ["mgp2997", "https://api.mg-rast.org/project/mgp2997"], "metadata": {"env_package": {"type": "soil", "name": "AR3_r1: soil", "data": {"env_package": "soil", "sample_name": "AR3_r1"}, "id": "mge92795"}, "library": {"name": "AR3_r1", "type": "WGS", "data": {"metagenome_name": "AR3_r1", "file_checksum": "6fcbc38ab6e88933178c6128cee83965", "seq_meth": "illumina", "investigation_type": "metagenome", "file_name": "Noah1_110721_HWI-EAS137R_0379_s_7_1_sequence.fastq.fasta", "metagenome_id": "4477875.3", "sample_name": "AR3_r1"}, "id": "mgl92796"}, "sample": {"id": "mgs92794", "data": {"env_package": "soil", "collection_date": "2010-01-10", "feature": "slope", "longitude": -54.683, "latitude": -26.733, "biome": "Tropical and subtropical moist broadleaf forest biome", "country": "USA", "sample_name": "AR3", "location": "Misiones, Argentina", "material": "bulk soil", "collection_timezone": "UTC-7", "collection_time": "12:00:00"}, "name": "AR3"}, "project": {"public": "cross-site soil metagen", "data": {"mgrast_id": "mgp2997", "PI_organization_address": "CIRES, UCB 216 Boulder CO 80309", "PI_firstname": "Noah", "PI_organization": "University of Colorado", "PI_organization_country": "USA", "project_name": "cross-site soil metagen", "PI_lastname": "Fierer", "PI_email": "noah.fierer@colorado.edu"}, "id": "mgp2997", "name": "cross-site soil metagen"}}, "md5_checksum": "6fcbc38ab6e88933178c6128cee83965", "project_alpha_diversity": {"max": 1104.69554506166, "avg": 867.144394137914, "min": 672.396823416176, "stdv": 84.9436421028179}, "mixs_compliant": 0, "name": "AR3_r1", "status": "public", "job_id": 37472, "project_metagenomes": ["4477904.3", "4477903.3", "4477902.3", "4477901.3", "4477900.3", "4477899.3", "4477877.3", "4477876.3", "4477875.3", "4477874.3", "4477873.3", "4477872.3", "4477807.3", "4477805.3", "4477804.3", "4477803.3"], "library": ["mgl92796", "https://api.mg-rast.org/library/mgl92796"], "sequence_type": "WGS", "id": "mgm4477875.3", "pipeline_version": "3.0", "mixs": {"location": "Misiones, Argentina", "seq_method": "illumina", "material": "bulk soil", "biome": "Tropical and subtropical moist broadleaf forest biome", "sequence_type": "WGS", "country": "USA", "project_name": "cross-site soil metagen", "PI_lastname": "Fierer", "PI_firstname": "Noah", "env_package_type": "soil", "feature": "slope", "project_id": "mgp2997", "collection_date": "2010-01-10T12:00:00-0700", "latitude": -26.733, "longitude": -54.683}, "pipeline_parameters": {"file_type": "fastq", "screen_indexes": "h_sapiens_asm", "max_lqb": "5", "assembled": "no", "priority": "never", "fgs_type": "454", "dynamic_trim": "no", "m5rna_sims_version": "1", "rna_pid": "97", "m5nr_sims_version": "7", "aa_pid": "90", "m5rna_annotation_version": "1", "dereplicate": "yes", "m5nr_annotation_version": "1", "bowtie": "no", "prefix_length": "50", "min_qual": "15"}, "owner": "mgu29672", "version": 1, "created": "2011-11-25 15:40:24", "sample": ["mgs92794", "https://api.mg-rast.org/sample/mgs92794"], "url": "https://api.mg-rast.org/metagenome/mgm4477875.3?verbosity=full"}