{"metadata": {"sample": {"data": {"material": "coastal water", "longitude": -43.246569, "location": "Rio de Janeiro", "collection_time": "10:30:00", "latitude": -22.830467, "depth": 1, "biome": "estuarine biome", "country": "Brazil", "collection_date": "2010-02-23", "collection_timezone": "UTC-3", "continent": "south america", "sample_name": "GB Site 34-1", "feature": "ocean", "temperature": 19, "env_package": "water"}, "id": "mgs104036", "name": "GB Site 34-1"}, "project": {"data": {"mgrast_id": "mgp1929", "organization_country": "Brazil", "PI_firstname": "Fabiano", "email": "gustavo_biomed@yahoo.com", "PI_email": "fabiano.thompson@biologia.ufrj.br", "PI_organization": "Federal University of Rio de Janeiro (UFRJ)", "PI_organization_address": "Rio de Janeiro", "PI_lastname": "Thompson", "lastname": "Gregoracci", "project_funding": "CNPq/CAPES/FAPERJ", "firstname": "Gustavo", "organization_address": "Rio de Janeiro", "project_description": "Metagenomic snapshots of the Guanabara Bay, Rio de Janeiro, Brazil for the description of the microbial structure in complementation of the ecological survey", "organization": "Federal University of Rio de Janeiro (UFRJ)", "project_name": "Guanabara Bay Metagenome", "PI_organization_country": "Brazil"}, "id": "mgp1929", "public": "Guanabara Bay Metagenome", "name": "Guanabara Bay Metagenome"}, "env_package": {"id": "mge104037", "data": {"misc_param_1": "env_package: water", "silicate": "29.93\u00b5M", "chlorophyll": "273.98\u00b5M", "env_package": "water", "tot_nitro": "640.54\u00b5M", "phosphate": "11.88\u00b5M", "ammonium": "18.11\u00b5M", "sample_name": "GB Site 34-1", "salinity": "17.93", "nitrate": "<0.05\u00b5M", "nitrite": "2.27\u00b5M", "tot_phosp": "20.69\u00b5M"}, "name": "GB Site 34-1: water", "type": "water"}, "library": {"type": "WGS", "data": {"seq_url": "http://www.labinfo.lncc.br/", "metagenome_name": "GB Site 34-1", "investigation_type": "metagenome", "file_checksum": "155e3d5bfedde74e9edd5dbc98b58610", "seq_meth": "454", "seq_center": "LNCC", "sample_name": "GB Site 34-1", "metagenome_id": "4453381.3"}, "id": "mgl104038", "name": "GB Site 34-1"}}, "owner": "mgu9202", "project": ["mgp1929", "https://api.mg-rast.org/project/mgp1929"], "job_id": 12988, "mixs_compliant": 0, "project_metagenomes": ["4454704.3", "4454702.3", "4454703.3", "4454701.3", "4454700.3", "4454699.3", "4454697.3", "4454698.3", "4454696.3", "4454694.3", "4454695.3", "4454693.3", "4454692.3", "4454691.3", "4454689.3", "4454688.3", "4454687.3", "4454686.3", "4454506.3", "4454505.3", "4454504.3", "4454503.3", "4454502.3", "4454501.3", "4453382.3", "4453381.3", "4453380.3", "4453379.3", "4453376.3", "4453375.3"], "url": "https://api.mg-rast.org/metagenome/mgm4453381.3?verbosity=full", "library": ["mgl104038", "https://api.mg-rast.org/library/mgl104038"], "id": "mgm4453381.3", "sample": ["mgs104036", "https://api.mg-rast.org/sample/mgs104036"], "statistics": {}, "md5_checksum": "155e3d5bfedde74e9edd5dbc98b58610", "status": "public", "version": 1, "project_alpha_diversity": {"max": 871.556007565905, "stdv": 233.227285865519, "min": 154.271793800226, "avg": 462.159589296933}, "mixs": {"PI_firstname": "Fabiano", "seq_method": "454", "PI_lastname": "Thompson", "material": "coastal water", "env_package_type": "water", "longitude": -43.246569, "sequence_type": "WGS", "country": "Brazil", "collection_date": "2010-02-23T10:30:00-0300", "feature": "ocean", "location": "Rio de Janeiro", "latitude": -22.830467, "project_id": "mgp1929", "project_name": "Guanabara Bay Metagenome", "biome": "estuarine biome"}, "created": "2010-12-10 13:31:18", "name": "GB Site 34-1", "pipeline_version": "3.0", "pipeline_parameters": {"filter_ln": "yes", "bowtie": "yes", "m5nr_sims_version": "7", "max_ambig": "5", "aa_pid": "90", "m5rna_annotation_version": "1", "dereplicate": "yes", "m5nr_annotation_version": "1", "fgs_type": "454", "filter_ambig": "yes", "prefix_length": "50", "assembled": "no", "screen_indexes": "h_sapiens", "file_type": "fna", "filter_ln_mult": "2.0", "priority": "never", "rna_pid": "97", "m5rna_sims_version": "7"}, "sequence_type": "WGS"}