{"statistics": {}, "library": ["mgl92772", "https://api.mg-rast.org/library/mgl92772"], "project_alpha_diversity": {"min": 672.396823416176, "stdv": 84.9436421028179, "avg": 867.144394137914, "max": 1104.69554506166}, "owner": "mgu29672", "mixs": {"project_id": "mgp2997", "location": "Wright Valley, Antarctica", "longitude": 161.702, "country": "USA", "biome": "Deserts and xeric shrubland biome", "material": "bulk soil", "feature": "slope", "PI_firstname": "Noah", "env_package_type": "soil", "seq_method": "illumina", "collection_date": "2010-01-10T12:00:00-0700", "latitude": -77.527, "sequence_type": "WGS", "project_name": "cross-site soil metagen", "PI_lastname": "Fierer"}, "job_id": 37501, "pipeline_parameters": {"prefix_length": "50", "min_qual": "15", "screen_indexes": "h_sapiens_asm", "rna_pid": "97", "aa_pid": "90", "bowtie": "no", "dynamic_trim": "no", "priority": "never", "dereplicate": "yes", "m5rna_annotation_version": "1", "max_lqb": "5", "m5nr_sims_version": "7", "m5nr_annotation_version": "1", "assembled": "no", "m5rna_sims_version": "1", "file_type": "fastq", "fgs_type": "454"}, "name": "EB024_r1", "sample": ["mgs92770", "https://api.mg-rast.org/sample/mgs92770"], "project_metagenomes": ["4477904.3", "4477903.3", "4477902.3", "4477901.3", "4477900.3", "4477899.3", "4477877.3", "4477876.3", "4477875.3", "4477874.3", "4477873.3", "4477872.3", "4477807.3", "4477805.3", "4477804.3", "4477803.3"], "metadata": {"sample": {"data": {"sample_name": "EB024", "collection_time": "12:00:00", "feature": "slope", "longitude": 161.702, "country": "USA", "location": "Wright Valley, Antarctica", "material": "bulk soil", "latitude": -77.527, "biome": "Deserts and xeric shrubland biome", "collection_timezone": "UTC-7", "env_package": "soil", "collection_date": "2010-01-10"}, "name": "EB024", "id": "mgs92770"}, "env_package": {"name": "EB024_r1: soil", "data": {"sample_name": "EB024_r1", "env_package": "soil"}, "id": "mge92771", "type": "soil"}, "library": {"type": "WGS", "id": "mgl92772", "data": {"metagenome_id": "4477904.3", "file_checksum": "83b0045516f32fb629fe2f9f77a91740", "metagenome_name": "EB024_r1", "sample_name": "EB024_r1", "file_name": "Noah9_110721_HWI-EAS137R_0379_s_7_1_sequence.fastq.fasta", "investigation_type": "metagenome", "seq_meth": "illumina"}, "name": "EB024_r1"}, "project": {"public": "cross-site soil metagen", "id": "mgp2997", "data": {"PI_organization": "University of Colorado", "PI_organization_address": "CIRES, UCB 216 Boulder CO 80309", "PI_email": "noah.fierer@colorado.edu", "PI_lastname": "Fierer", "PI_firstname": "Noah", "project_name": "cross-site soil metagen", "mgrast_id": "mgp2997", "PI_organization_country": "USA"}, "name": "cross-site soil metagen"}}, "url": "https://api.mg-rast.org/metagenome/mgm4477904.3?verbosity=full", "project": ["mgp2997", "https://api.mg-rast.org/project/mgp2997"], "pipeline_version": "3.0", "sequence_type": "WGS", "md5_checksum": "83b0045516f32fb629fe2f9f77a91740", "status": "public", "id": "mgm4477904.3", "mixs_compliant": 0, "created": "2011-11-26 16:14:09", "version": 1}