{"sample": ["mgs103919", "https://api.mg-rast.org/sample/mgs103919"], "job_id": 14290, "owner": "mgu9202", "project_metagenomes": ["4454704.3", "4454702.3", "4454703.3", "4454701.3", "4454700.3", "4454699.3", "4454697.3", "4454698.3", "4454696.3", "4454694.3", "4454695.3", "4454693.3", "4454692.3", "4454691.3", "4454689.3", "4454688.3", "4454687.3", "4454686.3", "4454506.3", "4454505.3", "4454504.3", "4454503.3", "4454502.3", "4454501.3", "4453382.3", "4453381.3", "4453380.3", "4453379.3", "4453376.3", "4453375.3"], "library": ["mgl103921", "https://api.mg-rast.org/library/mgl103921"], "created": "2011-02-13 00:39:34", "name": "FirmicutesPt1", "status": "public", "pipeline_parameters": {"filter_ln_mult": "2.0", "rna_pid": "97", "fgs_type": "454", "assembled": "no", "screen_indexes": "h_sapiens", "m5nr_annotation_version": "1", "priority": "never", "m5rna_sims_version": "7", "filter_ln": "yes", "dereplicate": "yes", "max_ambig": "5", "m5nr_sims_version": "7", "aa_pid": "90", "file_type": "fna", "m5rna_annotation_version": "1", "prefix_length": "50", "filter_ambig": "yes", "bowtie": "yes"}, "mixs_compliant": 0, "version": 1, "md5_checksum": "b79a19aaaf8c464e1b0236309d0de403", "id": "mgm4454689.3", "mixs": {"collection_date": "2010-02-23T08:50:00-0300", "PI_lastname": "Thompson", "PI_firstname": "Fabiano", "seq_method": "454", "sequence_type": "WGS", "project_id": "mgp1929", "feature": "ocean", "biome": "ocean biome", "latitude": -22.923242, "longitude": -43.145186, "country": "Brazil", "project_name": "Guanabara Bay Metagenome", "location": "Rio de Janeiro", "material": "coastal water", "env_package_type": "water"}, "project": ["mgp1929", "https://api.mg-rast.org/project/mgp1929"], "statistics": {}, "project_alpha_diversity": {"max": 871.556007565905, "stdv": 233.227285865519, "avg": 462.159589296933, "min": 154.271793800226}, "pipeline_version": "3.0", "sequence_type": "WGS", "metadata": {"sample": {"data": {"misc_param": "subsample from BG Site 1-1 and BG Site 1-2", "country": "Brazil", "env_package": "water", "location": "Rio de Janeiro", "material": "coastal water", "biome": "ocean biome", "continent": "south america", "feature": "ocean", "latitude": -22.923242, "collection_timezone": "UTC-3", "longitude": -43.145186, "depth": 1, "collection_date": "2010-02-23", "temperature": 20, "sample_name": "FirmicutesPt1", "collection_time": "08:50:00"}, "name": "FirmicutesPt1", "id": "mgs103919"}, "env_package": {"data": {"env_package": "water", "sample_name": "FirmicutesPt1"}, "name": "FirmicutesPt1: water", "id": "mge103920", "type": "water"}, "project": {"id": "mgp1929", "name": "Guanabara Bay Metagenome", "data": {"PI_organization": "Federal University of Rio de Janeiro (UFRJ)", "PI_email": "fabiano.thompson@biologia.ufrj.br", "PI_organization_address": "Rio de Janeiro", "PI_lastname": "Thompson", "firstname": "Gustavo", "project_funding": "CNPq/CAPES/FAPERJ", "lastname": "Gregoracci", "PI_firstname": "Fabiano", "organization": "Federal University of Rio de Janeiro (UFRJ)", "mgrast_id": "mgp1929", "email": "gustavo_biomed@yahoo.com", "organization_address": "Rio de Janeiro", "organization_country": "Brazil", "project_description": "Metagenomic snapshots of the Guanabara Bay, Rio de Janeiro, Brazil for the description of the microbial structure in complementation of the ecological survey", "project_name": "Guanabara Bay Metagenome", "PI_organization_country": "Brazil"}, "public": "Guanabara Bay Metagenome"}, "library": {"type": "WGS", "id": "mgl103921", "data": {"seq_meth": "454", "investigation_type": "metagenome", "sample_name": "FirmicutesPt1", "metagenome_name": "FirmicutesPt1", "metagenome_id": "4454689.3", "file_checksum": "b79a19aaaf8c464e1b0236309d0de403"}, "name": "FirmicutesPt1"}}, "url": "https://api.mg-rast.org/metagenome/mgm4454689.3?verbosity=full"}