{"id": "mgm4454502.3", "name": "AlphaproteobacteriaPt7", "project_alpha_diversity": {"min": 154.271793800226, "max": 871.556007565905, "stdv": 233.227285865519, "avg": 462.159589296933}, "status": "public", "job_id": 14105, "project": ["mgp1929", "https://api.mg-rast.org/project/mgp1929"], "url": "https://api.mg-rast.org/metagenome/mgm4454502.3?verbosity=full", "created": "2011-02-06 17:47:01", "owner": "mgu9202", "pipeline_version": "3.0", "sample": ["mgs103895", "https://api.mg-rast.org/sample/mgs103895"], "sequence_type": "WGS", "metadata": {"sample": {"name": "AlphaproteobacteriaPt7", "id": "mgs103895", "data": {"biome": "estuarine biome", "continent": "south america", "temperature": 27, "location": "Rio de Janeiro", "country": "Brazil", "collection_time": "09:15:00", "longitude": -43.160464, "env_package": "water", "sample_name": "AlphaproteobacteriaPt7", "depth": 1, "latitude": -22.864633, "collection_date": "2010-02-23", "collection_timezone": "UTC-3", "material": "coastal water", "feature": "ocean", "misc_param": "subsample from BG Site 7-1 and BG Site 7-2"}}, "project": {"data": {"email": "gustavo_biomed@yahoo.com", "firstname": "Gustavo", "mgrast_id": "mgp1929", "PI_email": "fabiano.thompson@biologia.ufrj.br", "organization": "Federal University of Rio de Janeiro (UFRJ)", "organization_country": "Brazil", "PI_organization": "Federal University of Rio de Janeiro (UFRJ)", "PI_lastname": "Thompson", "project_description": "Metagenomic snapshots of the Guanabara Bay, Rio de Janeiro, Brazil for the description of the microbial structure in complementation of the ecological survey", "project_name": "Guanabara Bay Metagenome", "project_funding": "CNPq/CAPES/FAPERJ", "PI_organization_address": "Rio de Janeiro", "PI_organization_country": "Brazil", "organization_address": "Rio de Janeiro", "lastname": "Gregoracci", "PI_firstname": "Fabiano"}, "public": "Guanabara Bay Metagenome", "name": "Guanabara Bay Metagenome", "id": "mgp1929"}, "library": {"name": "AlphaproteobacteriaPt7", "id": "mgl103897", "type": "WGS", "data": {"sample_name": "AlphaproteobacteriaPt7", "investigation_type": "metagenome", "file_checksum": "977118a192c45a3ca9c3fdf8ffd7c3ce", "seq_meth": "454", "metagenome_name": "AlphaproteobacteriaPt7", "metagenome_id": "4454502.3"}}, "env_package": {"data": {"env_package": "water", "sample_name": "AlphaproteobacteriaPt7"}, "type": "water", "name": "AlphaproteobacteriaPt7: water", "id": "mge103896"}}, "mixs_compliant": 0, "mixs": {"material": "coastal water", "feature": "ocean", "sequence_type": "WGS", "project_id": "mgp1929", "PI_lastname": "Thompson", "country": "Brazil", "project_name": "Guanabara Bay Metagenome", "location": "Rio de Janeiro", "biome": "estuarine biome", "latitude": -22.864633, "collection_date": "2010-02-23T09:15:00-0300", "env_package_type": "water", "seq_method": "454", "PI_firstname": "Fabiano", "longitude": -43.160464}, "md5_checksum": "977118a192c45a3ca9c3fdf8ffd7c3ce", "library": ["mgl103897", "https://api.mg-rast.org/library/mgl103897"], "pipeline_parameters": {"filter_ln": "yes", "max_ambig": "5", "m5rna_annotation_version": "1", "filter_ambig": "yes", "m5rna_sims_version": "7", "rna_pid": "97", "dereplicate": "yes", "m5nr_annotation_version": "1", "filter_ln_mult": "2.0", "assembled": "no", "aa_pid": "90", "screen_indexes": "h_sapiens", "file_type": "fna", "fgs_type": "454", "prefix_length": "50", "priority": "never", "m5nr_sims_version": "7", "bowtie": "yes"}, "version": 1, "project_metagenomes": ["4454704.3", "4454702.3", "4454703.3", "4454701.3", "4454700.3", "4454699.3", "4454697.3", "4454698.3", "4454696.3", "4454694.3", "4454695.3", "4454693.3", "4454692.3", "4454691.3", "4454689.3", "4454688.3", "4454687.3", "4454686.3", "4454506.3", "4454505.3", "4454504.3", "4454503.3", "4454502.3", "4454501.3", "4453382.3", "4453381.3", "4453380.3", "4453379.3", "4453376.3", "4453375.3"], "statistics": {}}