{"statistics": {}, "sample": ["mgs62866", "https://api.mg-rast.org/sample/mgs62866"], "mixs_compliant": 1, "version": 1, "pipeline_parameters": {"filter_ln_mult": "1.98", "fgs_type": "454", "m5nr_annotation_version": "1", "filter_ln": "yes", "dereplicate": "no", "aa_pid": "90", "filter_ambig": "yes", "max_ambig": "5", "prefix_length": "50", "rna_pid": "97", "priority": "never", "m5nr_sims_version": "7", "bowtie": "no", "m5rna_sims_version": "7", "assembled": "no", "file_type": "fna", "screen_indexes": "h_sapiens_asm", "m5rna_annotation_version": "1"}, "project": ["mgp397", "https://api.mg-rast.org/project/mgp397"], "status": "public", "name": "Beer_CE_Day_118", "project_alpha_diversity": {"max": 855.684392784736, "min": 20.0230642565395, "stdv": 350.570605652042, "avg": 482.921152331943}, "id": "mgm4480864.3", "project_metagenomes": ["4480867.3", "4480865.3", "4480864.3", "4480863.3", "4480861.3", "4480859.3", "4480858.3", "4480849.3", "4480815.3", "4480776.3", "4480764.3", "4480719.3", "4493574.3", "4493577.3", "4493578.3", "4493579.3", "4493580.3", "4493575.3", "4493576.3"], "job_id": 41562, "library": ["mgl62868", "https://api.mg-rast.org/library/mgl62868"], "pipeline_version": "3.0", "url": "https://api.mg-rast.org/metagenome/mgm4480864.3?verbosity=full", "created": "2012-01-22 13:36:05", "sequence_type": "WGS", "metadata": {"library": {"type": "WGS", "name": "Beer_CE_Day_118", "id": "mgl62868", "data": {"file_name": "1d82all_seqs_unique_nodots.fna", "investigation_type": "metagenome", "sample_name": "Beer_CE_Day_118", "file_checksum": "af16570eed7bc4bd1af67879a7327578", "metagenome_id": "4480864.3", "seq_meth": "illumina", "metagenome_name": "Beer_CE_Day_118"}}, "sample": {"id": "mgs62866", "data": {"material": "anaerobic digester sludge", "depth": 0, "location": "Ithaca, New York", "longitude": -76.5, "collection_time": "13:00:00", "temperature": 30, "latitude": 42.44, "collection_date": "2011-07-18", "sample_name": "Beer_CE_Day_118", "feature": "anaerobic digester sludge", "country": "United States of America", "ph": 5.5, "biome": "anaerobic digester sludge", "collection_timezone": "UTC-5", "env_package": "wastewater|sludge"}, "name": "Beer_CE_Day_118"}, "env_package": {"name": "Beer_CE_Day_118: wastewater|sludge", "type": "wastewater|sludge", "data": {"env_package": "wastewater|sludge", "sample_name": "Beer_CE_Day_118", "samp_store_temp": "-80", "ph": "5.5"}, "id": "mge62867"}, "project": {"data": {"lastname": "Agler", "email": "matthewtagler@gmail.com", "project_name": "Beer-to-Caproate", "PI_lastname": "Angenent", "PI_organization_country": "USA", "PI_firstname": "Largus", "project_description": "Chain elongation with reactor microbiomes: upgrading dilute ethanol to medium-chain carboxylates", "PI_organization_url": "http://angenent.bee.cornell.edu/", "organization_address": "214 Riley-Robb Hall, Ithaca, NY 14853", "organization_url": "http://angenent.bee.cornell.edu/", "organization": "Cornell University", "project_funding": "USDA through the National Institutes of Food and Agriculture (NIFA), grant number 2007-35504-05381", "organization_country": "USA", "PI_organization_address": "214 Riley-Robb Hall, Ithaca, NY 14853", "PI_email": "la249@cornell.edu", "firstname": "Matthew", "PI_organization": "Cornell Univeristy"}, "id": "mgp397", "name": "Beer-to-Caproate", "public": "Beer-to-Caproate"}}, "md5_checksum": "af16570eed7bc4bd1af67879a7327578", "mixs": {"longitude": -76.5, "location": "Ithaca, New York", "material": "anaerobic digester sludge", "seq_method": "illumina", "project_id": "mgp397", "collection_date": "2011-07-18T13:00:00-0500", "latitude": 42.44, "sequence_type": "WGS", "country": "United States of America", "feature": "anaerobic digester sludge", "env_package_type": "wastewater|sludge", "PI_firstname": "Largus", "biome": "anaerobic digester sludge", "project_name": "Beer-to-Caproate", "PI_lastname": "Angenent"}, "owner": "mgu20062"}