{"project_metagenomes": ["4480739.3", "4484839.3", "4487909.3", "4487910.3", "4487911.3", "4480740.3", "4480746.3", "4480747.3", "4480748.3", "4480749.3", "4480741.3", "4480742.3", "4480743.3", "4480750.3", "4480751.3", "4487651.3", "4487649.3", "4487650.3", "4487647.3"], "sequence_type": "WGS", "pipeline_parameters": {"fgs_type": "454", "m5rna_sims_version": "7", "filter_ln": "yes", "filter_ambig": "yes", "max_ambig": "5", "m5nr_annotation_version": "1", "file_type": "fna", "aa_pid": "90", "m5rna_annotation_version": "1", "m5nr_sims_version": "7", "dereplicate": "yes", "priority": "never", "rna_pid": "97", "filter_ln_mult": "1.99", "assembled": "no", "prefix_length": "50", "bowtie": "no", "screen_indexes": "h_sapiens_asm"}, "mixs_compliant": 0, "sample": ["mgs411806", "https://api.mg-rast.org/sample/mgs411806"], "project_alpha_diversity": {"stdv": 233.248394837337, "min": 168.447214621078, "max": 968.253047581434, "avg": 418.628891122351}, "status": "public", "statistics": {}, "library": ["mgl411808", "https://api.mg-rast.org/library/mgl411808"], "created": "2012-01-20 02:50:40", "job_id": 41345, "project": ["mgp16102", "https://api.mg-rast.org/project/mgp16102"], "version": 1, "name": "VIT_Mout_W1", "md5_checksum": "7589883e0f56e4c07ae8cac51b012d7c", "metadata": {"env_package": {"id": "mge411807", "data": {"sample_name": "VIT_Mout_W1", "env_package": "water"}, "type": "water", "name": "VIT_Mout_W1: water"}, "sample": {"name": "VIT_Mout_W1", "id": "mgs411806", "data": {"collection_date": "2009-03-18", "country": "Brazil", "biome": "coral reef", "location": "Vitoria-Trindade Chain", "longitude": -38.071, "material": "water", "collection_timezone": "UTC-03:00", "sample_id": "4480746.3", "sample_name": "VIT_Mout_W1", "collection_time": "09:00:00", "latitude": -20.514, "env_package": "water", "feature": "coral reef"}}, "project": {"data": {"organization_country": "Brazil", "PI_email": "fabianothompson1@gmail.com", "firstname": "Pedro", "email": "fabiano.thompson@biologia.ufrj.br", "PI_lastname": "Thompson", "PI_organization_country": "Brazil", "PI_organization_url": "http://www.microbiologia.biologia.ufrj.br", "project_funding": "CNPq, CAPES, and FAPERJ", "PI_organization": "Federal University of Rio de Janeiro", "project_description": "Data from the paper \"Baseline Assessment of Mesophotic Reefs of the Vit\u00c3\u00b3ria-Trindade Seamount Chain Based on Water Quality\". If you use it please cite us: Meirelles, P. M., Amado-Filho, G. M., Pereira-Filho, G. H., et al. (2015) PLoS One, 10, e0130084, Baseline Assessment of Mesophotic Reefs of the Vit\u00c3\u00b3ria-Trindade Seamount Chain Based on Water Quality, Microbial Diversity, Benthic Cover and Fish Biomass Data. Benthic, fish, water chemistry and microbial abundance data are available at: ecogrid://knb/pmeirelles.14.1", "envo_release": "2013-04-27", "PI_firstname": "Fabiano", "organization_address": "Federal University of Rio de Janeiro", "lastname": "Meirelles", "PI_organization_address": "Lab. de Microbiologia - BIOMAR UFRJ Av. Carlos Chagas Fo., 373 CCS - Bloco A (Anexo), A3 - sl 202 Cidade Universit\u00c3\u00a1ria RJ - RJ - Brasil 21941-599, Brazil", "organization": "Federal University of Rio de Janeiro", "project_name": "Vitoria-Trindade Seamounts Chain"}, "public": "Vitoria-Trindade Seamounts Chain", "id": "mgp16102", "name": "Vitoria-Trindade Seamounts Chain"}, "library": {"name": "VIT_Mout_W1", "id": "mgl411808", "data": {"seq_meth": "454", "sample_name": "VIT_Mout_W1", "investigation_type": "metagenome", "file_name": "brazilA25b.RL1.fasta", "metagenome_id": "4480746.3", "metagenome_name": "VIT_Mout_W1", "file_checksum": "7589883e0f56e4c07ae8cac51b012d7c"}, "type": "WGS"}}, "id": "mgm4480746.3", "url": "https://api.mg-rast.org/metagenome/mgm4480746.3?verbosity=full", "pipeline_version": "3.0", "mixs": {"env_package_type": "water", "project_name": "Vitoria-Trindade Seamounts Chain", "location": "Vitoria-Trindade Chain", "PI_firstname": "Fabiano", "collection_date": "2009-03-18T09:00:00-0300", "sequence_type": "WGS", "country": "Brazil", "biome": "coral reef", "feature": "coral reef", "seq_method": "454", "latitude": -20.514, "project_id": "mgp16102", "PI_lastname": "Thompson", "longitude": -38.071, "material": "water"}, "owner": "mgu9482"}