{"metadata": {"project": {"data": {"PI_organization_address": "Droevendaalsesteeg 10, 6708 PB Wageningen NL", "PI_organization": "NIOO", "PI_lastname": "Kuramae", "PI_email": "E.Kuramae@nioo.knaw.nl", "PI_organization_country": "Netherlands", "PI_firstname": "Eiko", "project_name": "Impact of long term fertilization"}, "name": "Impact of long term fertilization", "id": "mgp1008", "public": "Impact of long term fertilization"}, "library": {"name": "202", "data": {"metagenome_name": "202", "file_name": "202extracted_clusters_unique.fa", "file_checksum": "7d327bbbe69b9c4d8ea5def8966b28c0", "sample_name": "202", "seq_meth": "454", "metagenome_id": "4485395.3", "investigation_type": "metagenome"}, "id": "mgl264181", "type": "WGS"}, "sample": {"name": "202", "data": {"env_package": "soil", "biome": "terrestrial biome", "sample_name": "202", "material": "soil", "collection_time": "13:00:00", "latitude": 51.97, "longitude": 5.64, "feature": "grassland", "sample_id": "4485395.3", "collection_date": "2011-09-20", "country": "Netherlands", "collection_timezone": "UTC-1", "location": "Wageningen"}, "id": "mgs264179"}, "env_package": {"type": "soil", "data": {"env_package": "soil", "sample_name": "202"}, "name": "202: soil", "id": "mge264180"}}, "version": 1, "mixs_compliant": 0, "name": "202", "project": ["mgp1008", "https://api.mg-rast.org/project/mgp1008"], "md5_checksum": "7d327bbbe69b9c4d8ea5def8966b28c0", "sequence_type": "WGS", "id": "mgm4485395.3", "library": ["mgl264181", "https://api.mg-rast.org/library/mgl264181"], "sample": ["mgs264179", "https://api.mg-rast.org/sample/mgs264179"], "job_id": 46937, "pipeline_version": "3.0", "project_metagenomes": ["4485403.3", "4485402.3", "4485401.3", "4485400.3", "4485399.3", "4485398.3", "4485397.3", "4485396.3", "4485395.3", "4485394.3", "4485393.3", "4485392.3", "4485391.3", "4485390.3", "4485389.3"], "url": "https://api.mg-rast.org/metagenome/mgm4485395.3?verbosity=full", "pipeline_parameters": {"m5rna_sims_version": "7", "m5nr_annotation_version": "1", "aa_pid": "90", "prefix_length": "50", "rna_pid": "97", "bowtie": "no", "max_ambig": "5", "filter_ln": "no", "assembled": "no", "m5rna_annotation_version": "1", "screen_indexes": "h_sapiens_asm", "filter_ln_mult": "-3.14", "fgs_type": "454", "file_type": "fna", "priority": "never", "dereplicate": "no", "filter_ambig": "no", "m5nr_sims_version": "7"}, "status": "public", "created": "2012-03-06 15:01:55", "mixs": {"biome": "terrestrial biome", "latitude": 51.97, "material": "soil", "feature": "grassland", "PI_lastname": "Kuramae", "project_name": "Impact of long term fertilization", "env_package_type": "soil", "longitude": 5.64, "sequence_type": "WGS", "PI_firstname": "Eiko", "seq_method": "454", "location": "Wageningen", "collection_date": "2011-09-20T13:00:00-0100", "project_id": "mgp1008", "country": "Netherlands"}, "owner": "mgu38692", "project_alpha_diversity": {"min": 592.523888845411, "avg": 640.264546781084, "max": 730.214632072954, "stdv": 33.8673232511824}, "statistics": {}}