{"sequence_type": "WGS", "project": ["mgp11", "https://api.mg-rast.org/project/mgp11"], "url": "https://api.mg-rast.org/metagenome/mgm4440428.3?verbosity=full", "project_metagenomes": ["4440435.3", "4440426.3", "4440437.3", "4440427.3", "4440144.4", "4440145.4", "4440433.3", "4440419.3", "4440416.3", "4440425.3", "4440431.3", "4440417.3", "4440432.3", "4440434.3", "4440436.3", "4440421.3", "4440428.3", "4440324.3", "4440325.3", "4440420.3", "4440430.3", "4440429.3", "4440438.3", "4440090.3"], "sample": ["mgs69227", "https://api.mg-rast.org/sample/mgs69227"], "statistics": {}, "mixs_compliant": 0, "library": ["mgl69229", "https://api.mg-rast.org/library/mgl69229"], "owner": "mgu163", "project_alpha_diversity": {"max": 769.523606831403, "avg": 287.597157489909, "min": 25.0416487709006, "stdv": 214.92260101415}, "mixs": {"material": "saline water", "feature": "saline evaporation pond", "biome": "marine biome", "PI_firstname": "Beltran", "PI_lastname": "Rodriguez-Brito", "latitude": 32.6, "seq_method": "454", "project_id": "mgp11", "country": "United States of America", "sequence_type": "WGS", "location": "Chula Vista, CA", "env_package_type": "water", "longitude": -117.1072, "collection_date": "2005-09-16T00:00:00Z", "project_name": "Chula Vista, CA Solar Saltern Study"}, "status": "public", "created": "2007-12-23 20:44:28", "name": "MedSalternSDbayVir20051116", "metadata": {"library": {"data": {"gold_id": "Gm00134", "investigation_type": "metagenome", "misc_param": "sequences_sequences_filtered: Removed redundant contigs", "seq_meth": "454", "file_name": "MedSalternSDbayVir20051116.fna", "lib_size_mean": 97.1, "metagenome_id": "4440428.3", "metagenome_name": "MedSalternSDbayVir20051116", "sample_name": "MedSalternSDbayVir20051116", "file_checksum": "715988262f0f90fc41c861d7693d80a1", "pubmed_id": "18337718, 20147985", "seq_center": "454 Life Sciences, Inc, Branford, CT"}, "type": "WGS", "name": "MedSalternSDbayVir20051116", "id": "mgl69229"}, "project": {"id": "mgp11", "name": "Chula Vista, CA Solar Saltern Study", "data": {"project_name": "Chula Vista, CA Solar Saltern Study", "PI_organization_country": "USA", "PI_email": "beltran.rodriguezbrito@gmail.com", "PI_organization_address": "San Diego, CA", "PI_firstname": "Beltran", "project_description": "Water samples from the solar saltern of South Bay Salt Works (Chula Vista, CA, USA) were collected from three ponds with different salinities: low (6-8%), medium (12-14%), and high (27-30%). In this study, we used metagenomics to monitor the viral and microbial communities in this and 3 other distinctive, stable, human-controlled aquatic environments over time. The study environments included a freshwater aquaculture system and three solar saltern environments of differing salinity. Populations within the communities were monitored at both the coarse-grained level of species and the fine-grained level of strains. On the basis of our results, we propose a model for these stable aquatic environments that is consistent with a Kill-the-Winner cycling of predator and prey populations and in which sensitive microbial strains are killed off by viral predators and are replaced by phage-resistant strains of the same species.", "PI_lastname": "Rodriguez-Brito", "PI_organization": "Computational Science Research Center, San Diego State University", "project_funding": "NSF, Gordon and Betty Moore Foundation, ARCS Fellowship, NSF Postdoctoral Fellowship #DBI-0511948, ATP/Kent Sea Tech and EMBO ASTF366-2007 short-term fellowship.", "ncbi_id": "28377, 28725", "PI_organization_url": "www.csrc.sdsu.edu/"}, "public": "Chula Vista, CA Solar Saltern Study"}, "sample": {"data": {"isol_growth_condt": "20147985", "samp_collect_device": "Water samples from the solar saltern of South Bay Salt Works (Chula Vista, CA, USA) were collected from three ponds with different salinities: low (6-8%), medium (12-14%), and high (27-30%). Salinity was measured with a hand refractometer. The time between samplings ranged from 1 day to ~1.33 years (Table 1). Viral and microbial fractions were isolated from each water sample by passage through a 0.2-&#956;m tangential flow filter (TFF, Millipore, Westborough, MA, USA). The filtrate and the retentate were collected in separate tanks. The virus-containing filtrate was concentrated to a final volume of ~500&#8201;ml using a 100-kDa TFF filter. Polyethylene glycol (PEG 8000) was added to a final concentration of 10% (w/v) and the mixture was incubated for 12-18&#8201;h at 4&#8201;\u00c2\u00b0C. The VLPs were pelleted by centrifuging for 2&#8201;h at 22&#8201;000&#8201;rpm in an SW41Ti swinging bucket rotor (RCF avg=53&#8201;000 \u00c3\u0097 g). The VLP pellet was resuspended in filtered (100&#8201;kDa) saltern water to a final volume of ~50&#8201;ml. The virus concentrate was loaded onto a cesium chloride density gradient, centrifuged, and the 1.5&#8201;g&#8201;ml&#8722;1 fraction was collected.", "longitude": -117.1072, "sample_name": "MedSalternSDbayVir20051116", "env_package": "water", "collection_date": "2005-09-16", "location": "Chula Vista, CA", "country": "United States of America", "continent": "north america", "latitude": 32.6, "collection_timezone": "UTC", "misc_param": "geodetic_system: wgs_84", "biome": "marine biome", "collection_time": "00:00:00", "material": "saline water", "feature": "saline evaporation pond"}, "id": "mgs69227", "name": "MedSalternSDbayVir20051116"}, "env_package": {"data": {"sample_name": "MedSalternSDbayVir20051116", "biomass": "6.42E8 VLPs/ml", "env_package": "water", "salinity": "12-14%"}, "type": "water", "name": "MedSalternSDbayVir20051116: water", "id": "mge69228"}}, "version": 1, "pipeline_parameters": {"priority": "never", "m5rna_sims_version": "7", "screen_indexes": "h_sapiens", "filter_ln_mult": "2.0", "assembled": "no", "dereplicate": "yes", "m5rna_annotation_version": "1", "prefix_length": "50", "m5nr_annotation_version": "1", "fgs_type": "454", "file_type": "fna", "aa_pid": "90", "bowtie": "yes", "filter_ln": "yes", "m5nr_sims_version": "7", "rna_pid": "97", "max_ambig": "5", "filter_ambig": "yes"}, "md5_checksum": "715988262f0f90fc41c861d7693d80a1", "job_id": 325, "id": "mgm4440428.3", "pipeline_version": "3.0"}