{"version": 1, "project_alpha_diversity": {"avg": 640.264546781084, "min": 592.523888845411, "max": 730.214632072954, "stdv": 33.8673232511824}, "pipeline_parameters": {"file_type": "fna", "bowtie": "no", "priority": "never", "filter_ambig": "no", "m5nr_annotation_version": "1", "aa_pid": "90", "dereplicate": "no", "filter_ln_mult": "-3.07", "fgs_type": "454", "screen_indexes": "h_sapiens_asm", "filter_ln": "no", "m5nr_sims_version": "7", "prefix_length": "50", "rna_pid": "97", "max_ambig": "5", "m5rna_sims_version": "7", "assembled": "no", "m5rna_annotation_version": "1"}, "sample": ["mgs264194", "https://api.mg-rast.org/sample/mgs264194"], "owner": "mgu38692", "project_metagenomes": ["4485403.3", "4485402.3", "4485401.3", "4485400.3", "4485399.3", "4485398.3", "4485397.3", "4485396.3", "4485395.3", "4485394.3", "4485393.3", "4485392.3", "4485391.3", "4485390.3", "4485389.3"], "mixs": {"PI_firstname": "Eiko", "project_id": "mgp1008", "project_name": "Impact of long term fertilization", "PI_lastname": "Kuramae", "feature": "grassland", "sequence_type": "WGS", "collection_date": "2011-09-20T13:00:00-0100", "location": "Wageningen", "material": "soil", "longitude": 5.64, "latitude": 51.97, "biome": "terrestrial biome", "country": "Netherlands", "env_package_type": "soil", "seq_method": "454"}, "status": "public", "md5_checksum": "5634e0965112f36030034178015648f7", "library": ["mgl264196", "https://api.mg-rast.org/library/mgl264196"], "metadata": {"sample": {"name": "132", "data": {"collection_time": "13:00:00", "sample_id": "4485390.3", "feature": "grassland", "collection_timezone": "UTC-1", "country": "Netherlands", "biome": "terrestrial biome", "env_package": "soil", "longitude": 5.64, "material": "soil", "latitude": 51.97, "collection_date": "2011-09-20", "location": "Wageningen", "sample_name": "132"}, "id": "mgs264194"}, "env_package": {"id": "mge264195", "type": "soil", "name": "132: soil", "data": {"env_package": "soil", "sample_name": "132"}}, "project": {"name": "Impact of long term fertilization", "data": {"PI_email": "E.Kuramae@nioo.knaw.nl", "project_name": "Impact of long term fertilization", "PI_lastname": "Kuramae", "PI_organization_address": "Droevendaalsesteeg 10, 6708 PB Wageningen NL", "PI_organization": "NIOO", "PI_organization_country": "Netherlands", "PI_firstname": "Eiko"}, "id": "mgp1008", "public": "Impact of long term fertilization"}, "library": {"id": "mgl264196", "name": "132", "data": {"file_name": "132extracted_clusters_unique.fa", "sample_name": "132", "metagenome_name": "132", "file_checksum": "5634e0965112f36030034178015648f7", "metagenome_id": "4485390.3", "seq_meth": "454", "investigation_type": "metagenome"}, "type": "WGS"}}, "id": "mgm4485390.3", "sequence_type": "WGS", "name": "132", "project": ["mgp1008", "https://api.mg-rast.org/project/mgp1008"], "job_id": 46932, "statistics": {}, "mixs_compliant": 0, "created": "2012-03-06 14:56:47", "pipeline_version": "3.0", "url": "https://api.mg-rast.org/metagenome/mgm4485390.3?verbosity=full"}