{"pipeline_version": "3.0", "metadata": {"env_package": {"name": "T5KO3_2012: host-associated", "type": "host-associated", "data": {"sample_name": "T5KO3_2012", "env_package": "host-associated", "body_site": "cecum"}, "id": "mge138983"}, "sample": {"name": "T5KO3_2012", "data": {"country": "USA", "latitude": 42.444015, "collection_timezone": "UTC-5", "longitude": -76.501893, "material": "feces", "collection_date": "2011-08-02", "biome": "Temperate grasslands", "collection_time": "12:00:00", "env_package": "host-associated", "feature": "animal-associated habitat", "location": "Ithaca, NY", "sample_name": "T5KO3_2012"}, "id": "mgs138982"}, "library": {"id": "mgl138984", "type": "WGS", "name": "T5KO3_2012", "data": {"metagenome_name": "T5KO3_2012", "sample_name": "T5KO3_2012", "file_name": "KO3_cleaned.fastq.fasta", "file_checksum": "78d9b65360cab9a1a815a053bd391e40", "investigation_type": "metagenome", "metagenome_id": "4481527.3", "seq_meth": "illumina"}}, "project": {"public": "TLR5KO_Metagenome", "name": "TLR5KO_Metagenome", "data": {"PI_organization_address": "467 Biotechnology Building, Ithaca, NY, 14853", "PI_organization_country": "USA", "mgrast_id": "mgp6393", "PI_organization": "Cornell University", "project_name": "TLR5KO_Metagenome", "PI_email": "rel222@cornell.edu", "PI_lastname": "Cornell", "PI_firstname": "Ruth"}, "id": "mgp6393"}}, "project_metagenomes": ["4481524.3", "4481526.3", "4481527.3", "4481530.3", "4481562.3", "4481563.3", "4481574.3", "4481575.3", "4489569.3", "4489582.3"], "pipeline_parameters": {"file_type": "fastq", "priority": "never", "m5nr_annotation_version": "1", "max_lqb": "5", "bowtie": "no", "dereplicate": "yes", "m5nr_sims_version": "7", "rna_pid": "97", "m5rna_annotation_version": "1", "dynamic_trim": "no", "aa_pid": "90", "m5rna_sims_version": "7", "assembled": "no", "prefix_length": "50", "min_qual": "15", "screen_indexes": "h_sapiens_asm", "fgs_type": "454"}, "statistics": {}, "project": ["mgp6393", "https://api.mg-rast.org/project/mgp6393"], "url": "https://api.mg-rast.org/metagenome/mgm4481527.3?verbosity=full", "name": "T5KO3_2012", "status": "public", "job_id": 43001, "mixs_compliant": 1, "id": "mgm4481527.3", "md5_checksum": "78d9b65360cab9a1a815a053bd391e40", "sample": ["mgs138982", "https://api.mg-rast.org/sample/mgs138982"], "sequence_type": "WGS", "library": ["mgl138984", "https://api.mg-rast.org/library/mgl138984"], "version": 1, "project_alpha_diversity": {"stdv": 63.1817776552373, "avg": 396.078485673021, "max": 498.19967560089, "min": 312.16307990822}, "mixs": {"project_id": "mgp6393", "location": "Ithaca, NY", "seq_method": "illumina", "feature": "animal-associated habitat", "PI_firstname": "Ruth", "collection_date": "2011-08-02T12:00:00-0500", "material": "feces", "biome": "Temperate grasslands", "longitude": -76.501893, "env_package_type": "host-associated", "latitude": 42.444015, "sequence_type": "WGS", "country": "USA", "project_name": "TLR5KO_Metagenome", "PI_lastname": "Cornell"}, "owner": "mgu18732", "created": "2012-01-31 22:54:26"}