{"statistics": {}, "url": "https://api.mg-rast.org/metagenome/mgm4461455.3?verbosity=full", "sample": ["mgs78970", "https://api.mg-rast.org/sample/mgs78970"], "project_alpha_diversity": {"stdv": 101.636222541786, "min": 411.151041507902, "max": 731.736079331222, "avg": 547.454349935788}, "status": "public", "library": ["mgl78972", "https://api.mg-rast.org/library/mgl78972"], "name": "Sponge_Ab2", "sequence_type": "WGS", "owner": "mgu35262", "metadata": {"library": {"data": {"file_name": "AmaroAb2.fasta", "sample_name": "AmaroAb2", "metagenome_id": "4461455.3", "metagenome_name": "Sponge_Ab2", "file_checksum": "43d1ccbf58124825e82bb98f6cb157a5", "investigation_type": "metagenome", "seq_meth": "454"}, "type": "WGS", "id": "mgl78972", "name": "AmaroAb2"}, "env_package": {"name": "AmaroAb2: host-associated", "data": {"host_common_name": "sponge", "env_package": "host-associated", "sample_name": "AmaroAb2", "host_taxid": "Arenosclera brasiliensis"}, "type": "host-associated", "id": "mge78971"}, "project": {"public": "Arenosclera_brasiliensis_metagenome", "data": {"project_funding": "Funda\u00e7\u00e3o de Amparo \u00e0  Pesquisa do Estado de S\u00e3o Paulo (FAPESP), Funda\u00e7\u00e3o de Amparo \u00e0  Pesquisa do Estado do Rio de Janeiro (FAPERJ) and Conselho Nacional de Desenvolvimento Cien\u00edfico e Tecnol\u00f3gico (CNPq).", "project_description": "The endemic marine sponge Arenosclera brasiliensis (Porifera, Demospongiae, Haplosclerida) is a known source of secondary metabolites such as arenosclerins A-C. In the present study, we established the composition of the A. brasiliensis microbiome and the metabolic pathways associated with this community. We used 454 shotgun pyrosequencing to generate approximately 640,000 high-quality sponge-derived sequences (,150 Mb). Clustering analysis including sponge,\r\nseawater and twenty-three other metagenomes derived from marine animal microbiomes shows that A. brasiliensis contains a specific microbiome. Fourteen bacterial phyla (including Proteobacteria, Cyanobacteria, Actinobacteria, Bacteroidetes, Firmicutes and Cloroflexi) were consistently found in the A. brasiliensis metagenomes. The A. brasiliensis microbiome is enriched for Betaproteobacteria (e.g., Burkholderia) and Gammaproteobacteria (e.g., Pseudomonas and Alteromonas)\r\ncompared with the surrounding planktonic microbial communities. Functional analysis based on Rapid Annotation using Subsystem Technology (RAST) indicated that the A. brasiliensis microbiome is enriched for sequences associated with\r\nmembrane transport and one-carbon metabolism. In addition, there was an overrepresentation of sequences associated with aerobic and anaerobic metabolism as well as the synthesis and degradation of secondary metabolites. This study\r\nrepresents the first analysis of sponge-associated microbial communities via shotgun pyrosequencing, a strategy commonly\r\napplied in similar analyses in other marine invertebrate hosts, such as corals and algae. We demonstrate that A. brasiliensis has a unique microbiome that is distinct from that of the surrounding planktonic microbes and from other marine organisms, indicating a species-specific microbiome.", "project_name": "Arenosclera_brasiliensis_metagenome", "PI_organization_country": "Brazil", "PI_firstname": "Fabiano", "PI_organization_address": "Rio de Janeiro", "PI_organization": "Universidade Federal do Rio de Janeiro (UFRJ)", "PI_organization_url": "http://www.ufrj.br/", "PI_email": "fabiano.thompson@biologia.ufrj.br", "PI_lastname": "Thompson"}, "id": "mgp2222", "name": "Arenosclera_brasiliensis_metagenome"}, "sample": {"name": "AmaroAb2", "id": "mgs78970", "data": {"sample_id": "AmaroAb2", "collection_timezone": "UTC-3", "env_package": "host-associated", "longitude": -41.874604, "sample_name": "AmaroAb2", "continent": "south america", "temperature": 24, "biome": "marine sponge reef biome", "latitude": -22.738705, "collection_date": "2010-05-01", "country": "Brazil", "location": "Jo\u00e3o fernandinho beach, b\u00fazios peninsula, Rio de Janeiro state", "material": "organic material", "feature": "organism-associated habitat", "collection_time": "10:30:00", "depth": 4}}}, "pipeline_version": "3.0", "project": ["mgp2222", "https://api.mg-rast.org/project/mgp2222"], "id": "mgm4461455.3", "md5_checksum": "43d1ccbf58124825e82bb98f6cb157a5", "job_id": 21052, "mixs": {"feature": "organism-associated habitat", "location": "Jo\u00e3o fernandinho beach, b\u00fazios peninsula, Rio de Janeiro state", "material": "organic material", "project_id": "mgp2222", "country": "Brazil", "seq_method": "454", "biome": "marine sponge reef biome", "project_name": "Arenosclera_brasiliensis_metagenome", "env_package_type": "host-associated", "latitude": -22.738705, "collection_date": "2010-05-01T10:30:00-0300", "PI_lastname": "Thompson", "sequence_type": "WGS", "longitude": -41.874604, "PI_firstname": "Fabiano"}, "mixs_compliant": 1, "pipeline_parameters": {"rna_pid": "97", "fgs_type": "454", "filter_ln": "yes", "filter_ln_mult": "1.99", "screen_indexes": "h_sapiens_asm", "m5nr_annotation_version": "1", "m5rna_sims_version": "7", "dereplicate": "yes", "prefix_length": "50", "bowtie": "no", "max_ambig": "5", "assembled": "no", "file_type": "fna", "priority": "never", "aa_pid": "90", "m5rna_annotation_version": "1", "filter_ambig": "yes", "m5nr_sims_version": "7"}, "version": 1, "project_metagenomes": ["4461456.3", "4461455.3", "4461454.3", "4461453.3", "4461452.3", "4461451.3", "4453374.3", "4461444.3"], "created": "2011-05-19 16:13:28"}