{"version": 1, "pipeline_version": "3.0", "status": "public", "project_alpha_diversity": {"stdv": 82.0273980149213, "avg": 618.227776812093, "max": 737.04439045492, "min": 465.872655007285}, "md5_checksum": "4b696ce5dfa69dc3cadd19cc52231ecf", "url": "https://api.mg-rast.org/metagenome/mgm4460190.3?verbosity=full", "sample": ["mgs88804", "https://api.mg-rast.org/sample/mgs88804"], "mixs_compliant": 1, "name": "WWTP effluent", "library": ["mgl88806", "https://api.mg-rast.org/library/mgl88806"], "created": "2011-05-19 16:11:17", "owner": "mgu40782", "job_id": 19787, "metadata": {"project": {"name": "Puget Sound", "data": {"PI_organization_address": "4225 Roosevelt Way NE Seattle, WA 98105", "PI_organization_country": "USA", "PI_firstname": "Elaine", "PI_lastname": "Faustman", "PI_organization": "University of Washington", "PI_email": "faustman@uw.edu", "project_name": "Puget Sound"}, "public": "Puget Sound", "id": "mgp2706"}, "library": {"type": "WGS", "data": {"metagenome_name": "WWTP effluent", "metagenome_id": "4460190.3", "file_name": "wtp.fa", "seq_meth": "454", "file_checksum": "4b696ce5dfa69dc3cadd19cc52231ecf", "investigation_type": "metagenome", "sample_name": "WWTP effluent"}, "name": "WWTP effluent", "id": "mgl88806"}, "sample": {"id": "mgs88804", "name": "WWTP effluent", "data": {"longitude": -122.433333, "temperature": 14.9, "location": "Puget Sound, WA", "feature": "anthropogenic habitat", "collection_timezone": "UTC-8", "latitude": 47.661667, "env_package": "wastewater|sludge", "material": "water", "biome": "freshwater biome", "sample_name": "WWTP effluent", "collection_time": "09:30:00", "collection_date": "2011-01-31", "country": "United States of America"}}, "env_package": {"type": "wastewater|sludge", "data": {"sample_name": "WWTP effluent", "sewage_type": "municipal", "env_package": "wastewater|sludge", "samp_store_temp": "-80"}, "name": "WWTP effluent: wastewater|sludge", "id": "mge88805"}}, "sequence_type": "WGS", "project": ["mgp2706", "https://api.mg-rast.org/project/mgp2706"], "project_metagenomes": ["4460190.3", "4460189.3", "4460188.3", "4460182.3", "4460180.3", "4460179.3", "4460178.3"], "id": "mgm4460190.3", "pipeline_parameters": {"m5nr_sims_version": "7", "m5nr_annotation_version": "1", "assembled": "no", "bowtie": "no", "filter_ln": "yes", "screen_indexes": "h_sapiens_asm", "aa_pid": "90", "max_ambig": "5", "file_type": "fna", "m5rna_annotation_version": "1", "filter_ln_mult": "1.99", "m5rna_sims_version": "7", "priority": "never", "rna_pid": "97", "filter_ambig": "yes", "dereplicate": "yes", "fgs_type": "454", "prefix_length": "50"}, "statistics": {}, "mixs": {"PI_lastname": "Faustman", "sequence_type": "WGS", "seq_method": "454", "feature": "anthropogenic habitat", "location": "Puget Sound, WA", "latitude": 47.661667, "longitude": -122.433333, "env_package_type": "wastewater|sludge", "project_id": "mgp2706", "project_name": "Puget Sound", "country": "United States of America", "collection_date": "2011-01-31T09:30:00-0800", "PI_firstname": "Elaine", "material": "water", "biome": "freshwater biome"}}