{"sequence_type": "WGS", "metadata": {"project": {"id": "mgp6244", "name": "TLR5KO_454_Metagenome", "data": {"PI_organization_country": "USA", "PI_organization_address": "467 Biotechnology Building, Ithaca, NY, 14853", "PI_email": "rel222@cornell.edu", "PI_organization": "Cornell", "mgrast_id": "mgp6244", "PI_lastname": "Ley", "PI_firstname": "Ruth", "project_name": "T5KO_454_MetaG"}, "public": "TLR5KO_454_Metagenome"}, "env_package": {"id": "mge138929", "name": "WT1: host-associated", "type": "host-associated", "data": {"body_site": "cecum", "sample_name": "WT1", "mgrast_id": "mge138929", "env_package": "host-associated"}}, "library": {"type": "WGS", "data": {"metagenome_name": "WT1", "sample_name": "WT1", "metagenome_id": "4447446.3", "investigation_type": "metagenome", "seq_meth": "454", "file_checksum": "3761ff92b93b5572051978001c107bf8"}, "id": "mgl138930", "name": "WT1"}, "sample": {"data": {"location": "Ithaca, NY", "country": "USA", "collection_time": "12:00:00", "collection_timezone": "UTC-5", "latitude": 42.444015, "biome": "Temperate grasslands", "collection_date": "2009-11-16", "sample_name": "WT1", "longitude": -76.501893, "env_package": "host-associated", "material": "feces", "feature": "animal-associated habitat"}, "name": "WT1", "id": "mgs138928"}}, "id": "mgm4447446.3", "version": 1, "owner": "mgu18732", "status": "public", "job_id": 7276, "mixs_compliant": 1, "pipeline_version": "3.0", "project": ["mgp6244", "https://api.mg-rast.org/project/mgp6244"], "mixs": {"env_package_type": "host-associated", "longitude": -76.501893, "collection_date": "2009-11-16T12:00:00-0500", "sequence_type": "WGS", "latitude": 42.444015, "PI_lastname": "Ley", "project_name": "TLR5KO_454_Metagenome", "location": "Ithaca, NY", "country": "USA", "project_id": "mgp6244", "seq_method": "454", "feature": "animal-associated habitat", "material": "feces", "biome": "Temperate grasslands", "PI_firstname": "Ruth"}, "statistics": {}, "url": "https://api.mg-rast.org/metagenome/mgm4447446.3?verbosity=full", "library": ["mgl138930", "https://api.mg-rast.org/library/mgl138930"], "md5_checksum": "3761ff92b93b5572051978001c107bf8", "name": "WT1", "project_metagenomes": ["4447454.3", "4447455.3", "4447456.3", "4447457.3", "4447449.3", "4447448.3", "4447447.3", "4447446.3"], "created": "2010-04-08 15:14:56", "sample": ["mgs138928", "https://api.mg-rast.org/sample/mgs138928"], "pipeline_parameters": {"screen_indexes": "h_sapiens", "fgs_type": "454", "assembled": "no", "m5nr_annotation_version": "1", "priority": "never", "rna_pid": "97", "max_ambig": "5", "m5nr_sims_version": "7", "m5rna_annotation_version": "1", "filter_ambig": "yes", "dereplicate": "yes", "filter_ln_mult": "2.0", "file_type": "fna", "filter_ln": "yes", "aa_pid": "90", "prefix_length": "50", "m5rna_sims_version": "7", "bowtie": "yes"}, "project_alpha_diversity": {"min": 289.817944669576, "stdv": 27.5564022215991, "max": 377.946691310169, "avg": 343.089591581615}}