{"name": "PhagesSub1Day30", "created": "2009-12-04 01:22:13", "md5_checksum": "88c6378594fe519babf23630f33c0f30", "sample": ["mgs15578", "https://api.mg-rast.org/sample/mgs15578"], "pipeline_version": "3.0", "metadata": {"sample": {"data": {"continent": "north_america", "country": "United States of America", "feature": "human-associated habitat", "collection_time": "12:00:00", "samp_collect_device": "Saliva virome from subject 1 on day 30", "biome": "human-associated habitat", "latitude": 32.9, "material": "human-associated habitat", "env_package": "human-associated", "longitude": -117.2, "isol_growth_condt": "22158393", "collection_date": "2008-06-01", "collection_timezone": "UTC", "geodetic_system": "na", "location": "California"}, "name": "mgs15578", "id": "mgs15578"}, "library": {"data": {"investigation_type": "metagenome", "pubmed_id": "22158393", "metagenome_name": "PhagesSub1Day30", "metagenome_id": "4445729.3", "seq_meth": "454", "file_checksum": "88c6378594fe519babf23630f33c0f30"}, "type": "WGS", "id": "mgl48944", "name": "mgl48944"}, "env_package": {"type": "human-associated", "data": {"env_package": "human-associated", "host_subject_id": "1", "age": "37 ; Second", "sex": "Male", "profile_rating_demo 2": "bronze"}, "id": "mge48945", "name": "mge48945"}, "project": {"data": {"project_name": "Saliva Virome", "firstname": "David", "email": "pridedt9@gmail.com", "administrative-contact_PI_organization_country": "United States of America", "administrative-contact_PI_email": "pridedt9@gmail.com", "organization_country": "United States of America", "administrative-contact_PI_lastname": "Pride", "project_description": "Analysis of salivary viromes", "lastname": "Pride", "administrative-contact_PI_firstname": "David"}, "public": "Project for: PhagesSub1Day30", "id": "mgp475", "name": "Project for: PhagesSub1Day30"}}, "status": "public", "library": ["mgl48944", "https://api.mg-rast.org/library/mgl48944"], "version": 1, "owner": "mgu13502", "sequence_type": "WGS", "project": ["mgp475", "https://api.mg-rast.org/project/mgp475"], "project_metagenomes": ["4445729.3"], "id": "mgm4445729.3", "mixs_compliant": 1, "statistics": {}, "project_alpha_diversity": {"avg": 151.289110522983, "stdv": 0, "min": 151.289110522983, "max": 151.289110522983}, "job_id": 5630, "url": "https://api.mg-rast.org/metagenome/mgm4445729.3?verbosity=full", "mixs": {"country": "United States of America", "sequence_type": "WGS", "feature": "human-associated habitat", "project_name": "Project for: PhagesSub1Day30", "biome": "human-associated habitat", "env_package_type": "human-associated", "project_id": "mgp475", "latitude": 32.9, "material": "human-associated habitat", "PI_firstname": null, "longitude": -117.2, "PI_lastname": null, "collection_date": "2008-06-01T12:00:00Z", "seq_method": "454", "location": "California"}, "pipeline_parameters": {"aa_pid": "90", "bowtie": "yes", "filter_ln": "yes", "m5rna_sims_version": "7", "filter_ambig": "yes", "m5nr_sims_version": "7", "m5rna_annotation_version": "1", "screen_indexes": "h_sapiens", "assembled": "no", "prefix_length": "50", "priority": "never", "fgs_type": "454", "rna_pid": "97", "max_ambig": "5", "file_type": "fna", "m5nr_annotation_version": "1", "dereplicate": "yes", "filter_ln_mult": "2.0"}}