{"project": ["mgp31391", "https://api.mg-rast.org/project/mgp31391"], "owner": "mgu21462", "sequence_type": "WGS", "md5_checksum": "d64b0ad3dd5caf03788b58ce1f62d992", "status": "public", "mixs": {"sequence_type": "WGS", "latitude": 41.575836, "PI_firstname": "Elizabeth", "collection_date": "2010-07-01T13:59:59-0500", "country": "USA", "location": "Little Sippewissett Salt Marsh", "seq_method": "454", "PI_lastname": "Wilbanks", "project_name": "Green Berry Assembly", "project_id": "mgp31391", "biome": "marine salt marsh biome", "material": "biofilm material", "feature": "intertidal zone", "longitude": -70.639233, "env_package_type": "microbial mat|biofilm"}, "job_id": 13774, "pipeline_version": "3.0", "library": ["mgl579984", "https://api.mg-rast.org/library/mgl579984"], "statistics": {}, "sample": ["mgs579982", "https://api.mg-rast.org/sample/mgs579982"], "url": "https://api.mg-rast.org/metagenome/mgm4454167.3?verbosity=full", "pipeline_parameters": {"filter_ambig": "yes", "m5rna_annotation_version": "1", "filter_ln_mult": "2.0", "priority": "never", "dereplicate": "yes", "filter_ln": "yes", "file_type": "fna", "max_ambig": "5", "m5nr_sims_version": "7", "m5rna_sims_version": "7", "assembled": "no", "aa_pid": "90", "fgs_type": "454", "rna_pid": "97", "m5nr_annotation_version": "1", "bowtie": "yes", "screen_indexes": "h_sapiens", "prefix_length": "50"}, "created": "2011-01-20 19:48:56", "id": "mgm4454167.3", "metadata": {"project": {"public": "Green Berry Assembly", "name": "Green Berry Assembly", "id": "mgp31391", "data": {"organization": "UCSB", "organization_address": "EEMB, Santa Barbara, CA, 93106", "project_description": "Newbler assembly of 454 Metagenomic reads from cyanobacterial aggregates from the Little Sippewissett Salt Marsh", "PI_organization_country": "USA", "PI_email": "elizabeth.wilbanks@lifesci.ucsb.edu", "PI_organization": "UCSB", "PI_organization_address": "EEMB, Santa Barbara, CA, 93106", "firstname": "Elizabeth", "project_name": "Green Berry Assembly", "envo_release": "2017-04-15", "PI_lastname": "Wilbanks", "lastname": "Wilbanks", "project_funding": "NSF", "email": "elizabeth.wilbanks@lifesci.ucsb.edu", "organization_country": "USA", "PI_firstname": "Elizabeth"}}, "library": {"data": {"mgrast_id": "mgl579984", "seq_meth": "454", "file_checksum": "d64b0ad3dd5caf03788b58ce1f62d992", "metagenome_id": "4454167.3", "investigation_type": "metagenome", "sample_name": "green_berry_1", "assembly": "Newbler", "metagenome_name": "Green Berry Assembly"}, "type": "WGS", "id": "mgl579984", "name": "Green Berry Assembly"}, "sample": {"id": "mgs579982", "name": "green_berry_1", "data": {"collection_time": "13:59:59", "location": "Little Sippewissett Salt Marsh", "altitude": 0, "latitude": 41.575836, "sample_name": "green_berry_1", "country": "USA", "sample_size": "10 aggregates", "elevation": 0, "collection_date": "2010-07-01", "longitude": -70.639233, "mgrast_id": "mgs579982", "temperature": 25, "material": "biofilm material", "biome": "marine salt marsh biome", "env_package": "microbial mat|biofilm", "collection_timezone": "UTC-5:00", "depth": 0, "continent": "north america", "feature": "intertidal zone"}}, "env_package": {"type": "microbial mat|biofilm", "data": {"mgrast_id": "mge579983", "sample_name": "green_berry_1", "env_package": "microbial mat|biofilm"}, "name": "green_berry_1: microbial mat|biofilm", "id": "mge579983"}}, "version": 1, "name": "Green Berry Assembly", "mixs_compliant": 0, "project_metagenomes": ["4454167.3"], "project_alpha_diversity": {"avg": 172.115201568583, "stdv": 0, "min": 172.115201568583, "max": 172.115201568583}}