{"owner": "mgu333", "library": ["mgl192772", "https://api.mg-rast.org/library/mgl192772"], "mixs": {"project_name": "Pacific Reef Microbiomes", "latitude": -4.03326, "PI_lastname": "Rohwer", "seq_method": "454", "env_package_type": "water", "sequence_type": "WGS", "feature": "coral reef", "material": "water", "project_id": "mgp9220", "location": "Pacific Ocean", "biome": "coral reef", "PI_firstname": "Forest", "longitude": -154.95094, "country": "Kiribati", "collection_date": "2009-04-11T10:00:00-1000"}, "id": "mgm4466810.3", "pipeline_version": "3.0", "pipeline_parameters": {"max_ambig": "5", "filter_ln_mult": "-3.17", "fgs_type": "454", "dereplicate": "no", "m5rna_annotation_version": "1", "filter_ambig": "no", "m5nr_sims_version": "7", "priority": "never", "rna_pid": "97", "bowtie": "no", "aa_pid": "90", "assembled": "no", "filter_ln": "no", "screen_indexes": "h_sapiens_asm", "m5rna_sims_version": "7", "m5nr_annotation_version": "1", "prefix_length": "50", "file_type": "fna"}, "status": "public", "project": ["mgp9220", "https://api.mg-rast.org/project/mgp9220"], "md5_checksum": "79b69d4a69c2e8d94bf0072035201448", "mixs_compliant": 0, "version": 1, "project_alpha_diversity": {"min": 256.005423264818, "stdv": 120.439104940246, "avg": 453.581479636971, "max": 739.242402937356}, "sample": ["mgs192770", "https://api.mg-rast.org/sample/mgs192770"], "statistics": {}, "job_id": 26407, "project_metagenomes": ["4466846.3", "4466845.3", "4466844.3", "4466835.3", "4466825.3", "4466820.3", "4466814.3", "4466812.3", "4466810.3", "4466809.3", "4466745.3", "4466741.3", "4466739.3", "4466738.3", "4466737.3", "4466736.3", "4466599.3", "4466597.3", "4466596.3", "4466592.3", "4466582.3", "4466309.3"], "sequence_type": "WGS", "url": "https://api.mg-rast.org/metagenome/mgm4466810.3?verbosity=full", "name": "CoralMalden25BMic20090406_NP", "metadata": {"library": {"id": "mgl192772", "data": {"seq_chem": "Titanium", "seq_quality_check": "Prinseq", "investigation_type": "metagenome", "sample_name": "CoralMalden25BMic20090406_NP", "file_name": "CoralMalden25BMic20090406_NPFinal.fasta", "metagenome_name": "CoralMalden25BMic20090406_NP", "metagenome_id": "4466810.3", "seq_meth": "454", "file_checksum": "79b69d4a69c2e8d94bf0072035201448", "seq_center": "SDSU"}, "name": "CoralMalden25BMic20090406_NP", "type": "WGS"}, "env_package": {"data": {"sample_name": "CoralMalden25BMic20090406_NP", "env_package": "water", "aminopept_act": "CoralMalden25BMic20090406_NP"}, "type": "water", "name": "CoralMalden25BMic20090406_NP: water", "id": "mge192771"}, "project": {"public": "Pacific Reef Microbiomes", "id": "mgp9220", "name": "Pacific Reef Microbiomes", "data": {"organization_url": "coralandphage.org", "PI_email": "forest@sunstroke.sdsu.edu", "email": "lwegley@gmail.com", "firstname": "Linda", "PI_organization_address": "LS301 Biology Department, San Diego State University, 5500 Campanile Drive, San Diego, CA 92182", "PI_firstname": "Forest", "organization": "San Diego State University", "lastname": "Kelly", "organization_address": "LS301 Biology Department, San Diego State University, 5500 Campanile Drive, San Diego, CA 92182", "project_description": "Metagenomes from the Line Islands", "project_funding": "NSF", "PI_organization_url": "coralandphage.org", "PI_organization": "San Diego State University", "project_name": "Pacific Reef Microbiomes", "organization_country": "USA", "PI_organization_country": "USA", "PI_lastname": "Rohwer"}}, "sample": {"id": "mgs192770", "name": "CoralMalden25BMic20090406_NP", "data": {"collection_time": "10:00:00", "depth": 30, "collection_date": "2009-04-11", "longitude": -154.95094, "country": "Kiribati", "collection_timezone": "UTC-10", "location": "Pacific Ocean", "biome": "coral reef", "sample_id": "4466810.3", "env_package": "water", "feature": "coral reef", "material": "water", "sample_name": "CoralMalden25BMic20090406_NP", "latitude": -4.03326}}}, "created": "2011-06-23 18:47:20"}