{"version": 1, "job_id": 46761, "project_alpha_diversity": {"avg": 920.843531042968, "min": 847.720798455461, "stdv": 48.7558850389749, "max": 974.385232528802}, "name": "PensaRioRio", "statistics": {}, "md5_checksum": "7192a202d77580ded459008e2a6fbb1c", "project_metagenomes": ["4485219.3", "4485218.3", "4485982.3", "4485981.3"], "project": ["mgp6544", "https://api.mg-rast.org/project/mgp6544"], "metadata": {"project": {"id": "mgp6544", "data": {"PI_organization": "LNCC", "PI_organization_address": "Av. Get\u00falio Vargas, 333, Quitandinha, Petr\u00f3polis, Rio de Janeiro", "PI_email": "atrv@lncc.br", "firstname": "Claudia Elizabeth", "organization_address": "Av. Get\u00falio Vargas, 333, Quitandinha, Petr\u00f3polis, Rio de Janeiro", "organization_url": "www.labinfo.lncc.br", "lastname": "Thompson", "mgrast_id": "mgp6544", "organization": "LNCC - UFRGS", "PI_organization_country": "Brazil", "PI_lastname": "Ribeiro de Vasconcelos", "email": "thompson@lncc.br", "organization_country": "Brazil", "project_description": "Brazilian mangrove - Rio de Janeiro and Bahia", "PI_firstname": "Ana Tereza", "project_funding": "FAPERJ, CAPES, CNPq", "PI_organization_url": "www.labinfo.lncc.br", "project_name": "Mangrove RJ BA"}, "public": "Mangrove RJ BA", "name": "Mangrove RJ BA"}, "library": {"data": {"metagenome_id": "4485219.3", "sample_name": "PensaRioRio", "file_checksum": "7192a202d77580ded459008e2a6fbb1c", "seq_meth": "454", "file_name": "G5MWKAR02.trim.RIO.fasta", "investigation_type": "metagenome", "metagenome_name": "PensaRioRio"}, "id": "mgl140760", "type": "WGS", "name": "PensaRioRio"}, "sample": {"name": "PensaRioRio", "id": "mgs140758", "data": {"collection_time": "13:00:00", "material": "estuarine mud", "collection_timezone": "UTC -3", "latitude": -23.169959, "location": "Ilha Grande", "env_package": "miscellaneous", "feature": "intertidal zone", "collection_date": "2011-01-01", "country": "Brazil", "sample_name": "PensaRioRio", "longitude": -44.283389, "biome": "Mangrove biome"}}, "env_package": {"name": "PensaRioRio: miscellaneous", "type": "miscellaneous", "data": {"env_package": "miscellaneous", "sample_name": "PensaRioRio"}, "id": "mge140759"}}, "mixs_compliant": 1, "status": "public", "mixs": {"project_id": "mgp6544", "material": "estuarine mud", "latitude": -23.169959, "env_package_type": "miscellaneous", "location": "Ilha Grande", "country": "Brazil", "feature": "intertidal zone", "seq_method": "454", "biome": "Mangrove biome", "PI_firstname": "Ana Tereza", "project_name": "Mangrove RJ BA", "sequence_type": "WGS", "collection_date": "2011-01-01T13:00:00-0300", "longitude": -44.283389, "PI_lastname": "Ribeiro de Vasconcelos"}, "library": ["mgl140760", "https://api.mg-rast.org/library/mgl140760"], "pipeline_parameters": {"priority": "never", "bowtie": "no", "prefix_length": "50", "assembled": "no", "filter_ln": "no", "rna_pid": "97", "filter_ambig": "yes", "fgs_type": "454", "filter_ln_mult": "-2.96", "file_type": "fna", "dereplicate": "yes", "max_ambig": "5", "aa_pid": "90", "m5nr_sims_version": "7", "m5rna_sims_version": "7", "m5rna_annotation_version": "1", "screen_indexes": "h_sapiens_asm", "m5nr_annotation_version": "1"}, "sample": ["mgs140758", "https://api.mg-rast.org/sample/mgs140758"], "url": "https://api.mg-rast.org/metagenome/mgm4485219.3?verbosity=full", "id": "mgm4485219.3", "sequence_type": "WGS", "owner": "mgu50028", "pipeline_version": "3.0", "created": "2012-03-03 12:55:17"}