{"pipeline_parameters": {"max_ambig": "5", "m5rna_sims_version": "7", "assembled": "no", "filter_ambig": "yes", "bowtie": "yes", "m5nr_sims_version": "7", "fgs_type": "454", "filter_ln_mult": "2.0", "dereplicate": "yes", "file_type": "fna", "filter_ln": "yes", "rna_pid": "97", "aa_pid": "90", "m5rna_annotation_version": "1", "priority": "never", "prefix_length": "50", "screen_indexes": "h_sapiens", "m5nr_annotation_version": "1"}, "pipeline_version": "3.0", "job_id": 6215, "created": "2010-02-09 05:18:27", "project_alpha_diversity": {"stdv": 122.705695818549, "min": 514.625301430474, "avg": 772.591540211783, "max": 889.874953582374}, "sample": ["mgs73668", "https://api.mg-rast.org/sample/mgs73668"], "name": "Point Turton", "library": ["mgl73670", "https://api.mg-rast.org/library/mgl73670"], "mixs_compliant": 0, "md5_checksum": "8499649648cab2520d09c35cf6410440", "status": "public", "project_metagenomes": ["4440984.3", "4441020.3", "4441021.3", "4441022.3", "4446342.3", "4446341.3", "4446406.3", "4446411.3", "4446412.3"], "version": 1, "mixs": {"material": "sandy sediment", "PI_lastname": "Jeffries", "PI_firstname": "Thomas", "project_name": "Jeffries et al PLoS One", "seq_method": "454", "project_id": "mgp358", "biome": "estuarine biome", "location": "Point Turton", "collection_date": "2010-03-01T10:00:00+0930", "latitude": -34.949, "env_package_type": "sediment", "feature": "marine benthic feature", "longitude": 137.354, "sequence_type": "WGS", "country": "Australia"}, "id": "mgm4446341.3", "sequence_type": "WGS", "project": ["mgp358", "https://api.mg-rast.org/project/mgp358"], "statistics": {}, "url": "https://api.mg-rast.org/metagenome/mgm4446341.3?verbosity=full", "metadata": {"sample": {"data": {"sample_name": "Point Turton", "latitude": -34.949, "collection_timezone": "UTC+9:30", "feature": "marine benthic feature", "material": "sandy sediment", "collection_date": "2010-03-01", "country": "Australia", "biome": "estuarine biome", "collection_time": "10:00:00", "longitude": 137.354, "env_package": "sediment", "location": "Point Turton"}, "id": "mgs73668", "name": "Point Turton "}, "library": {"type": "WGS", "data": {"metagenome_id": "4446341.3", "file_checksum": "8499649648cab2520d09c35cf6410440", "seq_meth": "454", "metagenome_name": "Point Turton", "investigation_type": "metagenome", "sample_name": "Point Turton"}, "id": "mgl73670", "name": "Point Turton"}, "env_package": {"data": {"env_package": "sediment", "sample_name": "Point Turton"}, "type": "sediment", "id": "mge73669", "name": "Point Turton : sediment"}, "project": {"name": "Jeffries et al PLoS One", "public": "Jeffries et al PLoS One", "id": "mgp358", "data": {"PI_lastname": "Jeffries", "PI_firstname": "Thomas", "project_name": "Jeffries et al PLoS One", "PI_organization": "Flinders University", "PI_organization_country": "Australia", "PI_email": "jeffries.thomas@gmail.com", "PI_organization_address": "School Of Biological Sciences Flinders University GPO Boc 2100 SA 5001"}}}, "owner": "mgu349"}