{"mixs": {"project_id": "mgp3997", "project_name": "Sao Paulo Zoo Composting", "longitude": -46, "collection_date": "2011-01-26T10:00:00-0300", "latitude": -23, "PI_firstname": "Aline", "country": "Brazil", "PI_lastname": "da Silva", "location": "Sao Paulo Zoo Park", "feature": "Zoological garden", "sequence_type": "WGS", "material": "compost", "env_package_type": "built environment", "seq_method": "454", "biome": "Subtropical and temperate rainforests or woodlands"}, "name": "Zoo Compost 1 (ZC1)", "project_alpha_diversity": {"max": 599.125790654059, "avg": 506.202734661287, "stdv": 92.923055992772, "min": 413.279678668515}, "pipeline_parameters": {"prefix_length": "50", "screen_indexes": "h_sapiens_asm", "priority": "never", "filter_ambig": "yes", "dereplicate": "yes", "m5nr_sims_version": "7", "aa_pid": "90", "file_type": "fna", "fgs_type": "454", "max_ambig": "5", "filter_ln": "yes", "m5rna_sims_version": "7", "rna_pid": "97", "bowtie": "no", "m5rna_annotation_version": "1", "assembled": "no", "filter_ln_mult": "1.99", "m5nr_annotation_version": "1"}, "created": "2011-12-21 11:58:26", "sequence_type": "WGS", "mixs_compliant": 0, "md5_checksum": "50866c907ea60f4c476bc83d7fbfbe84", "status": "public", "library": ["mgl105496", "https://api.mg-rast.org/library/mgl105496"], "version": 1, "id": "mgm4479361.3", "sample": ["mgs105494", "https://api.mg-rast.org/sample/mgs105494"], "project_metagenomes": ["4479944.3", "4479361.3"], "project": ["mgp3997", "https://api.mg-rast.org/project/mgp3997"], "metadata": {"sample": {"data": {"collection_date": "2011-01-26", "latitude": -23, "feature": "Zoological garden", "longitude": -46, "continent": "south america", "location": "Sao Paulo Zoo Park", "sample_name": "Zoo Compost 1 (ZC1)", "biome": "Subtropical and temperate rainforests or woodlands", "env_package": "built environment", "country": "Brazil", "material": "compost", "collection_time": "10:00:00", "collection_timezone": "UTC-3"}, "name": "Zoo Compost 1 (ZC1)", "id": "mgs105494"}, "project": {"data": {"PI_firstname": "Aline", "project_funding": "FAPESP, CNPq, CAPES", "mgrast_id": "mgp3997", "PI_lastname": "da Silva", "PI_email": "almsilva@iq.usp.br", "project_name": "Sao Paulo Zoo Composting", "PI_organization_url": "http://www2.iq.usp.br/", "PI_organization_country": "Brazil", "PI_organization_address": "Sao Paulo, SP", "PI_organization": "Instituto de Quimica, Universidade de Sao Paulo", "project_description": "Samples collected in a facility inside the Sao Paulo Zoo Park"}, "name": "Sao Paulo Zoo Composting", "public": "Sao Paulo Zoo Composting", "id": "mgp3997"}, "env_package": {"id": "mge105495", "data": {"env_package": "built environment", "sample_name": "Zoo Compost 1 (ZC1)", "misc_param_1": "env_package: built environment"}, "type": "built environment", "name": "Zoo Compost 1 (ZC1): built environment"}, "library": {"id": "mgl105496", "name": "Zoo Compost 1 (ZC1)", "type": "WGS", "data": {"file_checksum": "50866c907ea60f4c476bc83d7fbfbe84", "seq_center": "Center for Advanced Technologies in Genomics, Instituto de Quimica, USP", "metagenome_id": "4479361.3", "seq_meth": "454", "metagenome_name": "Zoo Compost 1 (ZC1)", "seq_url": "www.catg.iq.usp.br/", "file_name": "C4.sff.fasta", "sample_name": "Zoo Compost 1 (ZC1)", "investigation_type": "metagenome"}}}, "owner": "mgu9132", "job_id": 39960, "url": "https://api.mg-rast.org/metagenome/mgm4479361.3?verbosity=full", "pipeline_version": "3.0", "statistics": {}}