{"project": ["mgp715", "https://api.mg-rast.org/project/mgp715"], "status": "public", "sequence_type": "WGS", "version": 1, "statistics": {}, "project_metagenomes": ["4467029.3"], "md5_checksum": "5aace7df70d1bbd29a9923a618bbd382", "project_alpha_diversity": {"stdv": 0, "min": 104.066469197001, "avg": 104.066469197001, "max": 104.066469197001}, "mixs": {"biome": "Large lake biome", "project_id": "mgp715", "location": "Erie Harbor, Lake Erie", "seq_method": "454", "project_name": "Lake Erie Bloom Metagenome", "collection_date": "2009-08-19T00:00:00-0500", "longitude": -8.01444444444444, "PI_lastname": "Wilhelm", "PI_firstname": "Steven", "sequence_type": "WGS", "country": "United States of America", "latitude": 42.1469444444444, "material": "water", "feature": "lake", "env_package_type": "water"}, "pipeline_version": "3.0", "id": "mgm4467029.3", "job_id": 26626, "sample": ["mgs74834", "https://api.mg-rast.org/sample/mgs74834"], "pipeline_parameters": {"bowtie": "no", "filter_ln": "yes", "screen_indexes": "h_sapiens_asm", "aa_pid": "90", "dereplicate": "yes", "rna_pid": "97", "assembled": "no", "file_type": "fna", "m5nr_annotation_version": "1", "filter_ambig": "yes", "m5rna_annotation_version": "1", "priority": "never", "fgs_type": "454", "m5rna_sims_version": "7", "max_ambig": "10", "prefix_length": "50", "filter_ln_mult": "2.00", "m5nr_sims_version": "7"}, "metadata": {"library": {"name": "Erie Bloom Shotgun Metagenome", "type": "WGS", "data": {"seq_meth": "454", "file_checksum": "5aace7df70d1bbd29a9923a618bbd382", "investigation_type": "metagenome", "metagenome_name": "Erie Bloom Shotgun Metagenome", "sample_name": "Erie", "file_name": "erieallreads1.fasta", "metagenome_id": "4467029.3"}, "id": "mgl74836"}, "sample": {"id": "mgs74834", "name": "Erie", "data": {"location": "Erie Harbor, Lake Erie", "collection_time": "00:00:00", "sample_id": "Erie Bloom Shotgun Metagenome", "collection_date": "2009-08-19", "continent": "north america", "longitude": -8.01444444444444, "biome": "Large lake biome", "temperature": 25.8, "feature": "lake", "ph": 8.61, "collection_timezone": "UTC-5", "country": "United States of America", "env_package": "water", "sample_name": "Erie", "material": "water", "latitude": 42.1469444444444, "depth": 0}}, "project": {"public": "Lake Erie Bloom Metagenome", "data": {"PI_organization": "University of Tennessee, Department of Microbiology", "PI_firstname": "Steven", "project_funding": "This work was supported by National Science Foundation grants IOS 0841918 and CBET 0826838 to SWW and a Wallace-Dean Graduate Fellowship through the University of Tennessee to MMS.", "project_name": "Lake Erie Bloom Metagenome", "PI_organization_country": "United States of America", "PI_email": "wilhelm@utk.edu", "PI_organization_address": "M409 WLS University of Tennessee, Knoxville, TN, 37996", "project_description": "454 titanium shotgun sequencing of Microcystis bloom surface scum samples", "PI_lastname": "Wilhelm"}, "name": "Lake Erie Bloom Metagenome", "id": "mgp715"}, "env_package": {"name": "Erie: water", "type": "water", "data": {"env_package": "water", "sample_name": "Erie"}, "id": "mge74835"}}, "created": "2011-06-27 14:52:09", "name": "Erie Bloom Shotgun Metagenome", "owner": "mgu35492", "library": ["mgl74836", "https://api.mg-rast.org/library/mgl74836"], "mixs_compliant": 0, "url": "https://api.mg-rast.org/metagenome/mgm4467029.3?verbosity=full"}