{"project_alpha_diversity": {"min": 154.271793800226, "max": 871.556007565905, "stdv": 233.227285865519, "avg": 462.159589296933}, "project_metagenomes": ["4454704.3", "4454702.3", "4454703.3", "4454701.3", "4454700.3", "4454699.3", "4454697.3", "4454698.3", "4454696.3", "4454694.3", "4454695.3", "4454693.3", "4454692.3", "4454691.3", "4454689.3", "4454688.3", "4454687.3", "4454686.3", "4454506.3", "4454505.3", "4454504.3", "4454503.3", "4454502.3", "4454501.3", "4453382.3", "4453381.3", "4453380.3", "4453379.3", "4453376.3", "4453375.3"], "owner": "mgu9202", "project": ["mgp1929", "https://api.mg-rast.org/project/mgp1929"], "version": 1, "mixs_compliant": 0, "job_id": 14106, "created": "2011-02-06 17:48:11", "md5_checksum": "5d32f2365aebacc5939d6645d2c12dd3", "pipeline_parameters": {"aa_pid": "90", "priority": "never", "m5nr_annotation_version": "1", "filter_ln": "yes", "bowtie": "yes", "dereplicate": "yes", "prefix_length": "50", "m5rna_annotation_version": "1", "filter_ln_mult": "2.0", "m5nr_sims_version": "7", "m5rna_sims_version": "7", "file_type": "fna", "screen_indexes": "h_sapiens", "max_ambig": "5", "fgs_type": "454", "rna_pid": "97", "filter_ambig": "yes", "assembled": "no"}, "statistics": {}, "pipeline_version": "3.0", "metadata": {"sample": {"id": "mgs103898", "name": "AlphaproteobacteriaPt34", "data": {"continent": "south america", "sample_name": "AlphaproteobacteriaPt34", "misc_param": "subsample from BG Site 34-1 and BG Site 34-2", "depth": 1, "longitude": -43.246569, "material": "coastal water", "temperature": 19, "collection_time": "10:30:00", "collection_timezone": "UTC-3", "biome": "estuarine biome", "location": "Rio de Janeiro", "env_package": "water", "collection_date": "2010-02-23", "country": "Brazil", "latitude": -22.830467, "feature": "ocean"}}, "project": {"name": "Guanabara Bay Metagenome", "id": "mgp1929", "data": {"organization_country": "Brazil", "PI_organization_address": "Rio de Janeiro", "project_funding": "CNPq/CAPES/FAPERJ", "mgrast_id": "mgp1929", "lastname": "Gregoracci", "project_description": "Metagenomic snapshots of the Guanabara Bay, Rio de Janeiro, Brazil for the description of the microbial structure in complementation of the ecological survey", "PI_lastname": "Thompson", "PI_email": "fabiano.thompson@biologia.ufrj.br", "PI_firstname": "Fabiano", "PI_organization": "Federal University of Rio de Janeiro (UFRJ)", "organization": "Federal University of Rio de Janeiro (UFRJ)", "organization_address": "Rio de Janeiro", "PI_organization_country": "Brazil", "firstname": "Gustavo", "email": "gustavo_biomed@yahoo.com", "project_name": "Guanabara Bay Metagenome"}, "public": "Guanabara Bay Metagenome"}, "library": {"data": {"sample_name": "AlphaproteobacteriaPt34", "investigation_type": "metagenome", "metagenome_id": "4454503.3", "file_checksum": "5d32f2365aebacc5939d6645d2c12dd3", "seq_meth": "454", "metagenome_name": "AlphaproteobacteriaPt34"}, "name": "AlphaproteobacteriaPt34", "id": "mgl103900", "type": "WGS"}, "env_package": {"type": "water", "id": "mge103899", "name": "AlphaproteobacteriaPt34: water", "data": {"sample_name": "AlphaproteobacteriaPt34", "env_package": "water"}}}, "url": "https://api.mg-rast.org/metagenome/mgm4454503.3?verbosity=full", "id": "mgm4454503.3", "mixs": {"sequence_type": "WGS", "country": "Brazil", "PI_firstname": "Fabiano", "PI_lastname": "Thompson", "latitude": -22.830467, "feature": "ocean", "project_name": "Guanabara Bay Metagenome", "material": "coastal water", "collection_date": "2010-02-23T10:30:00-0300", "location": "Rio de Janeiro", "biome": "estuarine biome", "seq_method": "454", "env_package_type": "water", "project_id": "mgp1929", "longitude": -43.246569}, "name": "AlphaproteobacteriaPt34", "sequence_type": "WGS", "library": ["mgl103900", "https://api.mg-rast.org/library/mgl103900"], "sample": ["mgs103898", "https://api.mg-rast.org/sample/mgs103898"], "status": "public"}