{"owner": "mgu13502", "version": 1, "url": "https://api.mg-rast.org/metagenome/mgm4445737.3?verbosity=full", "mixs_compliant": 1, "mixs": {"location": "California", "env_package_type": "human-associated", "longitude": -117.2, "PI_firstname": null, "latitude": 32.9, "feature": "human-associated habitat", "material": "human-associated habitat", "PI_lastname": null, "collection_date": "2008-06-01T12:00:00Z", "sequence_type": "WGS", "biome": "human-associated habitat", "seq_method": "454", "project_name": "Project for: PhagesSub3Day90", "country": "United States of America", "project_id": "mgp578"}, "pipeline_version": "3.0", "status": "public", "library": ["mgl52128", "https://api.mg-rast.org/library/mgl52128"], "project_metagenomes": ["4445737.3"], "md5_checksum": "b3a06929bcd1e5ea700c7dcafb036acf", "name": "PhagesSub3Day90", "id": "mgm4445737.3", "created": "2009-12-04 02:52:30", "sequence_type": "WGS", "project_alpha_diversity": {"min": 195.287462062231, "stdv": 0, "avg": 195.287462062231, "max": 195.287462062231}, "sample": ["mgs21339", "https://api.mg-rast.org/sample/mgs21339"], "project": ["mgp578", "https://api.mg-rast.org/project/mgp578"], "statistics": {}, "metadata": {"env_package": {"type": "human-associated", "data": {"host_subject_id": "3", "age": "36 ; Year", "sex": "Male", "env_package": "human-associated", "profile_rating_demo 2": "bronze"}, "id": "mge52129", "name": "mge52129"}, "project": {"data": {"administrative-contact_PI_firstname": "David", "project_name": "Saliva Virome", "firstname": "David", "email": "pridedt9@gmail.com", "lastname": "Pride", "project_description": "Analysis of Saliva Virome", "administrative-contact_PI_email": "pridedt9@gmail.com", "administrative-contact_PI_lastname": "Pride"}, "public": "Project for: PhagesSub3Day90", "name": "Project for: PhagesSub3Day90", "id": "mgp578"}, "sample": {"data": {"collection_time": "12:00:00", "isol_growth_condt": "22158393", "collection_timezone": "UTC", "country": "United States of America", "material": "human-associated habitat", "feature": "human-associated habitat", "biome": "human-associated habitat", "collection_date": "2008-06-01", "continent": "north_america", "longitude": -117.2, "env_package": "human-associated", "location": "California", "latitude": 32.9}, "id": "mgs21339", "name": "mgs21339"}, "library": {"name": "mgl52128", "id": "mgl52128", "data": {"file_checksum": "b3a06929bcd1e5ea700c7dcafb036acf", "seq_meth": "454", "metagenome_id": "4445737.3", "investigation_type": "metagenome", "metagenome_name": "PhagesSub3Day90", "pubmed_id": "22158393"}, "type": "WGS"}}, "job_id": 5637, "pipeline_parameters": {"m5rna_sims_version": "7", "assembled": "no", "dereplicate": "yes", "aa_pid": "90", "rna_pid": "97", "m5nr_sims_version": "7", "max_ambig": "5", "bowtie": "yes", "filter_ln_mult": "2.0", "screen_indexes": "h_sapiens", "file_type": "fna", "fgs_type": "454", "filter_ln": "yes", "m5rna_annotation_version": "1", "priority": "never", "m5nr_annotation_version": "1", "prefix_length": "50", "filter_ambig": "yes"}}