{"sequence_type": "WGS", "id": "mgm4480739.3", "pipeline_parameters": {"m5nr_sims_version": "7", "aa_pid": "90", "m5rna_annotation_version": "1", "bowtie": "no", "priority": "never", "file_type": "fna", "prefix_length": "50", "assembled": "no", "fgs_type": "454", "max_ambig": "5", "dereplicate": "yes", "filter_ambig": "yes", "rna_pid": "97", "filter_ln": "yes", "m5nr_annotation_version": "1", "m5rna_sims_version": "7", "filter_ln_mult": "2.00", "screen_indexes": "h_sapiens_asm"}, "md5_checksum": "3663b225d7cf62f6693a4d008d08d05c", "sample": ["mgs411821", "https://api.mg-rast.org/sample/mgs411821"], "metadata": {"project": {"public": "Vitoria-Trindade Seamounts Chain", "data": {"project_funding": "CNPq, CAPES, and FAPERJ", "organization": "Federal University of Rio de Janeiro", "PI_organization_url": "http://www.microbiologia.biologia.ufrj.br", "PI_organization_address": "Lab. de Microbiologia - BIOMAR UFRJ Av. Carlos Chagas Fo., 373 CCS - Bloco A (Anexo), A3 - sl 202 Cidade Universit\u00e1ria RJ - RJ - Brasil 21941-599, Brazil", "organization_country": "Brazil", "lastname": "Meirelles", "PI_lastname": "Thompson", "project_name": "Vitoria-Trindade Seamounts Chain", "project_description": "Data from the paper \"Baseline Assessment of Mesophotic Reefs of the Vit\u00f3ria-Trindade Seamount Chain Based on Water Quality\". If you use it please cite us: Meirelles, P. M., Amado-Filho, G. M., Pereira-Filho, G. H., et al. (2015) PLoS One, 10, e0130084, Baseline Assessment of Mesophotic Reefs of the Vit\u00f3ria-Trindade Seamount Chain Based on Water Quality, Microbial Diversity, Benthic Cover and Fish Biomass Data. Benthic, fish, water chemistry and microbial abundance data are available at: ecogrid://knb/pmeirelles.14.1", "organization_address": "Federal University of Rio de Janeiro", "PI_firstname": "Fabiano", "PI_organization_country": "Brazil", "envo_release": "2013-04-27", "PI_organization": "Federal University of Rio de Janeiro", "PI_email": "fabianothompson1@gmail.com", "email": "fabiano.thompson@biologia.ufrj.br", "firstname": "Pedro"}, "name": "Vitoria-Trindade Seamounts Chain", "id": "mgp16102"}, "sample": {"id": "mgs411821", "name": "VIT_Mount_C", "data": {"collection_timezone": "UTC-03:00", "sample_name": "VIT_Mount_C", "feature": "coral reef", "longitude": -38.071, "env_package": "host-associated", "collection_time": "09:00:00", "sample_id": "4480739.3", "country": "Brazil", "material": "organic material", "location": "Vitoria-Trindade Chain", "biome": "coral reef", "collection_date": "2009-03-18", "latitude": -20.514}}, "env_package": {"data": {"env_package": "host-associated", "sample_name": "VIT_Mount_C"}, "name": "VIT_Mount_C: host-associated", "type": "host-associated", "id": "mge411822"}, "library": {"id": "mgl411823", "type": "WGS", "data": {"metagenome_id": "4480739.3", "seq_meth": "454", "sample_name": "VIT_Mount_C", "file_name": "brazilA23.RL1.fasta", "investigation_type": "metagenome", "file_checksum": "3663b225d7cf62f6693a4d008d08d05c", "metagenome_name": "VIT_Mount_C"}, "name": "VIT_Mount_C"}}, "statistics": {}, "name": "VIT_Mount_C", "mixs": {"PI_firstname": "Fabiano", "latitude": -20.514, "seq_method": "454", "collection_date": "2009-03-18T09:00:00-0300", "env_package_type": "host-associated", "biome": "coral reef", "location": "Vitoria-Trindade Chain", "country": "Brazil", "material": "organic material", "longitude": -38.071, "project_id": "mgp16102", "PI_lastname": "Thompson", "feature": "coral reef", "project_name": "Vitoria-Trindade Seamounts Chain", "sequence_type": "WGS"}, "version": 1, "owner": "mgu9482", "mixs_compliant": 1, "job_id": 41338, "project_metagenomes": ["4480739.3", "4484839.3", "4487909.3", "4487910.3", "4487911.3", "4480740.3", "4480746.3", "4480747.3", "4480748.3", "4480749.3", "4480741.3", "4480742.3", "4480743.3", "4480750.3", "4480751.3", "4487651.3", "4487649.3", "4487650.3", "4487647.3"], "url": "https://api.mg-rast.org/metagenome/mgm4480739.3?verbosity=full", "project": ["mgp16102", "https://api.mg-rast.org/project/mgp16102"], "project_alpha_diversity": {"max": 968.253047581434, "stdv": 233.248394837337, "avg": 418.628891122351, "min": 168.447214621078}, "created": "2012-01-20 02:31:14", "status": "public", "pipeline_version": "3.0", "library": ["mgl411823", "https://api.mg-rast.org/library/mgl411823"]}