{"mixs_compliant": 0, "created": "2010-12-10 13:22:06", "pipeline_parameters": {"m5nr_annotation_version": "1", "file_type": "fna", "bowtie": "yes", "priority": "never", "m5rna_annotation_version": "1", "assembled": "no", "screen_indexes": "h_sapiens", "filter_ln_mult": "2.0", "dereplicate": "yes", "max_ambig": "5", "filter_ln": "yes", "m5nr_sims_version": "7", "filter_ambig": "yes", "m5rna_sims_version": "7", "aa_pid": "90", "fgs_type": "454", "rna_pid": "97", "prefix_length": "50"}, "project_metagenomes": ["4454704.3", "4454702.3", "4454703.3", "4454701.3", "4454700.3", "4454699.3", "4454697.3", "4454698.3", "4454696.3", "4454694.3", "4454695.3", "4454693.3", "4454692.3", "4454691.3", "4454689.3", "4454688.3", "4454687.3", "4454686.3", "4454506.3", "4454505.3", "4454504.3", "4454503.3", "4454502.3", "4454501.3", "4453382.3", "4453381.3", "4453380.3", "4453379.3", "4453376.3", "4453375.3"], "name": "GB Site 7-1", "project": ["mgp1929", "https://api.mg-rast.org/project/mgp1929"], "statistics": {}, "id": "mgm4453379.3", "url": "https://api.mg-rast.org/metagenome/mgm4453379.3?verbosity=full", "job_id": 12986, "version": 1, "status": "public", "library": ["mgl104044", "https://api.mg-rast.org/library/mgl104044"], "project_alpha_diversity": {"stdv": 233.227285865519, "min": 154.271793800226, "avg": 462.159589296933, "max": 871.556007565905}, "mixs": {"project_name": "Guanabara Bay Metagenome", "material": "coastal water", "biome": "estuarine biome", "sequence_type": "WGS", "env_package_type": "water", "feature": "ocean", "latitude": -22.864633, "longitude": -43.160464, "PI_firstname": "Fabiano", "country": "Brazil", "project_id": "mgp1929", "PI_lastname": "Thompson", "location": "Rio de Janeiro", "collection_date": "2010-02-23T09:15:00-0300", "seq_method": "454"}, "sequence_type": "WGS", "metadata": {"env_package": {"name": "GB Site 7-1: water", "type": "water", "data": {"ammonium": "0.31\u00b5M", "nitrate": "0.08\u00b5M", "env_package": "water", "misc_param_1": "env_package: water", "tot_nitro": "69.97\u00b5M", "phosphate": "0.55\u00b5M", "sample_name": "GB Site 7-1", "salinity": "31.32", "tot_phosp": "2.45\u00b5M", "chlorophyll": "23.26\u00b5M", "silicate": "28.20\u00b5M", "nitrite": "0.4\u00b5M"}, "id": "mge104043"}, "sample": {"id": "mgs104042", "data": {"longitude": -43.160464, "latitude": -22.864633, "feature": "ocean", "depth": 1, "country": "Brazil", "temperature": 27, "location": "Rio de Janeiro", "collection_date": "2010-02-23", "sample_name": "GB Site 7-1", "collection_time": "09:15:00", "material": "coastal water", "biome": "estuarine biome", "continent": "south america", "env_package": "water", "collection_timezone": "UTC-3"}, "name": "GB Site 7-1"}, "project": {"data": {"PI_firstname": "Fabiano", "PI_email": "fabiano.thompson@biologia.ufrj.br", "PI_organization": "Federal University of Rio de Janeiro (UFRJ)", "project_description": "Metagenomic snapshots of the Guanabara Bay, Rio de Janeiro, Brazil for the description of the microbial structure in complementation of the ecological survey", "email": "gustavo_biomed@yahoo.com", "firstname": "Gustavo", "PI_lastname": "Thompson", "organization_address": "Rio de Janeiro", "project_name": "Guanabara Bay Metagenome", "PI_organization_country": "Brazil", "project_funding": "CNPq/CAPES/FAPERJ", "mgrast_id": "mgp1929", "lastname": "Gregoracci", "organization": "Federal University of Rio de Janeiro (UFRJ)", "PI_organization_address": "Rio de Janeiro", "organization_country": "Brazil"}, "id": "mgp1929", "name": "Guanabara Bay Metagenome", "public": "Guanabara Bay Metagenome"}, "library": {"id": "mgl104044", "type": "WGS", "data": {"metagenome_id": "4453379.3", "seq_meth": "454", "file_checksum": "e973359db7fc00da5c71f19867b08f47", "sample_name": "GB Site 7-1", "seq_center": "LNCC", "investigation_type": "metagenome", "metagenome_name": "GB Site 7-1", "seq_url": "http://www.labinfo.lncc.br/"}, "name": "GB Site 7-1"}}, "md5_checksum": "e973359db7fc00da5c71f19867b08f47", "sample": ["mgs104042", "https://api.mg-rast.org/sample/mgs104042"], "owner": "mgu9202", "pipeline_version": "3.0"}