{"status": "public", "mixs_compliant": 0, "project_metagenomes": ["4477751.3", "4477749.3", "4477755.3", "4477757.3", "4478037.3", "4478030.3", "4477790.3", "4477789.3", "4478936.3", "4478934.3", "4478294.3", "4478292.3", "4478291.3", "4478290.3", "4478283.3", "4478222.3", "4478038.3", "4479311.3", "4478943.3", "4478941.3", "4478940.3", "4478939.3", "4478938.3", "4478937.3"], "created": "2011-12-20 10:26:02", "pipeline_parameters": {"fgs_type": "454", "prefix_length": "50", "m5nr_annotation_version": "1", "aa_pid": "90", "filter_ln_mult": "1.98", "bowtie": "no", "filter_ambig": "yes", "dereplicate": "yes", "filter_ln": "yes", "m5rna_annotation_version": "1", "screen_indexes": "h_sapiens_asm", "priority": "never", "file_type": "fna", "assembled": "no", "rna_pid": "97", "m5rna_sims_version": "7", "m5nr_sims_version": "7", "max_ambig": "5"}, "metadata": {"env_package": {"type": "soil", "data": {"env_package": "soil", "sample_name": "21LM"}, "id": "mge159797", "name": "21LM: soil"}, "project": {"public": "Soybean Rhizosphere from Amazon Soils", "id": "mgp7774", "name": "Soybean Rhizosphere from Amazon Soils", "data": {"project_description": "The selection of the rhizospheric microbial community from the bulk soil reservoir under agricultural management of soybean in Amazon forest soils. [Reference: Mendes LW, Kuramae EE, Navarrete AA, van VEEN JA, Tsai SM. (2014). Taxonomical and functional microbial community selection in soybean rhizosphere. The ISME Journal 8:1577-1587, 2014]", "envo_release": "2013-04-27", "PI_organization_country": "Brazil", "project_funding": "FAPESP", "email": "lucaswmendes@gmail.com", "lastname": "Mendes", "PI_organization": "Center for Nuclear Energy in Agriculture CENA-USP", "mgrast_id": "mgp7774", "PI_lastname": "Mendes", "organization": "Center for Nuclear Energy in Agriculture CENA-USP", "PI_email": "lucaswmendes@gmail.com", "firstname": "Lucas William", "organization_url": "www.cena.usp.br", "organization_address": "Avenida Centenario 303", "project_name": "Soybean Rhizosphere from Amazon Soils", "PI_organization_url": "www.cena.usp.br", "organization_country": "Brazil", "PI_organization_address": "Avenida Centen\u00e1rio 303, CEP 13400-970 Piracicaba-SP", "PI_firstname": "Lucas William"}}, "sample": {"data": {"biome": "Tropical and subtropical moist broadleaf forest biome", "longitude": -56.2533385, "location": "Amazonia", "collection_time": "12:00:00", "env_package": "soil", "material": "rhizosphere", "sample_name": "21LM", "feature": "agricultural soil", "country": "Brazil", "latitude": -11.7412664, "collection_timezone": "UTC-24", "collection_date": "2010-11-02"}, "id": "mgs159796", "name": "21LM"}, "library": {"data": {"investigation_type": "metagenome", "metagenome_id": "4479311.3", "seq_meth": "454", "file_name": "2011_12_15_EikoKuramae_21_LM_SFF.sff.fasta", "file_checksum": "cbbdb3b6e52b76b360bd82038832f863", "metagenome_name": "21LM", "sample_name": "21LM"}, "type": "WGS", "name": "21LM", "id": "mgl159798"}}, "md5_checksum": "cbbdb3b6e52b76b360bd82038832f863", "mixs": {"PI_firstname": "Lucas William", "sequence_type": "WGS", "project_name": "Soybean Rhizosphere from Amazon Soils", "biome": "Tropical and subtropical moist broadleaf forest biome", "longitude": -56.2533385, "collection_date": "2010-11-02T12:00:00ERROR tz_hour > 12 in (24)", "PI_lastname": "Mendes", "country": "Brazil", "seq_method": "454", "env_package_type": "soil", "project_id": "mgp7774", "material": "rhizosphere", "feature": "agricultural soil", "location": "Amazonia", "latitude": -11.7412664}, "library": ["mgl159798", "https://api.mg-rast.org/library/mgl159798"], "job_id": 39910, "project_alpha_diversity": {"min": 539.324720307438, "max": 693.056468271845, "avg": 641.752377404847, "stdv": 35.0016630073723}, "name": "21LM", "sample": ["mgs159796", "https://api.mg-rast.org/sample/mgs159796"], "sequence_type": "WGS", "version": 1, "url": "https://api.mg-rast.org/metagenome/mgm4479311.3?verbosity=full", "statistics": {}, "id": "mgm4479311.3", "owner": "mgu50120", "project": ["mgp7774", "https://api.mg-rast.org/project/mgp7774"], "pipeline_version": "3.0"}