{"created": "2011-11-24 17:51:09", "pipeline_parameters": {"assembled": "no", "m5nr_annotation_version": "1", "min_qual": "15", "dereplicate": "yes", "prefix_length": "50", "m5rna_sims_version": "1", "aa_pid": "90", "fgs_type": "454", "m5rna_annotation_version": "1", "max_lqb": "5", "file_type": "fastq", "screen_indexes": "h_sapiens_asm", "priority": "never", "m5nr_sims_version": "7", "bowtie": "no", "dynamic_trim": "no", "rna_pid": "97"}, "md5_checksum": "4a23e3e1c6e90fe27d37157732079763", "pipeline_version": "3.0", "name": "PE6_r1", "statistics": {}, "project_metagenomes": ["4477904.3", "4477903.3", "4477902.3", "4477901.3", "4477900.3", "4477899.3", "4477877.3", "4477876.3", "4477875.3", "4477874.3", "4477873.3", "4477872.3", "4477807.3", "4477805.3", "4477804.3", "4477803.3"], "mixs": {"env_package_type": "soil", "project_name": "cross-site soil metagen", "sequence_type": "WGS", "location": "Manu National Park, Peru", "biome": "Tropical and subtropical moist broadleaf forest biome", "collection_date": "2010-01-10T12:00:00-0700", "PI_firstname": "Noah", "PI_lastname": "Fierer", "longitude": -71.233, "country": "USA", "project_id": "mgp2997", "feature": "slope", "seq_method": "illumina", "latitude": -12.633, "material": "bulk soil"}, "sequence_type": "WGS", "mixs_compliant": 0, "project_alpha_diversity": {"avg": 867.144394137914, "min": 672.396823416176, "stdv": 84.9436421028179, "max": 1104.69554506166}, "library": ["mgl92808", "https://api.mg-rast.org/library/mgl92808"], "sample": ["mgs92806", "https://api.mg-rast.org/sample/mgs92806"], "owner": "mgu29672", "project": ["mgp2997", "https://api.mg-rast.org/project/mgp2997"], "job_id": 37404, "id": "mgm4477807.3", "metadata": {"project": {"public": "cross-site soil metagen", "id": "mgp2997", "data": {"PI_organization_country": "USA", "PI_lastname": "Fierer", "PI_email": "noah.fierer@colorado.edu", "PI_firstname": "Noah", "mgrast_id": "mgp2997", "project_name": "cross-site soil metagen", "PI_organization_address": "CIRES, UCB 216 Boulder CO 80309", "PI_organization": "University of Colorado"}, "name": "cross-site soil metagen"}, "sample": {"name": "PE6", "id": "mgs92806", "data": {"country": "USA", "feature": "slope", "latitude": -12.633, "material": "bulk soil", "longitude": -71.233, "collection_time": "12:00:00", "biome": "Tropical and subtropical moist broadleaf forest biome", "location": "Manu National Park, Peru", "collection_date": "2010-01-10", "env_package": "soil", "collection_timezone": "UTC-7", "sample_name": "PE6"}}, "env_package": {"data": {"env_package": "soil", "sample_name": "PE6_r1"}, "id": "mge92807", "name": "PE6_r1: soil", "type": "soil"}, "library": {"type": "WGS", "data": {"file_checksum": "4a23e3e1c6e90fe27d37157732079763", "metagenome_id": "4477807.3", "file_name": "Noah13_110721_HWI-EAS137R_0379_s_5_1_sequence.fastq.fasta", "investigation_type": "metagenome", "metagenome_name": "PE6_r1", "sample_name": "PE6_r1", "seq_meth": "illumina"}, "id": "mgl92808", "name": "PE6_r1"}}, "url": "https://api.mg-rast.org/metagenome/mgm4477807.3?verbosity=full", "version": 1, "status": "public"}