{"metadata": {"project": {"public": "Metagenomics of Ethanol-induced dysbiosis in a mouse model of liver disease", "name": "Metagenomics of Ethanol-induced dysbiosis in a mouse model of liver disease", "data": {"lastname": "Fouts", "PI_organization_address": "Division of Gastroenterology; 9500 Gilman Drive; La Jolla, CA 92093", "misc_param": "PMID:  25239591", "PI_lastname": "Schnabl", "organization_country": "USA", "firstname": "Derrick", "organization": "J. Craig Venter Institute", "PI_organization": "University of California San Diego", "email": "dfouts@jcvi.org", "project_description": "Metaganomic analysis of the cecal microbiome in a mouse model of alcoholic liver disease.  This project explores the composition of the mouse gut microbiome.  Samples consisted of assemblies of Illumina sequence reads from 2 DNA pools (ethanol and control) from 3 mice each.  Three were fed a diet supplemented with ethanol and three were supplemented with dextrose to make a diet isocaloric with the ethanol treated group.", "project_name": "Metagenomics of Ethanol-induced dysbiosis in a mouse model of liver disease", "organization_address": "9704 Medical Center Drive, Rockville, MD  20850", "ncbi_id": "PRJNA89097", "PI_organization_country": "USA", "PI_organization_url": "http://gastro.ucsd.edu/", "PI_email": "beschnabl@ucsd.edu", "envo_release": "2015-02-13", "project_funding": "NIH - National Institutes of Health", "organization_url": "http://www.jcvi.org/", "PI_firstname": "Bernd"}, "id": "mgp13418"}, "sample": {"data": {"biome": "terrestrial biome", "env_package": "host-associated", "collection_timezone": "UTC-8", "latitude": 34.061183, "location": "Division of Gastroenterology; 9500 Gilman Drive; La Jolla, CA 92093", "sample_name": "Sample2", "material": "feces", "country": "USA", "collection_time": "09:00:00", "feature": "carcass", "collection_date": "2009-07-21", "longitude": -118.205571}, "id": "mgs296828", "name": "Sample2"}, "library": {"type": "WGS", "id": "mgl296830", "data": {"sample_name": "Sample2", "metagenome_id": "4477971.3", "investigation_type": "metagenome", "pubmed_id": "25239591", "seq_meth": "illumina", "file_name": "CONTROL_dna.fasta", "seq_model": "HiSeq", "seq_make": "Illumina", "file_checksum": "1faa04d634990a83e703bcc9dfab2290", "seq_url": "http://www.jcvi.org", "assembly": "CLC Assembly Cell version 3.22.55708", "seq_center": "J. Craig Venter Institute", "metagenome_name": "isocaloric_control"}, "name": "isocaloric_control"}, "env_package": {"name": "Sample2: host-associated", "type": "host-associated", "data": {"diet": "regular chow with a dextrose-based isocaloric diet", "host_color": "black", "sex": "male", "host_growth_cond": "PMID: 21254165", "samp_store_temp": "-80", "family_relationship": "littermates", "host_subject_id": "775_777_779", "host_taxid": "10090", "phenotype": "healthy control", "perturbation": "dextrose control", "body_site": "cecum", "host_common_name": "house mouse", "genotype": "C57BL/6J", "age": "11 weeks", "body_product": "stool", "env_package": "host-associated", "sample_name": "Sample2", "disease_stat": "healthy", "body_habitat": "digestive system", "profile_rating_demo 2": "silver"}, "id": "mge296829"}}, "id": "mgm4477971.3", "project": ["mgp13418", "https://api.mg-rast.org/project/mgp13418"], "sample": ["mgs296828", "https://api.mg-rast.org/sample/mgs296828"], "pipeline_parameters": {"dereplicate": "no", "screen_indexes": "h_sapiens_asm", "filter_ambig": "no", "m5nr_sims_version": "7", "m5rna_sims_version": "1", "m5rna_annotation_version": "1", "assembled": "no", "rna_pid": "97", "priority": "never", "bowtie": "no", "m5nr_annotation_version": "1", "file_type": "fna", "fgs_type": "454", "prefix_length": "50", "aa_pid": "90", "filter_ln": "no", "max_ambig": "5", "filter_ln_mult": "-0.32"}, "name": "isocaloric_control", "mixs": {"PI_lastname": "Schnabl", "sequence_type": "WGS", "material": "feces", "country": "USA", "latitude": 34.061183, "location": "Division of Gastroenterology; 9500 Gilman Drive; La Jolla, CA 92093", "env_package_type": "host-associated", "project_id": "mgp13418", "collection_date": "2009-07-21T09:00:00-0800", "project_name": "Metagenomics of Ethanol-induced dysbiosis in a mouse model of liver disease", "biome": "terrestrial biome", "seq_method": "illumina", "feature": "carcass", "PI_firstname": "Bernd", "longitude": -118.205571}, "library": ["mgl296830", "https://api.mg-rast.org/library/mgl296830"], "mixs_compliant": 1, "created": "2011-12-01 21:06:29", "job_id": 37572, "project_metagenomes": ["4477971.3", "4477970.3"], "sequence_type": "WGS", "url": "https://api.mg-rast.org/metagenome/mgm4477971.3?verbosity=full", "owner": "mgu49236", "project_alpha_diversity": {"min": 418.915790798138, "stdv": 0.0768463396025112, "max": 419.069483477343, "avg": 418.992637137741}, "status": "public", "md5_checksum": "1faa04d634990a83e703bcc9dfab2290", "statistics": {}, "pipeline_version": "3.0", "version": 1}