{"mixs_compliant": 0, "name": "CoralVostok10Mic20090401_NP", "created": "2011-06-23 19:51:20", "pipeline_parameters": {"screen_indexes": "h_sapiens_asm", "m5rna_sims_version": "7", "filter_ln": "no", "dereplicate": "no", "priority": "never", "bowtie": "no", "file_type": "fna", "filter_ln_mult": "-3.15", "rna_pid": "97", "m5nr_annotation_version": "1", "max_ambig": "5", "filter_ambig": "no", "assembled": "no", "fgs_type": "454", "m5nr_sims_version": "7", "prefix_length": "50", "aa_pid": "90", "m5rna_annotation_version": "1"}, "sample": ["mgs192791", "https://api.mg-rast.org/sample/mgs192791"], "md5_checksum": "0a3e44499163391fdd33ef193e7d0ed0", "version": 1, "metadata": {"env_package": {"id": "mge192792", "name": "CoralVostok10Mic20090401_NP: water", "data": {"sample_name": "CoralVostok10Mic20090401_NP", "env_package": "water"}, "type": "water"}, "project": {"id": "mgp9220", "name": "Pacific Reef Microbiomes", "data": {"PI_firstname": "Forest", "project_name": "Pacific Reef Microbiomes", "project_description": "Metagenomes from the Line Islands", "organization_country": "USA", "PI_lastname": "Rohwer", "organization_url": "coralandphage.org", "PI_organization_country": "USA", "PI_email": "forest@sunstroke.sdsu.edu", "firstname": "Linda", "PI_organization": "San Diego State University", "organization": "San Diego State University", "PI_organization_url": "coralandphage.org", "email": "lwegley@gmail.com", "PI_organization_address": "LS301 Biology Department, San Diego State University, 5500 Campanile Drive, San Diego, CA 92182", "project_funding": "NSF", "organization_address": "LS301 Biology Department, San Diego State University, 5500 Campanile Drive, San Diego, CA 92182", "lastname": "Kelly"}, "public": "Pacific Reef Microbiomes"}, "sample": {"id": "mgs192791", "name": "CoralVostok10Mic20090401_NP", "data": {"material": "water", "location": "Pacific Ocean", "latitude": -10.05835, "collection_date": "2009-04-01", "sample_id": "4466844.3", "collection_timezone": "UTC-10", "env_package": "water", "country": "Kiribati", "feature": "coral reef", "sample_name": "CoralVostok10Mic20090401_NP", "collection_time": "10:00:00", "longitude": -152.30954, "biome": "coral reef", "depth": 30}}, "library": {"id": "mgl192793", "name": "CoralVostok10Mic20090401_NP", "data": {"seq_center": "SDSU", "sample_name": "CoralVostok10Mic20090401_NP", "file_checksum": "0a3e44499163391fdd33ef193e7d0ed0", "investigation_type": "metagenome", "metagenome_id": "4466844.3", "file_name": "CoralVostok10Mic20090401_NPFinal.fasta", "seq_meth": "454", "seq_quality_check": "Prinseq", "metagenome_name": "CoralVostok10Mic20090401_NP", "seq_chem": "Titanium"}, "type": "WGS"}}, "library": ["mgl192793", "https://api.mg-rast.org/library/mgl192793"], "sequence_type": "WGS", "job_id": 26441, "status": "public", "url": "https://api.mg-rast.org/metagenome/mgm4466844.3?verbosity=full", "owner": "mgu333", "mixs": {"location": "Pacific Ocean", "material": "water", "latitude": -10.05835, "collection_date": "2009-04-01T10:00:00-1000", "project_id": "mgp9220", "env_package_type": "water", "PI_firstname": "Forest", "sequence_type": "WGS", "feature": "coral reef", "country": "Kiribati", "project_name": "Pacific Reef Microbiomes", "seq_method": "454", "PI_lastname": "Rohwer", "biome": "coral reef", "longitude": -152.30954}, "project_metagenomes": ["4466846.3", "4466845.3", "4466844.3", "4466835.3", "4466825.3", "4466820.3", "4466814.3", "4466812.3", "4466810.3", "4466809.3", "4466745.3", "4466741.3", "4466739.3", "4466738.3", "4466737.3", "4466736.3", "4466599.3", "4466597.3", "4466596.3", "4466592.3", "4466582.3", "4466309.3"], "project_alpha_diversity": {"max": 739.242402937356, "avg": 453.581479636971, "min": 256.005423264818, "stdv": 120.439104940246}, "statistics": {}, "id": "mgm4466844.3", "pipeline_version": "3.0", "project": ["mgp9220", "https://api.mg-rast.org/project/mgp9220"]}