{"metadata": {"project": {"public": "Soybean Rhizosphere from Amazon Soils", "data": {"envo_release": "2013-04-27", "organization_country": "Brazil", "PI_organization_url": "www.cena.usp.br", "mgrast_id": "mgp7774", "PI_firstname": "Lucas William", "email": "lucaswmendes@gmail.com", "PI_organization_country": "Brazil", "project_description": "The selection of the rhizospheric microbial community from the bulk soil reservoir under agricultural management of soybean in Amazon forest soils. [Reference: Mendes LW, Kuramae EE, Navarrete AA, van VEEN JA, Tsai SM. (2014). Taxonomical and functional microbial community selection in soybean rhizosphere. The ISME Journal 8:1577-1587, 2014]", "organization_address": "Avenida Centenario 303", "PI_organization": "Center for Nuclear Energy in Agriculture CENA-USP", "PI_lastname": "Mendes", "organization": "Center for Nuclear Energy in Agriculture CENA-USP", "organization_url": "www.cena.usp.br", "PI_email": "lucaswmendes@gmail.com", "PI_organization_address": "Avenida Centen\u00e1rio 303, CEP 13400-970 Piracicaba-SP", "project_name": "Soybean Rhizosphere from Amazon Soils", "firstname": "Lucas William", "project_funding": "FAPESP", "lastname": "Mendes"}, "id": "mgp7774", "name": "Soybean Rhizosphere from Amazon Soils"}, "sample": {"data": {"env_package": "soil", "collection_time": "11:50:00", "location": "Amazonia", "country": "Brazil", "collection_timezone": "UTC-17", "longitude": -55.8357663, "feature": "agricultural soil", "biome": "Tropical and subtropical moist broadleaf forest biome", "sample_name": "14LM", "latitude": -11.6832502, "collection_date": "2010-11-01", "material": "rhizosphere"}, "name": "14LM", "id": "mgs159775"}, "library": {"type": "WGS", "data": {"file_name": "2011_12_01_EikoKuramae_14_SFF.sff.fasta", "file_checksum": "1e54eb7feb88d18d598c549072555cfb", "metagenome_name": "14LM", "sample_name": "14LM", "metagenome_id": "4478292.3", "investigation_type": "metagenome", "seq_meth": "454"}, "name": "14LM", "id": "mgl159777"}, "env_package": {"id": "mge159776", "name": "14LM: soil", "data": {"env_package": "soil", "sample_name": "14LM"}, "type": "soil"}}, "id": "mgm4478292.3", "project_alpha_diversity": {"stdv": 35.0016630073723, "avg": 641.752377404847, "min": 539.324720307438, "max": 693.056468271845}, "library": ["mgl159777", "https://api.mg-rast.org/library/mgl159777"], "sample": ["mgs159775", "https://api.mg-rast.org/sample/mgs159775"], "project_metagenomes": ["4477751.3", "4477749.3", "4477755.3", "4477757.3", "4478037.3", "4478030.3", "4477790.3", "4477789.3", "4478936.3", "4478934.3", "4478294.3", "4478292.3", "4478291.3", "4478290.3", "4478283.3", "4478222.3", "4478038.3", "4479311.3", "4478943.3", "4478941.3", "4478940.3", "4478939.3", "4478938.3", "4478937.3"], "owner": "mgu50120", "mixs_compliant": 0, "sequence_type": "WGS", "created": "2011-12-07 13:17:33", "url": "https://api.mg-rast.org/metagenome/mgm4478292.3?verbosity=full", "version": 1, "pipeline_parameters": {"m5rna_annotation_version": "1", "bowtie": "no", "fgs_type": "454", "filter_ln_mult": "1.98", "max_ambig": "5", "m5nr_sims_version": "7", "assembled": "no", "m5rna_sims_version": "1", "file_type": "fna", "rna_pid": "97", "screen_indexes": "h_sapiens_asm", "filter_ln": "yes", "dereplicate": "yes", "m5nr_annotation_version": "1", "prefix_length": "50", "filter_ambig": "yes", "aa_pid": "90", "priority": "never"}, "name": "14LM", "status": "public", "statistics": {}, "pipeline_version": "3.0", "md5_checksum": "1e54eb7feb88d18d598c549072555cfb", "project": ["mgp7774", "https://api.mg-rast.org/project/mgp7774"], "mixs": {"project_name": "Soybean Rhizosphere from Amazon Soils", "project_id": "mgp7774", "latitude": -11.6832502, "PI_lastname": "Mendes", "seq_method": "454", "country": "Brazil", "sequence_type": "WGS", "env_package_type": "soil", "longitude": -55.8357663, "feature": "agricultural soil", "location": "Amazonia", "PI_firstname": "Lucas William", "collection_date": "2010-11-01T11:50:00ERROR tz_hour > 12 in (17)", "material": "rhizosphere", "biome": "Tropical and subtropical moist broadleaf forest biome"}, "job_id": 38051}