{"job_id": 39463, "owner": "mgu1438", "status": "public", "version": 1, "url": "https://api.mg-rast.org/metagenome/mgm4479002.3?verbosity=full", "sample": ["mgs153014", "https://api.mg-rast.org/sample/mgs153014"], "library": ["mgl153016", "https://api.mg-rast.org/library/mgl153016"], "project": ["mgp7309", "https://api.mg-rast.org/project/mgp7309"], "created": "2011-12-16 17:16:32", "metadata": {"sample": {"name": "4479002.3", "id": "mgs153014", "data": {"collection_date": "2010-06-29", "sample_name": "4479002.3", "country": "USA", "feature": "shoreline", "biome": "marine biome", "location": "Elmer's Beach", "material": "sand", "latitude": 29.1782853, "env_package": "sediment", "continent": "north america", "collection_timezone": "UTC-6", "sample_id": "RL03", "longitude": -90.0684072, "collection_time": "12:00:00"}}, "env_package": {"id": "mge153015", "data": {"sample_name": "4479002.3", "env_package": "sediment"}, "name": "4479002.3: sediment", "type": "sediment"}, "library": {"name": "RL03", "type": "WGS", "id": "mgl153016", "data": {"sample_name": "4479002.3", "seq_meth": "illumina", "metagenome_name": "RL03", "file_name": "CAT0301_assemble.fasta", "investigation_type": "metagenome", "file_checksum": "52907390955a9367582d9fd9f2a46528", "metagenome_id": "4479002.3"}}, "project": {"public": "Elmer's Beach Metatrancriptomes", "name": "Elmer's Beach Metatrancriptomes", "data": {"project_name": "Elmer's Beach Metatrancriptomes", "PI_organization_country": "USA", "PI_lastname": "Lamendella", "PI_organization_address": "1700 Moore St Huntingdon Pa 16652", "email": "lamendella@juniata.ed", "PI_email": "lamendella@juniata.ed", "PI_firstname": "Regina", "PI_organization": "Juniata College", "project_description": "Metatranscriptomes from sand microbial communities contaminated by oil during the Deepwater Horizon spill", "lastname": "Lamendella", "firstname": "Regina", "organization": "Juniata College"}, "id": "mgp7309"}}, "project_metagenomes": ["4479002.3", "4479001.3", "4479000.3", "4549977.3", "4550818.3", "4550819.3"], "mixs": {"seq_method": "illumina", "env_package_type": "sediment", "biome": "marine biome", "country": "USA", "feature": "shoreline", "material": "sand", "latitude": 29.1782853, "location": "Elmer's Beach", "collection_date": "2010-06-29T12:00:00-0600", "sequence_type": "WGS", "project_name": "Elmer's Beach Metatrancriptomes", "PI_lastname": "Lamendella", "project_id": "mgp7309", "longitude": -90.0684072, "PI_firstname": "Regina"}, "md5_checksum": "52907390955a9367582d9fd9f2a46528", "pipeline_version": "3.0", "id": "mgm4479002.3", "sequence_type": "WGS", "name": "RL03", "pipeline_parameters": {"assembled": "no", "filter_ambig": "yes", "filter_ln_mult": "1.99", "dereplicate": "yes", "m5nr_sims_version": "7", "m5rna_annotation_version": "1", "file_type": "fna", "prefix_length": "50", "priority": "never", "rna_pid": "97", "fgs_type": "454", "max_ambig": "5", "aa_pid": "90", "filter_ln": "yes", "screen_indexes": "h_sapiens_asm", "bowtie": "no", "m5rna_sims_version": "7", "m5nr_annotation_version": "1"}, "project_alpha_diversity": {"min": 202.146776640014, "max": 1077.70998499075, "stdv": 283.663662404909, "avg": 556.270540034524}, "statistics": {}, "mixs_compliant": 0}