{"status": "public", "job_id": 263, "statistics": {}, "md5_checksum": "48c2b94cc2e847e65f5ba766a60a1cf7", "metadata": {"library": {"data": {"seq_meth": "454", "sequences_sequences_combined_libraries": "Sequences are from combined libraries", "file_checksum": "48c2b94cc2e847e65f5ba766a60a1cf7", "pubmed_id": "19397678, 18337718", "investigation_type": "metagenome", "metagenome_id": "4440375.3", "metagenome_name": "TempPorCompHawVir200602", "sequences_sequences_filtered": "Removed redundant contigs", "sequences_sequences_assembled": "Assembled contigs", "seq_center": "454 Life Sciences, Inc, Branford, CT", "gold_id": "Gm00087,  Gm00193"}, "name": "mgl54838", "id": "mgl54838", "type": "WGS"}, "env_package": {"id": "mge54839", "name": "mge54839", "data": {"host_subject_id": "TempPorCompHawVir200602", "host_growth_cond": "corals were placed directly into an aquarium containing 5 l of 30\u00c2\u00b0C seawater", "samp_store_temp": "-20", "body_habitat": "25 m offshore", "host_common_name": "Coral", "_temp": "30", "height_or_length": "20 cm in diameter", "body_site": "Nubbins", "disease_stat": "healthy", "env_package": "host-associated", "host_taxid": "46720"}, "type": "host-associated"}, "project": {"data": {"project_description": "The coral holobiont is the community of metazoans, protists and microbes associated with scleractinian corals. Disruptions in these associations have been correlated with coral disease, but little is known about the series of events involved in the shift from mutualism to pathogenesis. To evaluate structural and functional changes in coral microbial communities, Porites compressa was exposed to four stressors: increased temperature, elevated nutrients, dissolved organic carbon loading and reduced pH. Microbial metagenomic samples were collected and pyrosequenced. Functional gene analysis demonstrated that stressors increased the abundance of microbial genes involved in virulence, stress resistance, sulfur and nitrogen metabolism, motility and chemotaxis, fatty acid and lipid utilization, and secondary metabolism. Relative changes in taxonomy also demonstrated that coral-associated microbiota (Archaea, Bacteria, protists) shifted from a healthy-associated coral community (e.g. Cyanobacteria, Proteobacteria and the zooxanthellae Symbiodinium) to a community (e.g. Bacteriodetes, Fusobacteria and Fungi) of microbes often found on diseased corals. Additionally, low-abundance Vibrio spp. were found to significantly alter microbiome metabolism, suggesting that the contribution of a just a few members of a community can profoundly shift the health status of the coral holobiont.", "PI_organization": "San Diego State University", "PI_lastname": "Vega  Thurber", "PI_organization_url": "http://www.sci.sdsu.edu/cos/index.php", "PI_organization_country": "USA", "project_name": "Stressed Coral Holobionts", "ncbi_id": "28595, 28433", "PI_organization_address": "San Diego, CA", "project_funding": "NSF, the Gordon and Betty Moore Foundation", "PI_email": "rvega@mail.sdsu.edu", "PI_firstname": "Rebecca"}, "name": "Stressed Coral Holobionts", "public": "Stressed Coral Holobionts", "id": "mgp16"}, "sample": {"name": "mgs27776", "id": "mgs27776", "data": {"isol_growth_condt": "19397678", "location": "Hawaii Institute of Marine Biology", "samp_collect_device": "Coral specimens were collected at the Hawaii Institute of Marine Biology (HIMB) on 22 February 2006. All P. compressa samples were collected 25 m offshore at 1 m depth and 5 m apart. Ambient sea surface water temperature was 24\u00c2\u00b0C. Three apparently healthy coral heads of approximately 20 cm in diameter were removed with hammer and chisel at the base of the colony to avoid polyp damage. Specimens were placed in a 3 l seawater-cured bucket, carried to shore, and immediately transferred to open outdoor aquaria that contained continuous flowing seawater.", "continent": "north_america", "material": "animal-associated habitat", "collection_timezone": "UTC", "ph": 8.1, "feature": "animal-associated habitat", "samp_size": "3 coral heads", "latitude": 21.434, "temperature": 30, "env_package": "host-associated", "country": "United States of America", "biome": "animal-associated habitat", "collection_date": "2006-02-22", "samp_mat_process": "DNA extraction", "geodetic_system": "wgs_84", "longitude": -157.7878}}}, "mixs_compliant": 1, "project_metagenomes": ["4440373.3", "4440375.3", "4440379.3", "4440371.3", "4440381.3", "4440377.3", "4440380.3", "4440376.3", "4440378.3", "4440374.3", "4440372.3", "4440370.3", "4440319.3"], "pipeline_parameters": {"max_ambig": "5", "aa_pid": "90", "rna_pid": "97", "assembled": "no", "m5rna_sims_version": "7", "file_type": "fna", "m5nr_annotation_version": "1", "priority": "never", "screen_indexes": "h_sapiens", "dereplicate": "yes", "fgs_type": "454", "bowtie": "yes", "filter_ln": "yes", "prefix_length": "50", "filter_ln_mult": "2.0", "filter_ambig": "yes", "m5rna_annotation_version": "1", "m5nr_sims_version": "7"}, "created": "2007-12-15 05:14:33", "owner": "mgu342", "mixs": {"project_name": "Stressed Coral Holobionts", "sequence_type": "WGS", "biome": "animal-associated habitat", "collection_date": "2006-02-22", "PI_firstname": "Rebecca", "longitude": -157.7878, "project_id": "mgp16", "material": "animal-associated habitat", "location": "Hawaii Institute of Marine Biology", "seq_method": "454", "PI_lastname": "Vega  Thurber", "env_package_type": "host-associated", "country": "United States of America", "feature": "animal-associated habitat", "latitude": 21.434}, "sequence_type": "WGS", "version": 1, "pipeline_version": "3.0", "sample": ["mgs27776", "https://api.mg-rast.org/sample/mgs27776"], "name": "TempPorCompHawVir200602", "id": "mgm4440375.3", "project_alpha_diversity": {"max": 640.366857523245, "avg": 344.076724334809, "min": 138.940406910059, "stdv": 134.717305474331}, "library": ["mgl54838", "https://api.mg-rast.org/library/mgl54838"], "project": ["mgp16", "https://api.mg-rast.org/project/mgp16"], "url": "https://api.mg-rast.org/metagenome/mgm4440375.3?verbosity=full"}