{"sample": ["mgs17911", "https://api.mg-rast.org/sample/mgs17911"], "project_metagenomes": ["4444130.3", "4476304.3", "4452795.3", "4448367.3", "4449917.3"], "owner": "mgu1470", "mixs_compliant": 1, "mixs": {"biome": "animal-associated habitat", "env_package_type": "host-associated", "project_name": "animal-1", "longitude": 98, "latitude": 40, "PI_firstname": null, "feature": "animal-associated habitat", "project_id": "mgp411", "collection_date": "2006-10-03T10:00:00-0600", "location": "Clay Center, Nebraska", "PI_lastname": null, "sequence_type": "WGS", "material": "animal-associated habitat", "country": "United States of America", "seq_method": "454"}, "name": "Cattle fecal pool", "library": ["mgl51816", "https://api.mg-rast.org/library/mgl51816"], "statistics": {}, "project": ["mgp411", "https://api.mg-rast.org/project/mgp411"], "created": "2010-05-18 21:52:48", "md5_checksum": "c7e3bdba309cc793024bcdcc70599cde", "version": 1, "project_alpha_diversity": {"min": 65.690113086247, "max": 654.516648873453, "avg": 293.392146265757, "stdv": 199.363013193501}, "sequence_type": "WGS", "pipeline_version": "3.0", "status": "public", "metadata": {"library": {"name": "mgl51816", "id": "mgl51816", "type": "WGS", "data": {"metagenome_name": "Cattle fecal pool", "metagenome_id": "4448367.3", "investigation_type": "metagenome", "pubmed_id": "21167876", "file_checksum": "c7e3bdba309cc793024bcdcc70599cde", "seq_meth": "454", "seq_chem": "454 pyrosequencing"}}, "sample": {"name": "mgs17911", "id": "mgs17911", "data": {"collection_time": "10:00:00", "country": "United States of America", "isol_growth_condt": "21167876", "material": "animal-associated habitat", "biome": "animal-associated habitat", "collection_timezone": "UTC-6", "env_package": "host-associated", "collection_date": "2006-10-03", "location": "Clay Center, Nebraska", "continent": "north_america", "samp_collect_device": "Rectal grab fecal samples", "feature": "animal-associated habitat", "samp_size": "six animals"}}, "env_package": {"data": {"sex": "Female", "profile_rating_demo 2": "bronze", "age": "6-8 ; Month", "host_common_name": "Cattle - beef heifer", "disease_stat": "none", "chem_administration": "feed supplement", "body_product": "feces", "samp_store_temp": "-80 ; Celsius", "body_site": "rectum", "env_package": "host-associated"}, "type": "host-associated", "id": "mge51817", "name": "mge51817"}, "project": {"data": {"firstname": "Lisa", "lastname": "Durso", "administrative-contact_PI_organization_country": "United States of America", "administrative-contact_PI_email": "Lisa.Durso@ars.usda.gov", "administrative-contact_PI_lastname": "Durso", "administrative-contact_PI_firstname": "Lisa", "project_name": "Cattle Fecal", "organization_country": "United States of America", "project_description": "Pool of rectal fecal grab from six cross-bred MARC III beef heifers, all 6-8 months of age, 214-241 KG, house in same pen for two months prior to collection and fed same feedlot beef production growing ration.  See Appl Environ Microbiol, 2010, Vol 76:4858 for methods description.  Metagenome is described in J. Microbiol  Methods, 2011, Vol 84:278.  For additional information contact Lisa Durso 402-472-9622, lisa.durso@ars.usda.gov.", "email": "Lisa.Durso@ars.usda.gov"}, "id": "mgp411", "name": "animal-1", "public": "animal-1"}}, "url": "https://api.mg-rast.org/metagenome/mgm4448367.3?verbosity=full", "pipeline_parameters": {"priority": "never", "rna_pid": "97", "filter_ln_mult": "2.0", "file_type": "fna", "aa_pid": "90", "m5nr_annotation_version": "1", "m5rna_annotation_version": "1", "prefix_length": "50", "max_ambig": "5", "m5nr_sims_version": "7", "dereplicate": "yes", "m5rna_sims_version": "7", "bowtie": "yes", "assembled": "no", "fgs_type": "454", "filter_ln": "yes", "filter_ambig": "yes", "screen_indexes": "h_sapiens"}, "id": "mgm4448367.3", "job_id": 8121}