{"owner": "mgu333", "pipeline_parameters": {"filter_ln": "no", "max_ambig": "5", "m5rna_sims_version": "7", "m5nr_annotation_version": "1", "screen_indexes": "h_sapiens_asm", "rna_pid": "97", "filter_ln_mult": "-3.28", "priority": "never", "filter_ambig": "no", "assembled": "no", "prefix_length": "50", "fgs_type": "454", "m5nr_sims_version": "7", "bowtie": "no", "file_type": "fna", "aa_pid": "90", "dereplicate": "no", "m5rna_annotation_version": "1"}, "mixs": {"collection_date": "2010-11-12T10:00:00-1000", "PI_lastname": "Rohwer", "project_id": "mgp9220", "location": "Pacific Ocean", "PI_firstname": "Forest", "env_package_type": "water", "country": "USA", "seq_method": "454", "biome": "coral reef", "longitude": -160.00819, "feature": "coral reef", "sequence_type": "WGS", "material": "water", "project_name": "Pacific Reef Microbiomes", "latitude": -0.369017}, "job_id": 26336, "version": 1, "md5_checksum": "ae57f523cd97d0e61e1d435cf73cab81", "name": "CoralJarvisTentMic20101112_NP", "id": "mgm4466739.3", "project_metagenomes": ["4466846.3", "4466845.3", "4466844.3", "4466835.3", "4466825.3", "4466820.3", "4466814.3", "4466812.3", "4466810.3", "4466809.3", "4466745.3", "4466741.3", "4466739.3", "4466738.3", "4466737.3", "4466736.3", "4466599.3", "4466597.3", "4466596.3", "4466592.3", "4466582.3", "4466309.3"], "library": ["mgl192760", "https://api.mg-rast.org/library/mgl192760"], "sequence_type": "WGS", "pipeline_version": "3.0", "url": "https://api.mg-rast.org/metagenome/mgm4466739.3?verbosity=full", "statistics": {}, "mixs_compliant": 0, "sample": ["mgs192758", "https://api.mg-rast.org/sample/mgs192758"], "created": "2011-06-22 23:12:39", "project_alpha_diversity": {"min": 256.005423264818, "max": 739.242402937356, "avg": 453.581479636971, "stdv": 120.439104940246}, "status": "public", "project": ["mgp9220", "https://api.mg-rast.org/project/mgp9220"], "metadata": {"sample": {"id": "mgs192758", "name": "CoralJarvisTentMic20101112_NP", "data": {"collection_time": "10:00:00", "sample_id": "4466739.3", "feature": "coral reef", "sample_name": "CoralJarvisTentMic20101112_NP", "depth": 30, "material": "water", "env_package": "water", "collection_timezone": "UTC-10", "latitude": -0.369017, "collection_date": "2010-11-12", "location": "Pacific Ocean", "biome": "coral reef", "longitude": -160.00819, "country": "USA"}}, "env_package": {"data": {"env_package": "water", "sample_name": "CoralJarvisTentMic20101112_NP"}, "type": "water", "name": "CoralJarvisTentMic20101112_NP: water", "id": "mge192759"}, "project": {"data": {"project_description": "Metagenomes from the Line Islands", "PI_organization_url": "coralandphage.org", "project_funding": "NSF", "PI_organization": "San Diego State University", "PI_lastname": "Rohwer", "organization_address": "LS301 Biology Department, San Diego State University, 5500 Campanile Drive, San Diego, CA 92182", "email": "lwegley@gmail.com", "PI_email": "forest@sunstroke.sdsu.edu", "firstname": "Linda", "lastname": "Kelly", "organization_url": "coralandphage.org", "PI_firstname": "Forest", "PI_organization_address": "LS301 Biology Department, San Diego State University, 5500 Campanile Drive, San Diego, CA 92182", "organization_country": "USA", "project_name": "Pacific Reef Microbiomes", "PI_organization_country": "USA", "organization": "San Diego State University"}, "public": "Pacific Reef Microbiomes", "id": "mgp9220", "name": "Pacific Reef Microbiomes"}, "library": {"data": {"sample_name": "CoralJarvisTentMic20101112_NP", "seq_meth": "454", "investigation_type": "metagenome", "seq_chem": "Titanium", "file_checksum": "ae57f523cd97d0e61e1d435cf73cab81", "metagenome_name": "CoralJarvisTentMic20101112_NP", "metagenome_id": "4466739.3", "seq_center": "SDSU", "seq_quality_check": "Prinseq", "file_name": "CoralJarvisTentMic20101112_NPFinal.fasta"}, "type": "WGS", "name": "CoralJarvisTentMic20101112_NP", "id": "mgl192760"}}}