{"version": 1, "pipeline_parameters": {"priority": "never", "m5rna_annotation_version": "1", "filter_ln_mult": "2.0", "file_type": "fna", "filter_ln": "yes", "screen_indexes": "h_sapiens", "dereplicate": "yes", "m5nr_sims_version": "7", "rna_pid": "97", "bowtie": "yes", "filter_ambig": "yes", "fgs_type": "454", "m5rna_sims_version": "7", "assembled": "no", "m5nr_annotation_version": "1", "max_ambig": "5", "prefix_length": "50", "aa_pid": "90"}, "mixs": {"PI_lastname": "Cary", "sequence_type": "WGS", "project_name": "Alvinella Pompejana Epibiont Metagenome", "country": "", "seq_method": "other", "feature": "hydrothermal vent", "PI_firstname": "Stephen", "project_id": "mgp4", "collection_date": "", "location": "Black smoker chimneys on East Pacific Rise", "longitude": -104.28, "env_package_type": "water", "latitude": 9.84, "biome": "hydrothermal vent", "material": "hydrothermal vent"}, "pipeline_version": "3.0", "sample": ["mgs22665", "https://api.mg-rast.org/sample/mgs22665"], "statistics": {}, "project_alpha_diversity": {"avg": 253.143140941311, "min": 245.989884532423, "max": 260.296397350199, "stdv": 7.15325640888801}, "library": ["mgl52468", "https://api.mg-rast.org/library/mgl52468"], "project": ["mgp4", "https://api.mg-rast.org/project/mgp4"], "md5_checksum": "aaa05aeed5341efc1cccd180176fe278", "project_metagenomes": ["4441102.3", "4441663.3"], "name": "Alvinella Pompejana Epibiont", "id": "mgm4441102.3", "job_id": 962, "sequence_type": "WGS", "created": "2008-07-01 19:13:34", "status": "public", "url": "https://api.mg-rast.org/metagenome/mgm4441102.3?verbosity=full", "mixs_compliant": 0, "metadata": {"env_package": {"data": {"ammonium": "2.5 to 9.7 &#956;M", "_temp": "28.6-84", "ph": "5.33 - 6.40", "magnesium": "72% to 91% concentrations typically found in deep seawater", "samp_store_temp": "-20", "host_taxid": "6376", "sulfate": "22.5 mM - 27.5 mM.", "sulfide": "undetectable (<0.2 &#956;M) - 46.5 &#956;M", "nitrate": "13.9 to 20.0 &#956;M,", "env_package": "water", "host_common_name": "Alvinella pompejana", "body_site": "dorsal surface", "life_stage": "Adult"}, "type": "water", "name": "mge52469", "id": "mge52469"}, "sample": {"name": "mgs22665", "id": "mgs22665", "data": {"location": "Black smoker chimneys on East Pacific Rise", "samp_mat_process": "DNA extraction", "env_package": "water", "metagenome_taxonomy": "hydrothermal vent", "longitude": -104.28, "latitude": 9.84, "material": "hydrothermal vent", "biome": "hydrothermal vent", "collection_timezone": "UTC", "geodetic_system": "wgs_84", "continent": "na", "samp_collect_device": "A. pompejana specimens in their associated tubes were collected at the East Pacific Rise by the deep submergence research vehicle Alvin in 1994 (13\u00c2\u00b0N), 1999 (9\u00c2\u00b0N), 2001 (9\u00c2\u00b0N), and 2002 (9\u00c2\u00b0N). Before collection, the temperature of the worms' immediate environment was measured and discrete water samples were taken from within the tubes for geochemical analysis (3). Individual alvinellids were collected, transported to the surface, and frozen.", "depth": 2500, "feature": "hydrothermal vent", "isol_growth_condt": "18987310"}}, "library": {"data": {"gold_id": "Gm00023", "investigation_type": "metagenome", "pubmed_id": "18987310", "sequences_sequences_combined_libraries": "Sequences are not from combined libraries", "file_checksum": "aaa05aeed5341efc1cccd180176fe278", "metagenome_id": "4441102.3", "metagenome_name": "Alvinella Pompejana Epibiont", "sequences_sequences_filtered": "Removed redundant contigs", "seq_meth": "other", "sequences_sequences_assembled": "Assembled contigs"}, "type": "WGS", "name": "mgl52468", "id": "mgl52468"}, "project": {"data": {"project_funding": "Desert Research Institute and NSF", "PI_organization_url": "www.dri.edu/dees", "PI_organization_address": "2215 Raggio Parkway, Reno, NV 89512", "PI_email": "caryc@udel.edu", "PI_firstname": "Stephen", "project_description": "The polychaete Alvinella pompejana is an endemic inhabitant of deep-sea hydrothermal vents located from 21N to 32S latitude on the East Pacific Rise. This tube-dwelling polychaete forms dense colonies exclusively on the walls of high-temperature black smoker chimneys, which are characterized by extreme physicochemical gradients and dynamic in thermal emission rates and intensive mineral precipitation.\r\n\r\nWe performed an environmental genomic analysis of the A. pompejana episymbiont community in an effort to define the basic metabolic strategy of the association and elucidate why Epsilonproteobacteria are so successful in this environment. We hypothesized that under extreme constraints imposed by the local geochemical environment, the Epsilonproteobacteria episymbiotic consortium employs a core metabolic strategy shared by most members of the community and that geochemical and thermal fluctuations impose significant selection pressures on the community. Identification of the metabolic and cellular features of this microbial community have provided details regarding the relationships between the symbionts and their host as well as the nature of epibiont adaptation in a dynamic physiochemical environment", "ncbi_id": "17241", "PI_organization_country": "USA", "PI_lastname": "Cary", "project_name": "Alvinella Pompejana Epibiont Metagenome", "PI_organization": "aDivision of Earth and Ecosystem Sciences, Desert Research Institute"}, "public": "Alvinella Pompejana Epibiont Metagenome", "name": "Alvinella Pompejana Epibiont Metagenome", "id": "mgp4"}}, "owner": "mgu347"}