{"pipeline_parameters": {"filter_ln": "yes", "m5nr_sims_version": "7", "prefix_length": "50", "m5nr_annotation_version": "1", "m5rna_sims_version": "7", "bowtie": "no", "assembled": "no", "rna_pid": "97", "dereplicate": "no", "priority": "never", "filter_ln_mult": "2.0", "screen_indexes": "h_sapiens_asm", "max_ambig": "5", "m5rna_annotation_version": "1", "aa_pid": "90", "filter_ambig": "no", "file_type": "fna", "fgs_type": "454"}, "pipeline_version": "3.0", "name": "Rifle complete-1", "project_metagenomes": ["4441834.3", "4441835.3", "4442086.3", "4450653.3", "4462177.3", "4450651.3", "4450650.3", "4463676.3", "4465823.3", "4465822.3", "4465820.3"], "job_id": 25419, "sequence_type": "WGS", "mixs": {"env_package_type": "sediment", "latitude": 39.538602, "longitude": -107.723908, "seq_method": "illumina", "PI_lastname": "Meyer", "biome": "freshwater biome", "project_name": "Subsurface Rifle", "sequence_type": "WGS", "PI_firstname": "Folker", "material": "sediment", "country": "USA", "collection_date": "2007-01-01T00:00:00-0700", "project_id": "mgp119", "location": "RIFRC site, Rifle, CO", "feature": "sediment"}, "project_alpha_diversity": {"avg": 239.996202940893, "stdv": 160.374625151536, "max": 464.64290554009, "min": 5.87458929815507}, "mixs_compliant": 0, "owner": "mgu25222", "project": ["mgp119", "https://api.mg-rast.org/project/mgp119"], "library": ["mgl144662", "https://api.mg-rast.org/library/mgl144662"], "sample": ["mgs144660", "https://api.mg-rast.org/sample/mgs144660"], "id": "mgm4465822.3", "statistics": {}, "created": "2011-06-07 21:30:08", "version": 1, "md5_checksum": "f739fbd5c355939082ee609e25365bdb", "url": "https://api.mg-rast.org/metagenome/mgm4465822.3?verbosity=full", "metadata": {"library": {"data": {"metagenome_name": "Rifle complete-1", "seq_meth": "illumina", "sample_name": "Rifle complete-1", "investigation_type": "metagenome", "file_name": "rifle-all7lanes-interleaved.fa", "metagenome_id": "4465822.3", "file_checksum": "f739fbd5c355939082ee609e25365bdb"}, "name": "Rifle complete-1", "type": "WGS", "id": "mgl144662"}, "sample": {"id": "mgs144660", "name": "Rifle complete-1", "data": {"biome": "freshwater biome", "longitude": -107.723908, "collection_timezone": "UTC-07", "latitude": 39.538602, "collection_date": "2007-01-01", "sample_name": "Rifle complete-1", "env_package": "sediment", "feature": "sediment", "location": "RIFRC site, Rifle, CO", "collection_time": "00:00:00", "country": "USA", "material": "sediment"}}, "project": {"id": "mgp119", "public": "Subsurface Rifle", "name": "Subsurface Rifle", "data": {"organization_url": "TESTING", "PI_email": "folker@anl.gov", "project_name": "Subsurface Rifle", "PI_organization_url": "http://www.anl.gov/", "PI_lastname": "Meyer", "email": "folker@anl.gov", "organization": "ANL", "organization_address": "Argonne se especializ\u00f3 en otras \u00e1reas adem\u00e1s", "project_funding": "Argonne National Laboratory LDRD", "project_description": "From a short read (75bp) metagenome we reconstructed the complete 2.4 Mb-long genome of a previously uncultivated epsilonproteobacterium, Candidatus Sulfuricurvum sp. RIFRC-1, via assembly of short-read shotgun metagenomic data using a complexity reduction approach. Genome-based comparisons indicate the bacterium is a novel species within the Sulfuricurvum genus, which contains one cultivated representative, S. kujiense. Divergence between the species appears due in part to extensive genomic rearrangements, gene loss and chromosomal versus plasmid encoding of certain (respiratory) genes by RIFRC-1. Deoxyribonucleic acid for the genome was obtained from terrestrial aquifer sediment, in which RIFRC-1 comprised ~47% of the bacterial community. Genomic evidence suggests RIFRC-1 is a chemolithoautotrophic diazotroph capable of deriving energy for growth by microaerobic or nitrate-/nitric oxide-dependent oxidation of S0, sulfide or sulfite or H2 oxidation. Carbon may be fixed via the reductive tricarboxylic acid cycle. Consistent with these physiological attributes, the local aquifer was microoxic with small concentrations of available nitrate, small but elevated concentrations of reduced sulfur and NH4+/NH3-limited. Additionally, various mechanisms for heavy metal and metalloid tolerance and virulence point to a lifestyle well-adapted for metal(loid)-rich environments and a shared evolutionary past with pathogenic Epsilonproteobacteria. Results expand upon recent findings highlighting the potential importance of sulfur and hydrogen metabolism in the terrestrial subsurface.\r\n\r\nSee: Environmental Microbiology, 2014\r\nDOI: 10.1111/1462-2920.12453", "firstname": "Folker", "PI_organization": "Argonne National Laboratory", "PI_organization_address": "9700 S. Cass Ave, Argonne 60439", "PI_firstname": "Folker", "PI_organization_country": "USA", "mgrast_id": "mgp119", "lastname": "Meyer"}}, "env_package": {"type": "sediment", "id": "mge144661", "data": {"env_package": "sediment", "sample_name": "Rifle complete-1"}, "name": "Rifle complete-1: sediment"}}, "status": "public"}