{"md5_checksum": "8d029c258565c97ef0801d66b4cc7ae2", "mixs": {"project_id": "mgp16", "material": "animal-associated habitat", "PI_lastname": "Vega  Thurber", "PI_firstname": "Rebecca", "feature": "animal-associated habitat", "latitude": 21.434, "seq_method": "454", "env_package_type": "host-associated", "sequence_type": "WGS", "collection_date": "2006-02-22", "longitude": -157.7878, "biome": "animal-associated habitat", "country": "United States of America", "location": "Hawaii Institute of Marine Biology", "project_name": "Stressed Coral Holobionts"}, "project_metagenomes": ["4440373.3", "4440375.3", "4440379.3", "4440371.3", "4440381.3", "4440377.3", "4440380.3", "4440376.3", "4440378.3", "4440374.3", "4440372.3", "4440370.3", "4440319.3"], "statistics": {}, "owner": "mgu342", "sample": ["mgs28887", "https://api.mg-rast.org/sample/mgs28887"], "pipeline_parameters": {"aa_pid": "90", "max_ambig": "5", "screen_indexes": "h_sapiens", "m5nr_annotation_version": "1", "filter_ln_mult": "2.0", "fgs_type": "454", "rna_pid": "97", "prefix_length": "50", "file_type": "fna", "m5rna_sims_version": "7", "filter_ln": "yes", "priority": "never", "filter_ambig": "yes", "assembled": "no", "m5nr_sims_version": "7", "m5rna_annotation_version": "1", "bowtie": "yes", "dereplicate": "yes"}, "status": "public", "job_id": 265, "project": ["mgp16", "https://api.mg-rast.org/project/mgp16"], "url": "https://api.mg-rast.org/metagenome/mgm4440380.3?verbosity=full", "metadata": {"sample": {"data": {"samp_mat_process": "DNA extraction", "collection_date": "2006-02-22", "isol_growth_condt": "19397678", "longitude": -157.7878, "collection_timezone": "UTC", "biome": "animal-associated habitat", "country": "United States of America", "location": "Hawaii Institute of Marine Biology", "geodetic_system": "wgs_84", "env_package": "host-associated", "continent": "north_america", "samp_size": "3 coral heads", "ph": 8.1, "material": "animal-associated habitat", "temperature": 20, "samp_collect_device": "Coral specimens were collected at the Hawaii Institute of Marine Biology (HIMB) on 22 February 2006. All P. compressa samples were collected 25 m offshore at 1 m depth and 5 m apart. Ambient sea surface water temperature was 24\u00c2\u00b0C. Three apparently healthy coral heads of approximately 20 cm in diameter were removed with hammer and chisel at the base of the colony to avoid polyp damage. Specimens were placed in a 3 l seawater-cured bucket, carried to shore, and immediately transferred to open outdoor aquaria that contained continuous flowing seawater.", "latitude": 21.434, "feature": "animal-associated habitat"}, "name": "mgs28887", "id": "mgs28887"}, "env_package": {"type": "host-associated", "id": "mge56861", "data": {"host_common_name": "Coral", "body_site": "Nubbins", "disease_stat": "healthy", "samp_store_temp": "-20", "body_habitat": "25 m offshore", "host_growth_cond": "seawater", "_temp": "20", "height_or_length": "20 cm in diameter", "host_subject_id": "T0PortComHawMic20060223", "host_taxid": "46720", "env_package": "host-associated"}, "name": "mge56861"}, "project": {"public": "Stressed Coral Holobionts", "data": {"project_name": "Stressed Coral Holobionts", "PI_organization_url": "http://www.sci.sdsu.edu/cos/index.php", "PI_organization_address": "San Diego, CA", "PI_email": "rvega@mail.sdsu.edu", "ncbi_id": "28595, 28433", "PI_organization": "San Diego State University", "PI_firstname": "Rebecca", "project_description": "The coral holobiont is the community of metazoans, protists and microbes associated with scleractinian corals. Disruptions in these associations have been correlated with coral disease, but little is known about the series of events involved in the shift from mutualism to pathogenesis. To evaluate structural and functional changes in coral microbial communities, Porites compressa was exposed to four stressors: increased temperature, elevated nutrients, dissolved organic carbon loading and reduced pH. Microbial metagenomic samples were collected and pyrosequenced. Functional gene analysis demonstrated that stressors increased the abundance of microbial genes involved in virulence, stress resistance, sulfur and nitrogen metabolism, motility and chemotaxis, fatty acid and lipid utilization, and secondary metabolism. Relative changes in taxonomy also demonstrated that coral-associated microbiota (Archaea, Bacteria, protists) shifted from a healthy-associated coral community (e.g. Cyanobacteria, Proteobacteria and the zooxanthellae Symbiodinium) to a community (e.g. Bacteriodetes, Fusobacteria and Fungi) of microbes often found on diseased corals. Additionally, low-abundance Vibrio spp. were found to significantly alter microbiome metabolism, suggesting that the contribution of a just a few members of a community can profoundly shift the health status of the coral holobiont.", "PI_organization_country": "USA", "project_funding": "NSF, the Gordon and Betty Moore Foundation", "PI_lastname": "Vega  Thurber"}, "id": "mgp16", "name": "Stressed Coral Holobionts"}, "library": {"data": {"sequences_sequences_filtered": "Removed redundant contigs", "gold_id": "Gm00087,  Gm00193", "metagenome_name": "T0PortComHawMic20060223", "sequences_sequences_assembled": "Assembled contigs", "seq_meth": "454", "sequences_sequences_combined_libraries": "Sequences are from combined libraries", "file_checksum": "8d029c258565c97ef0801d66b4cc7ae2", "investigation_type": "metagenome", "seq_center": "454 Life Sciences, Inc, Branford, CT", "metagenome_id": "4440380.3", "pubmed_id": "19397678, 18337718"}, "name": "mgl56860", "id": "mgl56860", "type": "WGS"}}, "sequence_type": "WGS", "pipeline_version": "3.0", "library": ["mgl56860", "https://api.mg-rast.org/library/mgl56860"], "id": "mgm4440380.3", "name": "T0PortComHawMic20060223", "created": "2007-12-15 05:14:33", "version": 1, "project_alpha_diversity": {"min": 138.940406910059, "avg": 344.076724334809, "stdv": 134.717305474331, "max": 640.366857523245}, "mixs_compliant": 1}