{"mixs": {"project_id": "mgp1008", "longitude": 5.64, "country": "Netherlands", "sequence_type": "WGS", "material": "soil", "project_name": "Impact of long term fertilization", "location": "Wageningen", "PI_firstname": "Eiko", "biome": "terrestrial biome", "PI_lastname": "Kuramae", "seq_method": "454", "collection_date": "2011-09-20T13:00:00-0100", "feature": "grassland", "latitude": 51.97, "env_package_type": "soil"}, "statistics": {}, "job_id": 46931, "name": "131", "sample": ["mgs264197", "https://api.mg-rast.org/sample/mgs264197"], "owner": "mgu38692", "md5_checksum": "9ca0e546b085e800534285abb0a32174", "project_alpha_diversity": {"max": 730.214632072954, "avg": 640.264546781084, "min": 592.523888845411, "stdv": 33.8673232511824}, "pipeline_version": "3.0", "mixs_compliant": 0, "created": "2012-03-06 14:56:26", "version": 1, "project": ["mgp1008", "https://api.mg-rast.org/project/mgp1008"], "library": ["mgl264199", "https://api.mg-rast.org/library/mgl264199"], "pipeline_parameters": {"max_ambig": "5", "assembled": "no", "filter_ln": "no", "dereplicate": "no", "rna_pid": "97", "m5nr_annotation_version": "1", "fgs_type": "454", "aa_pid": "90", "filter_ln_mult": "-2.92", "m5rna_sims_version": "7", "priority": "never", "m5rna_annotation_version": "1", "filter_ambig": "no", "screen_indexes": "h_sapiens_asm", "file_type": "fna", "bowtie": "no", "m5nr_sims_version": "7", "prefix_length": "50"}, "status": "public", "sequence_type": "WGS", "id": "mgm4485389.3", "project_metagenomes": ["4485403.3", "4485402.3", "4485401.3", "4485400.3", "4485399.3", "4485398.3", "4485397.3", "4485396.3", "4485395.3", "4485394.3", "4485393.3", "4485392.3", "4485391.3", "4485390.3", "4485389.3"], "url": "https://api.mg-rast.org/metagenome/mgm4485389.3?verbosity=full", "metadata": {"sample": {"name": "131", "data": {"country": "Netherlands", "env_package": "soil", "longitude": 5.64, "latitude": 51.97, "collection_timezone": "UTC-1", "feature": "grassland", "collection_time": "13:00:00", "collection_date": "2011-09-20", "sample_id": "4485389.3", "biome": "terrestrial biome", "location": "Wageningen", "sample_name": "131", "material": "soil"}, "id": "mgs264197"}, "env_package": {"name": "131: soil", "type": "soil", "data": {"sample_name": "131", "env_package": "soil"}, "id": "mge264198"}, "project": {"public": "Impact of long term fertilization", "data": {"PI_email": "E.Kuramae@nioo.knaw.nl", "PI_organization_address": "Droevendaalsesteeg 10, 6708 PB Wageningen NL", "PI_lastname": "Kuramae", "PI_firstname": "Eiko", "project_name": "Impact of long term fertilization", "PI_organization_country": "Netherlands", "PI_organization": "NIOO"}, "id": "mgp1008", "name": "Impact of long term fertilization"}, "library": {"name": "131", "id": "mgl264199", "data": {"sample_name": "131", "file_name": "131extracted_clusters_unique.fa", "seq_meth": "454", "file_checksum": "9ca0e546b085e800534285abb0a32174", "metagenome_name": "131", "investigation_type": "metagenome", "metagenome_id": "4485389.3"}, "type": "WGS"}}}