{"name": "EB026_read1", "owner": "mgu29672", "metadata": {"project": {"name": "cross-site soil metagen", "public": "cross-site soil metagen", "data": {"PI_firstname": "Noah", "mgrast_id": "mgp2997", "PI_email": "noah.fierer@colorado.edu", "PI_organization": "University of Colorado", "project_name": "cross-site soil metagen", "PI_organization_country": "USA", "PI_lastname": "Fierer", "PI_organization_address": "CIRES, UCB 216 Boulder CO 80309"}, "id": "mgp2997"}, "sample": {"name": "EB026", "id": "mgs92815", "data": {"material": "bulk soil", "env_package": "soil", "sample_name": "EB026", "collection_date": "2010-01-10", "longitude": 162.311, "latitude": -77.725, "country": "USA", "feature": "slope", "location": "Lake Bonney Valley, Antarctica", "collection_time": "12:00:00", "biome": "Deserts and xeric shrubland biome", "collection_timezone": "UTC-7"}}, "env_package": {"name": "EB026_read1: soil", "type": "soil", "data": {"env_package": "soil", "sample_name": "EB026_read1"}, "id": "mge92816"}, "library": {"id": "mgl92817", "data": {"metagenome_name": "EB026_read1", "metagenome_id": "4477803.3", "file_checksum": "17dbf189ca0631ccdbf700a817b96741", "seq_meth": "illumina", "sample_name": "EB026_read1", "investigation_type": "metagenome", "file_name": "Noah10_110721_HWI-EAS137R_0379_s_6_1_sequence.fastq.fasta"}, "type": "WGS", "name": "EB026_read1"}}, "library": ["mgl92817", "https://api.mg-rast.org/library/mgl92817"], "created": "2011-11-24 16:24:38", "id": "mgm4477803.3", "version": 1, "pipeline_parameters": {"max_lqb": "5", "fgs_type": "454", "m5nr_sims_version": "7", "min_qual": "15", "aa_pid": "90", "priority": "never", "dereplicate": "yes", "assembled": "no", "rna_pid": "97", "m5rna_annotation_version": "1", "dynamic_trim": "no", "bowtie": "no", "m5rna_sims_version": "1", "prefix_length": "50", "screen_indexes": "h_sapiens_asm", "file_type": "fastq", "m5nr_annotation_version": "1"}, "mixs": {"biome": "Deserts and xeric shrubland biome", "PI_lastname": "Fierer", "country": "USA", "feature": "slope", "location": "Lake Bonney Valley, Antarctica", "project_name": "cross-site soil metagen", "project_id": "mgp2997", "latitude": -77.725, "env_package_type": "soil", "seq_method": "illumina", "collection_date": "2010-01-10T12:00:00-0700", "longitude": 162.311, "material": "bulk soil", "sequence_type": "WGS", "PI_firstname": "Noah"}, "project_metagenomes": ["4477904.3", "4477903.3", "4477902.3", "4477901.3", "4477900.3", "4477899.3", "4477877.3", "4477876.3", "4477875.3", "4477874.3", "4477873.3", "4477872.3", "4477807.3", "4477805.3", "4477804.3", "4477803.3"], "md5_checksum": "17dbf189ca0631ccdbf700a817b96741", "sequence_type": "WGS", "url": "https://api.mg-rast.org/metagenome/mgm4477803.3?verbosity=full", "sample": ["mgs92815", "https://api.mg-rast.org/sample/mgs92815"], "mixs_compliant": 0, "statistics": {}, "project_alpha_diversity": {"max": 1104.69554506166, "avg": 867.144394137914, "stdv": 84.9436421028179, "min": 672.396823416176}, "pipeline_version": "3.0", "project": ["mgp2997", "https://api.mg-rast.org/project/mgp2997"], "status": "public", "job_id": 37400}