{"mixs": {"material": "rhizosphere", "latitude": -11.6832502, "longitude": -55.8357663, "env_package_type": "soil", "project_id": "mgp7774", "feature": "agricultural soil", "PI_lastname": "Mendes", "collection_date": "2009-10-27T11:40:00-0400", "project_name": "Soybean Rhizosphere from Amazon Soils", "seq_method": "454", "biome": "Tropical and subtropical moist broadleaf forest biome", "country": "Brazil", "PI_firstname": "Lucas William", "sequence_type": "WGS", "location": "Amazonia"}, "project_alpha_diversity": {"avg": 641.752377404847, "stdv": 35.0016630073723, "min": 539.324720307438, "max": 693.056468271845}, "owner": "mgu50120", "metadata": {"project": {"name": "Soybean Rhizosphere from Amazon Soils", "data": {"PI_firstname": "Lucas William", "project_description": "The selection of the rhizospheric microbial community from the bulk soil reservoir under agricultural management of soybean in Amazon forest soils. [Reference: Mendes LW, Kuramae EE, Navarrete AA, van VEEN JA, Tsai SM. (2014). Taxonomical and functional microbial community selection in soybean rhizosphere. The ISME Journal 8:1577-1587, 2014]", "envo_release": "2013-04-27", "firstname": "Lucas William", "project_name": "Soybean Rhizosphere from Amazon Soils", "organization_address": "Avenida Centenario 303", "PI_lastname": "Mendes", "project_funding": "FAPESP", "email": "lucaswmendes@gmail.com", "lastname": "Mendes", "organization_url": "www.cena.usp.br", "PI_organization_url": "www.cena.usp.br", "mgrast_id": "mgp7774", "organization_country": "Brazil", "PI_email": "lucaswmendes@gmail.com", "PI_organization_address": "Avenida Centen\u00e1rio 303, CEP 13400-970 Piracicaba-SP", "organization": "Center for Nuclear Energy in Agriculture CENA-USP", "PI_organization": "Center for Nuclear Energy in Agriculture CENA-USP", "PI_organization_country": "Brazil"}, "public": "Soybean Rhizosphere from Amazon Soils", "id": "mgp7774"}, "library": {"type": "WGS", "id": "mgl159738", "data": {"sample_name": "1LM", "metagenome_id": "4477751.3", "file_checksum": "f905fe926745596318c3ab23b472eacd", "file_name": "2011_11_17_EikoKuramae_1_LM_SFF.sff.fasta", "metagenome_name": "1LM", "investigation_type": "metagenome", "seq_meth": "454"}, "name": "1LM"}, "sample": {"name": "1LM", "data": {"latitude": -11.6832502, "material": "rhizosphere", "collection_timezone": "UTC-4", "env_package": "soil", "collection_time": "11:40:00", "longitude": -55.8357663, "feature": "agricultural soil", "collection_date": "2009-10-27", "country": "Brazil", "sample_name": "1LM", "biome": "Tropical and subtropical moist broadleaf forest biome", "location": "Amazonia"}, "id": "mgs159736"}, "env_package": {"name": "1LM: soil", "data": {"sample_name": "1LM", "env_package": "soil"}, "id": "mge159737", "type": "soil"}}, "project_metagenomes": ["4477751.3", "4477749.3", "4477755.3", "4477757.3", "4478037.3", "4478030.3", "4477790.3", "4477789.3", "4478936.3", "4478934.3", "4478294.3", "4478292.3", "4478291.3", "4478290.3", "4478283.3", "4478222.3", "4478038.3", "4479311.3", "4478943.3", "4478941.3", "4478940.3", "4478939.3", "4478938.3", "4478937.3"], "project": ["mgp7774", "https://api.mg-rast.org/project/mgp7774"], "statistics": {}, "library": ["mgl159738", "https://api.mg-rast.org/library/mgl159738"], "sequence_type": "WGS", "id": "mgm4477751.3", "url": "https://api.mg-rast.org/metagenome/mgm4477751.3?verbosity=full", "sample": ["mgs159736", "https://api.mg-rast.org/sample/mgs159736"], "mixs_compliant": 0, "pipeline_version": "3.0", "version": 1, "created": "2011-11-23 13:38:08", "name": "1LM", "md5_checksum": "f905fe926745596318c3ab23b472eacd", "job_id": 37348, "status": "public", "pipeline_parameters": {"dereplicate": "yes", "assembled": "no", "filter_ln": "yes", "priority": "never", "m5nr_sims_version": "7", "file_type": "fna", "prefix_length": "50", "screen_indexes": "h_sapiens_asm", "m5nr_annotation_version": "1", "fgs_type": "454", "filter_ln_mult": "1.99", "max_ambig": "5", "filter_ambig": "yes", "m5rna_annotation_version": "1", "m5rna_sims_version": "1", "bowtie": "no", "rna_pid": "97", "aa_pid": "90"}}