{"md5_checksum": "6f913df9765fad8e8cbaf9c9c7b124a8", "job_id": 11270, "statistics": {}, "project_alpha_diversity": {"max": 641.486448958875, "avg": 497.585917807694, "stdv": 106.059947160785, "min": 388.994876606732}, "metadata": {"library": {"id": "mgl363267", "type": "WGS", "data": {"seq_meth": "454", "investigation_type": "metagenome", "metagenome_id": "4451593.3", "metagenome_name": "PriS2", "file_checksum": "6f913df9765fad8e8cbaf9c9c7b124a8", "sample_name": "PriS2"}, "name": "PriS2"}, "sample": {"name": "PriS2", "id": "mgs363265", "data": {"country": "Italy", "biome": "sea", "material": "water", "env_package": "water", "longitude": -10.17, "collection_date": "2010-08-26", "feature": "coastal water", "collection_timezone": "UTC+1", "collection_time": "13:14:59", "location": "Monte Cristo", "latitude": 42.19, "sample_name": "PriS2"}}, "env_package": {"id": "mge363266", "type": "water", "data": {"env_package": "water", "sample_name": "PriS2"}, "name": "PriS2: water"}, "project": {"public": "Monitoring Mediterranean Sea", "name": "Monitoring Mediterranean Sea", "id": "mgp2901", "data": {"PI_organization_country": "Italy", "email": "kisand@ut.ee", "lastname": "Kisand", "PI_email": "teresa.lettieri@jrc.ec.europa.eu", "envo_release": "2013-04-27", "PI_organization_address": "Institute for Environment and Sustainability, Water  Resources Unit, TP 121, Via E.Fermi, 2749, 21027 Ispra (VA)", "firstname": "Veljo", "PI_firstname": "Teresa", "PI_organization": "European Commission, DG Joint Research Centre", "PI_lastname": "Lettieri", "project_name": "Monitoring Mediterranean Sea"}}}, "status": "public", "created": "2010-10-06 14:33:59", "sequence_type": "WGS", "name": "PriS2", "mixs": {"location": "Monte Cristo", "project_id": "mgp2901", "seq_method": "454", "collection_date": "2010-08-26T13:14:59+0100", "PI_firstname": "Teresa", "longitude": -10.17, "material": "water", "biome": "sea", "sequence_type": "WGS", "latitude": 42.19, "feature": "coastal water", "env_package_type": "water", "country": "Italy", "project_name": "Monitoring Mediterranean Sea", "PI_lastname": "Lettieri"}, "project_metagenomes": ["4451593.3", "4451102.3", "4449685.3", "4449589.3"], "pipeline_parameters": {"m5nr_annotation_version": "1", "fgs_type": "454", "bowtie": "yes", "priority": "never", "aa_pid": "90", "assembled": "no", "m5rna_sims_version": "7", "max_ambig": "5", "file_type": "fna", "screen_indexes": "h_sapiens", "m5rna_annotation_version": "1", "dereplicate": "yes", "prefix_length": "50", "filter_ln_mult": "2.0", "filter_ambig": "yes", "rna_pid": "97", "filter_ln": "yes", "m5nr_sims_version": "7"}, "url": "https://api.mg-rast.org/metagenome/mgm4451593.3?verbosity=full", "project": ["mgp2901", "https://api.mg-rast.org/project/mgp2901"], "owner": "mgu23972", "library": ["mgl363267", "https://api.mg-rast.org/library/mgl363267"], "version": 1, "mixs_compliant": 0, "pipeline_version": "3.0", "sample": ["mgs363265", "https://api.mg-rast.org/sample/mgs363265"], "id": "mgm4451593.3"}