{"md5_checksum": "f1391c4d516f1218d127546820cb9845", "pipeline_parameters": {"m5rna_annotation_version": "1", "m5rna_sims_version": "1", "assembled": "no", "bowtie": "no", "fgs_type": "454", "priority": "never", "m5nr_annotation_version": "1", "filter_ambig": "yes", "file_type": "fna", "screen_indexes": "h_sapiens_asm", "dereplicate": "yes", "rna_pid": "97", "m5nr_sims_version": "7", "filter_ln": "yes", "aa_pid": "90", "max_ambig": "5", "filter_ln_mult": "1.98", "prefix_length": "50"}, "statistics": {}, "name": "4LM", "url": "https://api.mg-rast.org/metagenome/mgm4477757.3?verbosity=full", "id": "mgm4477757.3", "project_alpha_diversity": {"min": 539.324720307438, "avg": 641.752377404847, "stdv": 35.0016630073723, "max": 693.056468271845}, "mixs": {"sequence_type": "WGS", "seq_method": "454", "biome": "Tropical and subtropical moist broadleaf forest biome", "material": "bulk soil", "PI_lastname": "Mendes", "PI_firstname": "Lucas William", "env_package_type": "soil", "location": "Amazonia", "longitude": -55.8357663, "feature": "agricultural soil", "collection_date": "2009-10-30T11:30:00-0700", "latitude": -11.6832502, "country": "Brazil", "project_id": "mgp7774", "project_name": "Soybean Rhizosphere from Amazon Soils"}, "sequence_type": "WGS", "job_id": 37354, "metadata": {"sample": {"data": {"biome": "Tropical and subtropical moist broadleaf forest biome", "material": "bulk soil", "collection_timezone": "UTC-7", "collection_time": "11:30:00", "env_package": "soil", "country": "Brazil", "sample_name": "4LM", "location": "Amazonia", "longitude": -55.8357663, "feature": "agricultural soil", "latitude": -11.6832502, "collection_date": "2009-10-30"}, "id": "mgs159745", "name": "4LM"}, "project": {"id": "mgp7774", "public": "Soybean Rhizosphere from Amazon Soils", "name": "Soybean Rhizosphere from Amazon Soils", "data": {"lastname": "Mendes", "organization_address": "Avenida Centenario 303", "mgrast_id": "mgp7774", "project_description": "The selection of the rhizospheric microbial community from the bulk soil reservoir under agricultural management of soybean in Amazon forest soils. [Reference: Mendes LW, Kuramae EE, Navarrete AA, van VEEN JA, Tsai SM. (2014). Taxonomical and functional microbial community selection in soybean rhizosphere. The ISME Journal 8:1577-1587, 2014]", "project_funding": "FAPESP", "organization_url": "www.cena.usp.br", "PI_lastname": "Mendes", "firstname": "Lucas William", "envo_release": "2013-04-27", "PI_firstname": "Lucas William", "organization": "Center for Nuclear Energy in Agriculture CENA-USP", "PI_organization_address": "Avenida Centen\u00e1rio 303, CEP 13400-970 Piracicaba-SP", "PI_organization_country": "Brazil", "PI_organization_url": "www.cena.usp.br", "PI_email": "lucaswmendes@gmail.com", "PI_organization": "Center for Nuclear Energy in Agriculture CENA-USP", "organization_country": "Brazil", "email": "lucaswmendes@gmail.com", "project_name": "Soybean Rhizosphere from Amazon Soils"}}, "env_package": {"data": {"env_package": "soil", "sample_name": "4LM"}, "type": "soil", "name": "4LM: soil", "id": "mge159746"}, "library": {"type": "WGS", "data": {"metagenome_id": "4477757.3", "file_checksum": "f1391c4d516f1218d127546820cb9845", "investigation_type": "metagenome", "file_name": "2011_11_17_EikoKuramae_4_LM_SFF.sff.fasta", "seq_meth": "454", "sample_name": "4LM", "metagenome_name": "4LM"}, "id": "mgl159747", "name": "4LM"}}, "created": "2011-11-23 15:56:34", "project": ["mgp7774", "https://api.mg-rast.org/project/mgp7774"], "sample": ["mgs159745", "https://api.mg-rast.org/sample/mgs159745"], "mixs_compliant": 0, "version": 1, "library": ["mgl159747", "https://api.mg-rast.org/library/mgl159747"], "status": "public", "pipeline_version": "3.0", "project_metagenomes": ["4477751.3", "4477749.3", "4477755.3", "4477757.3", "4478037.3", "4478030.3", "4477790.3", "4477789.3", "4478936.3", "4478934.3", "4478294.3", "4478292.3", "4478291.3", "4478290.3", "4478283.3", "4478222.3", "4478038.3", "4479311.3", "4478943.3", "4478941.3", "4478940.3", "4478939.3", "4478938.3", "4478937.3"], "owner": "mgu50120"}