{"mixs": {"env_package_type": "soil", "biome": "terrestrial biome", "PI_lastname": "Kuramae", "latitude": 51.97, "location": "Wageningen", "project_id": "mgp1008", "PI_firstname": "Eiko", "material": "soil", "feature": "grassland", "seq_method": "454", "country": "Netherlands", "collection_date": "2011-09-20T13:00:00-0100", "project_name": "Impact of long term fertilization", "longitude": 5.64, "sequence_type": "WGS"}, "sequence_type": "WGS", "url": "https://api.mg-rast.org/metagenome/mgm4485398.3?verbosity=full", "md5_checksum": "d0937be3e8b5e03ad432c05924ac37a2", "project": ["mgp1008", "https://api.mg-rast.org/project/mgp1008"], "metadata": {"library": {"type": "WGS", "id": "mgl264172", "name": "252", "data": {"sample_name": "252", "file_name": "252extracted_clusters_unique.fa", "metagenome_name": "252", "metagenome_id": "4485398.3", "investigation_type": "metagenome", "seq_meth": "454", "file_checksum": "d0937be3e8b5e03ad432c05924ac37a2"}}, "project": {"id": "mgp1008", "name": "Impact of long term fertilization", "data": {"PI_lastname": "Kuramae", "PI_organization_country": "Netherlands", "PI_email": "E.Kuramae@nioo.knaw.nl", "project_name": "Impact of long term fertilization", "PI_organization": "NIOO", "PI_organization_address": "Droevendaalsesteeg 10, 6708 PB Wageningen NL", "PI_firstname": "Eiko"}, "public": "Impact of long term fertilization"}, "env_package": {"type": "soil", "id": "mge264171", "data": {"env_package": "soil", "sample_name": "252"}, "name": "252: soil"}, "sample": {"data": {"feature": "grassland", "env_package": "soil", "collection_timezone": "UTC-1", "longitude": 5.64, "collection_date": "2011-09-20", "country": "Netherlands", "sample_id": "4485398.3", "biome": "terrestrial biome", "collection_time": "13:00:00", "material": "soil", "sample_name": "252", "location": "Wageningen", "latitude": 51.97}, "name": "252", "id": "mgs264170"}}, "owner": "mgu38692", "statistics": {}, "project_metagenomes": ["4485403.3", "4485402.3", "4485401.3", "4485400.3", "4485399.3", "4485398.3", "4485397.3", "4485396.3", "4485395.3", "4485394.3", "4485393.3", "4485392.3", "4485391.3", "4485390.3", "4485389.3"], "sample": ["mgs264170", "https://api.mg-rast.org/sample/mgs264170"], "version": 1, "name": "252", "library": ["mgl264172", "https://api.mg-rast.org/library/mgl264172"], "status": "public", "created": "2012-03-06 15:03:39", "pipeline_parameters": {"fgs_type": "454", "max_ambig": "5", "dereplicate": "no", "m5rna_sims_version": "7", "filter_ln_mult": "-2.86", "filter_ambig": "no", "aa_pid": "90", "filter_ln": "no", "screen_indexes": "h_sapiens_asm", "m5rna_annotation_version": "1", "assembled": "no", "bowtie": "no", "m5nr_annotation_version": "1", "file_type": "fna", "priority": "never", "prefix_length": "50", "rna_pid": "97", "m5nr_sims_version": "7"}, "mixs_compliant": 0, "project_alpha_diversity": {"min": 592.523888845411, "stdv": 33.8673232511824, "max": 730.214632072954, "avg": 640.264546781084}, "pipeline_version": "3.0", "id": "mgm4485398.3", "job_id": 46940}