{"project_metagenomes": ["4464073.3", "4482706.3", "4464065.3", "4474000.3", "4464109.3", "4464108.3", "4482707.3"], "name": "Activated sludge plasmids M09 (MORGES2009-454)", "owner": "mgu14132", "library": ["mgl99681", "https://api.mg-rast.org/library/mgl99681"], "mixs_compliant": 1, "url": "https://api.mg-rast.org/metagenome/mgm4464073.3?verbosity=full", "job_id": 23670, "created": "2011-05-19 16:17:51", "metadata": {"library": {"type": "WGS", "data": {"metagenome_name": "Activated sludge plasmids M09 (MORGES2009-454)", "investigation_type": "metagenome", "seq_chem": "GS FLX Titanium", "gold_id": "Gm00049", "seq_meth": "454", "seq_url": "http://www.jgi.doe.gov/", "file_name": "GHNF.454TrimmedReads.fna", "sample_name": "Activated sludge plasmids M09 (MORGES2009-454)", "seq_model": "Roche 454", "metagenome_id": "4464073.3", "file_checksum": "47f598ddd38f28ca9547816acca092d1", "seq_center": "DOE JGI"}, "id": "mgl99681", "name": "Activated sludge plasmids M09 (MORGES2009-454)"}, "env_package": {"id": "mge99680", "name": "Activated sludge plasmids M09 (MORGES2009-454): wastewater|sludge", "data": {"tot_phosphate": "5.65 mg P/L", "sewage_type": "municipal", "chem_administration": "antibiotics from hospital, heavy metals", "phosphate": "6.96 mg P/l", "nitrate": "1.88 mg N/l", "ph": "7", "sample_name": "Activated sludge plasmids M09 (MORGES2009-454)", "wastewater_type": "human waste, rainfall, storm drains,hospital effluent", "biochem_oxygen_dem": "144 mg O2/l", "chem_oxygen_dem": "467 mg O2/l", "env_package": "wastewater|sludge", "indust_eff_percent": "0"}, "type": "wastewater|sludge"}, "project": {"public": " WWTP activated sludge plasmid (and viral) metagenomes from Switzerland", "data": {"administrative-contact_PI_organization_country": "Switzerland", "project_name": "WWTP activated sludge plasmid (and viral) metagenomes from Switzerland", "PI_organization": "Department of Fundamental Microbiology, University of Lausanne", "PI_organization_address": "Biophore Building, UNIL-Sorge, 1015 Lausanne", "administrative-contact_PI_organization_address": "B\u00e2timent Biophore, Quartier UNIL-Sorge ; 1015 ; Lausanne ;", "email": "vladimir.sentchilo@unil.ch", "organization_country": "Switzerland", "administrative-contact_PI_email": "vladimir.sentchilo@unil.ch", "administrative-contact_PI_lastname": "Sentchilo", "administrative-contact_PI_organization_url": "www.unil.ch/dmf", "project_description": "The aim of the project is to selectively purify, to sequence and to compare mobile gene pools from the activated sludge microbial communities from the two waste water treatment plants (WWTP) in Switzerland. (A fraction of ) mobile gene pool represented by plasmid-like covalently closed double-stranded circular supercoiled DNA molecules was extracted directly from the microbial community, sequenced and assembled. Two WWTPs were sampled : Morges (GPS: 46.5166N, 6.51014E) (municipal waste waters plus hospital effluents; sampled twice-- in 2007 and in 2009) and Visp (GPS: 7.85940W, 46.30044N; mainly (bio)chemical synthesis industry effluents, sampled once in 2009). Short description of the data sets in the project: 4464065.3 (WWTP Morges-2007 Sanger reads);4474073.3 (WWTP Morges-2009 454-reads); 4464108.3 (WWTP Visp-2009, Sanger reads from 8-10 kb insert library); 4464109.3 (WWTP Visp-2009, 454 reads); 4474000.3 (WWTP Morges 2007/2009 contigs assembled by MIRA 3 assembler, only >5x covered contigs longer than 1 kb). For comparison two artificial sets were produced by in silico shearing 1848 NCBI plasmids to pieces of 753 bp (imitating Sanger reads, 4482706.3) and 270 bp (imitating 454 reads, 4482707.3) plus remaining 'tails'.", "PI_lastname": "Sentchilo", "PI_organization_country": "Switzerland", "organization_address": "Biophore Building, UNIL-Sorge, 1015 Lausanne", "firstname": "Vladimir", "administrative-contact_PI_firstname": "Vladimir", "PI_firstname": "Vladimir", "lastname": "Sentchilo", "project_funding": "University of Lausanne, Switzerland.United States Department of Energy Joint Genome Institute (US DOE JGI) as part of the Community Sequencing Program 2007 (project CSP 776886)", "PI_organization_url": "http://www.unil.ch/dmf/page14867.html", "PI_email": "vladimir.sentchilo@unil.ch", "organization": "Department of Fundamental Microbiology, University of Lausanne", "organization_url": "http://www.unil.ch/dmf/page14867.html"}, "id": "mgp731", "name": " WWTP activated sludge plasmid (and viral) metagenomes from Switzerland"}, "sample": {"name": "Activated sludge plasmids M09 (MORGES2009-454)", "id": "mgs99679", "data": {"collection_date": "2009-03-16", "feature": "Wastewater treatment plant", "latitude": 46.5166, "temperature": 14, "sample_name": "Activated sludge plasmids M09 (MORGES2009-454)", "longitude": 6.51014, "elevation": 270, "country": "Switzerland", "misc_param": "Sample source--Municipal WWTP", "material": "Activated sludge", "ph": 7, "location": "Morges", "collection_time": "09:00:00", "biome": "freshwater biome", "collection_timezone": "UTC+01:00", "continent": "europe", "env_package": "wastewater|sludge", "sample_id": "4464073.3", "depth": 0.5}}}, "md5_checksum": "47f598ddd38f28ca9547816acca092d1", "pipeline_parameters": {"filter_ambig": "no", "dereplicate": "yes", "bowtie": "no", "m5rna_sims_version": "7", "rna_pid": "97", "max_ambig": "25", "m5nr_sims_version": "7", "fgs_type": "454", "filter_ln": "no", "priority": "never", "m5nr_annotation_version": "1", "filter_ln_mult": "-1.63", "screen_indexes": "h_sapiens_asm", "assembled": "no", "m5rna_annotation_version": "1", "aa_pid": "90", "prefix_length": "50", "file_type": "fna"}, "mixs": {"location": "Morges", "PI_lastname": "Sentchilo", "biome": "freshwater biome", "seq_method": "454", "project_id": "mgp731", "project_name": " WWTP activated sludge plasmid (and viral) metagenomes from Switzerland", "sequence_type": "WGS", "collection_date": "2009-03-16T09:00:00+0100", "latitude": 46.5166, "env_package_type": "wastewater|sludge", "feature": "Wastewater treatment plant", "country": "Switzerland", "longitude": 6.51014, "PI_firstname": "Vladimir", "material": "Activated sludge"}, "project": ["mgp731", "https://api.mg-rast.org/project/mgp731"], "project_alpha_diversity": {"stdv": 64.7661521408246, "min": 337.976883076442, "max": 560.141835015785, "avg": 438.5668269036}, "id": "mgm4464073.3", "sequence_type": "WGS", "version": 1, "sample": ["mgs99679", "https://api.mg-rast.org/sample/mgs99679"], "pipeline_version": "3.0", "status": "public", "statistics": {}}