{"pipeline_version": "3.0", "name": "PhagesSub1Day1", "statistics": {}, "sequence_type": "WGS", "url": "https://api.mg-rast.org/metagenome/mgm4445728.3?verbosity=full", "metadata": {"library": {"data": {"file_checksum": "e7dc828df151d21db44efea5dc1c3282", "metagenome_name": "PhagesSub1Day1", "metagenome_id": "4445728.3", "pubmed_id": "22158393", "seq_meth": "454", "investigation_type": "metagenome"}, "id": "mgl48946", "name": "mgl48946", "type": "WGS"}, "sample": {"name": "mgs15579", "data": {"location": "California", "continent": "north_america", "material": "human-associated habitat", "latitude": 14, "isol_growth_condt": "22158393", "collection_timezone": "UTC", "longitude": -14, "collection_time": "12:00:00", "feature": "human-associated habitat", "biome": "human-associated habitat", "country": "United States of America", "collection_date": "2008-06-01", "env_package": "human-associated"}, "id": "mgs15579"}, "env_package": {"id": "mge48947", "data": {"host_subject_id": "1", "env_package": "human-associated", "profile_rating_demo 2": "bronze", "sex": "Male", "age": "37 ; Second"}, "name": "mge48947", "type": "human-associated"}, "project": {"name": "Project for: PhagesSub1Day1", "data": {"lastname": "Pride", "project_description": "Analysis of Saliva Virome", "project_name": "Saliva Virome", "administrative-contact_PI_firstname": "David", "organization_country": "United States of America", "administrative-contact_PI_lastname": "Pride", "administrative-contact_PI_email": "pridedt9@gmail.com", "firstname": "David", "administrative-contact_PI_organization_country": "United States of America", "email": "pridedt9@gmail.com"}, "public": "Project for: PhagesSub1Day1", "id": "mgp476"}}, "sample": ["mgs15579", "https://api.mg-rast.org/sample/mgs15579"], "pipeline_parameters": {"dereplicate": "yes", "filter_ambig": "yes", "file_type": "fna", "max_ambig": "5", "screen_indexes": "h_sapiens", "aa_pid": "90", "bowtie": "yes", "prefix_length": "50", "filter_ln": "yes", "priority": "never", "filter_ln_mult": "2.0", "fgs_type": "454", "m5rna_annotation_version": "1", "assembled": "no", "m5nr_annotation_version": "1", "m5rna_sims_version": "7", "m5nr_sims_version": "7", "rna_pid": "97"}, "created": "2009-12-04 00:56:32", "id": "mgm4445728.3", "version": 1, "mixs_compliant": 1, "project_alpha_diversity": {"avg": 158.53176299344, "max": 158.53176299344, "min": 158.53176299344, "stdv": 0}, "md5_checksum": "e7dc828df151d21db44efea5dc1c3282", "mixs": {"collection_date": "2008-06-01T12:00:00Z", "env_package_type": "human-associated", "sequence_type": "WGS", "PI_lastname": null, "seq_method": "454", "feature": "human-associated habitat", "country": "United States of America", "biome": "human-associated habitat", "PI_firstname": null, "project_name": "Project for: PhagesSub1Day1", "longitude": -14, "location": "California", "material": "human-associated habitat", "latitude": 14, "project_id": "mgp476"}, "library": ["mgl48946", "https://api.mg-rast.org/library/mgl48946"], "project": ["mgp476", "https://api.mg-rast.org/project/mgp476"], "owner": "mgu13502", "status": "public", "project_metagenomes": ["4445728.3"], "job_id": 5629}