{"status": "public", "sequence_type": "WGS", "library": ["mgl477148", "https://api.mg-rast.org/library/mgl477148"], "id": "mgm4450630.3", "name": "Tob_shotgun", "job_id": 10353, "sample": ["mgs477146", "https://api.mg-rast.org/sample/mgs477146"], "version": 1, "statistics": {}, "project": ["mgp271", "https://api.mg-rast.org/project/mgp271"], "project_alpha_diversity": {"avg": 718.224371189495, "max": 814.672792461465, "stdv": 94.9686550073062, "min": 552.015272165527}, "url": "https://api.mg-rast.org/metagenome/mgm4450630.3?verbosity=full", "project_metagenomes": ["4450631.3", "4450630.3", "4450629.3", "4450628.3", "4450172.3", "4450171.3", "4450131.3", "4450130.3"], "mixs": {"material": "contaminated soil", "location": "South Bohemia", "biome": "terrestrial biome", "latitude": 48.99, "PI_lastname": "Paces", "PI_firstname": "Jan", "feature": "landfill", "collection_date": "2012-06-01T10:30:00+0200", "seq_method": "454", "project_name": "Rhizosphere", "longitude": 14.16, "env_package_type": "soil", "country": "Czech Republic", "sequence_type": "WGS", "project_id": "mgp271"}, "mixs_compliant": 0, "owner": "mgu3612", "pipeline_parameters": {"fgs_type": "454", "rna_pid": "97", "prefix_length": "50", "m5nr_annotation_version": "1", "priority": "never", "filter_ln_mult": "2.0", "max_ambig": "5", "filter_ambig": "yes", "m5nr_sims_version": "7", "assembled": "no", "screen_indexes": "h_sapiens", "filter_ln": "yes", "m5rna_annotation_version": "1", "aa_pid": "90", "m5rna_sims_version": "7", "bowtie": "yes", "file_type": "fna", "dereplicate": "yes"}, "md5_checksum": "153e53602287beb026f6b68fcc74c431", "created": "2010-08-17 08:33:16", "pipeline_version": "3.0", "metadata": {"sample": {"id": "mgs477146", "data": {"country": "Czech Republic", "collection_time": "10:30:00", "sample_name": "Tob", "continent": "europe", "longitude": 14.16, "latitude": 48.99, "collection_timezone": "UTC+2", "biome": "terrestrial biome", "elevation": 531, "depth": 1, "feature": "landfill", "collection_date": "2012-06-01", "experimental_factor": "Tobacco vegetation", "material": "contaminated soil", "location": "South Bohemia", "env_package": "soil"}, "name": "Tob"}, "library": {"id": "mgl477148", "data": {"seq_meth": "454", "sample_name": "Tob", "metagenome_id": "4450630.3", "metagenome_name": "Tob_shotgun", "file_checksum": "153e53602287beb026f6b68fcc74c431", "investigation_type": "metagenome"}, "name": "Tob_shotgun", "type": "WGS"}, "env_package": {"type": "soil", "name": "Tob: soil", "data": {"env_package": "soil", "sample_name": "Tob"}, "id": "mge477147"}, "project": {"name": "Rhizosphere", "data": {"administrative-contact_PI_lastname": "Paces", "project_funding": "NPVII MSMT CR", "lastname": "Ridl", "PI_organization_address": "Videnska 1083, 14220 Prague 4, Czech Republic", "project_name": "rhizosphere", "organization": "Institute of Molecular Genetics of the ASCR", "administrative-contact_PI_firstname": "Jan", "organization_url": "http://www.img.cas.cz/en/", "organization_country": "Czech Republic", "administrative-contact_PI_email": "hpaces@img.cas.cz", "envo_release": "2013-04-27", "PI_email": "jan.paces@img.cas.cz", "PI_firstname": "Jan", "firstname": "Jakub", "administrative-contact_PI_organization_country": "Czech Republic", "project_description": "454 shotgun sequencing of plant root zone specific microbiomes in long-term contaminated soil", "PI_organization_country": "Czech Republic", "PI_lastname": "Paces", "email": "ridlj@img.cas.cz", "organization_address": "Videnska 1083, 14220 Prague 4, Czech Republic", "administrative-contact_PI_organization_url": "www.img.cas.cz", "PI_organization_url": "http://www.img.cas.cz/en/", "PI_organization": "Institute of Molecular Genetics of the ASCR"}, "id": "mgp271", "public": "Rhizosphere"}}}