{"sequence_type": "WGS", "created": "2011-05-19 16:13:21", "md5_checksum": "b14ea76a9849494c1d14bd6ef572f753", "url": "https://api.mg-rast.org/metagenome/mgm4461357.3?verbosity=full", "job_id": 20954, "status": "public", "version": 1, "project_alpha_diversity": {"min": 64.0395380732756, "stdv": 127.636783770229, "max": 579.577504510195, "avg": 398.997515219094}, "pipeline_version": "3.0", "pipeline_parameters": {"rna_pid": "97", "dereplicate": "yes", "aa_pid": "90", "m5rna_annotation_version": "1", "assembled": "no", "file_type": "fna", "filter_ambig": "yes", "filter_ln": "yes", "m5nr_sims_version": "7", "filter_ln_mult": "2.0", "m5rna_sims_version": "7", "max_ambig": "5", "bowtie": "yes", "prefix_length": "50", "fgs_type": "454", "priority": "never", "m5nr_annotation_version": "1", "screen_indexes": "h_sapiens"}, "statistics": {}, "mixs_compliant": 0, "metadata": {"sample": {"id": "mgs25494", "name": "mgs25494", "data": {"samp_mat_process": "DNA extraction", "material": "feces", "feature": "feces", "samp_collect_device": "Fecal samples were collected from wild and captive animals in the early morning and immediately frozen in N2 or dry ice, shipped or returned to the laboratory on dry ice, and preserved at -80\u00baC.  For conspecific animals housed in groups, 2-3 samples were obtained from separate parts of their shared nighttime living quarters, to ensure that they were produced by different individuals. \rgSamples from wild animals were collected in Namibia (Hartmann's Mountain \rZebra, Hamadryas Baboon, Springbok, African Elephant) by observing animals drawn to \ra water hole.\r\rFecal samples were pulverized with a mortar and pestle at -80oC. A 500\rmg aliquot of each frozen pulverized sample was re-suspended in a solution containing\r500&#956;L of extraction buffer [200mM Tris (pH 8.0), 200mM NaCl, 20mM EDTA], 210&#956;L\rof 20% SDS, 500&#956;L of phenol:chloroform:isoamyl alcohol (25:24:1) and 500&#956;L of a\rslurry of 0.1-mm diameter zirconia/silica beads. Cells were then mechanically disrupted\rusing a bead beater (Biospec, maximum setting; 3 min at room temperature), followed by\rextraction with phenol:chloroform:isoamyl alcohol and precipitation with isopropanol.", "key_seq": "GACT", "collection_timezone": "UTC", "isol_growth_condt": "21596990, 18497261", "taxon_id": "749906", "env_package": "host-associated", "latitude": 38.633556, "biome": "feces", "continent": "north_america", "anonymized_name": "Gazelle3", "sample_name": "Gazelle3", "elevation": 152, "sample_id": "qiime:237810", "samp_size": ".1, gram", "location": "St Louis Zoo", "altitude": 0, "platform": "FLX", "public": "y", "description": "Speke's gazelle", "country": "United States of America", "assigned_from_geo": "n", "longitude": -90.29137, "depth": 0, "sample_center": "CGS-GL", "title": "mammalian gut microbiome"}}, "project": {"data": {"study_alias": "Mammals_CalorieRestrictedHumans_2011", "project_name": "muegge_mammals_paper_mammal_samples_MG", "sff_complete": "n", "investigation_type": "metagenome", "sample_count": "39", "study_center": "CGS-GL", "metadata_complete": "y", "sample_collection_id": "6558", "miens_compliant": "y", "study_abstract": "The co-evolution of mammals and their gut microbiota reflects their joint evolution and diversity of habitats and life styles. We used shotgun sequencing of microbial community DNA and targeted sequencing of bacterial 16S rRNA genes to gain an understanding of how microbial communities adapt to extremes of diets. We sampled fecal DNAs from 33 mammalian species and 18 humans who kept detailed diet records, and found that the functional adaptation of the microbiota to diet is similar across different mammalian lineages. The differences between microbiomes of host species having different diets appears to stem from differing abundances of shared functions, for example the microbiomes of carnivores have specialized to degrade proteins as an energy source, while communities within herbivores have specialized to synthesize amino acid building blocks.  These results illustrate the value of characterizing vertebrate gut microbiomes to understand host evolutionary histories at a supra-organismal level.", "submit_to_insdc": "n", "qiime_id": "qiime:628", "study_description": "Comparative metagenomic survey of gut microbiomes from 33 mammalian species, and 18 calorie-restricted humans, addressing the role of diet in shaping microbial communitry structure and function.", "study_title": "Diet drives convergence in gut microbiome functions across mammalian phylogeny and within humans"}, "id": "mgp116", "name": "muegge_mammals_paper_mammal_samples_MG", "public": "muegge_mammals_paper_mammal_samples_MG"}, "env_package": {"data": {"body_site": "gut", "host_taxid": "69307", "sample_name": "Gazelle3", "host_growth_cond": "captivity", "diet": "Herbivore", "env_package": "host-associated", "samp_store_temp": "-80 ; Celsius", "host_common_name": "Speke's gazelle", "host_subject_id": "Gazelle3", "body_product": "feces"}, "type": "host-associated", "id": "mge38093", "name": "mge38093"}, "library": {"data": {"investigation_type": "metagenome", "barcode": "MID10", "target_gene": "metagenome", "experiment_title": "Diet drives convergence in gut microbiome functions across mammalian phylogeny and within humans", "library_construction_protocol": "Each fecal community DNA sample was randomly fragmented by nebulization to 400-800 bp, and then labeled with a distinct MID (Multiplex IDentifier; Roche) using the MID manufacturer?s protocol (general library preparation for FLX standard). Equivalent amounts of up to 12 MID-labeled samples were pooled prior to each pyrosequencer run.", "run_date": "3/6/09", "file_checksum": "b14ea76a9849494c1d14bd6ef572f753", "experiment_design_description": "Comparative metagenomic survey of gut microbiomes from 33 mammalian species, and 18 calorie-restricted humans, addressing the role of diet in shaping microbial communitry structure and function.", "run_prefix": "FR5J5WI", "experiment_center": "CGS-GL", "seq_meth": "pyrosequencing", "sequences_sequences_filtered": "Shotgun reads were filtered using custom Perl scripts and publicly available software to remove (i) all reads less than 60 bases in length, (ii) reads with degenerate bases (N\u2019s), (iii) all duplicates (a known artifact of pyrosequencing), defined as sequences whose initial 20 nucleotides are identical and that share an overall identity of >97% throughout the length of the shortest read", "lib_type": "shotgun", "pubmed_id": "21596990, 18497261", "metagenome_id": "4461357.3", "sample_name": "Gazelle3", "seq_model": "454 GS FLX", "metagenome_name": "Gazelle3.MG", "run_center": "CGS_GL"}, "type": "WGS", "id": "mgl8763", "name": "mgl8763"}}, "project_metagenomes": ["4461341.3", "4461342.3", "4461343.3", "4461344.3", "4461345.3", "4461346.3", "4461347.3", "4461348.3", "4461349.3", "4461350.3", "4461351.3", "4461352.3", "4461353.3", "4461354.3", "4461355.3", "4461356.3", "4461357.3", "4461358.3", "4461360.3", "4461361.3", "4461362.3", "4461363.3", "4461364.3", "4461365.3", "4461366.3", "4461367.3", "4461368.3", "4461369.3", "4461370.3", "4461371.3", "4461372.3", "4461374.3", "4461375.3", "4461376.3", "4461377.3", "4461378.3", "4461379.3", "4461380.3", "4461383.3"], "sample": ["mgs25494", "https://api.mg-rast.org/sample/mgs25494"], "project": ["mgp116", "https://api.mg-rast.org/project/mgp116"], "name": "Gazelle3.MG", "owner": "mgu24262", "id": "mgm4461357.3", "library": ["mgl8763", "https://api.mg-rast.org/library/mgl8763"], "mixs": {"seq_method": "pyrosequencing", "sequence_type": "WGS", "collection_date": "", "location": "St Louis Zoo", "PI_firstname": null, "feature": "feces, animal-associated habitat", "material": "feces, animal-associated habitat", "PI_lastname": null, "biome": "feces, animal-associated habitat", "env_package_type": "host-associated", "longitude": -90.29137, "project_name": "muegge_mammals_paper_mammal_samples_MG", "country": "United States of America", "latitude": 38.633556, "project_id": "mgp116"}}