{"pipeline_version": "3.0", "mixs": {"location": "Ithaca, NY", "feature": "animal-associated habitat", "biome": "Temperate grasslands", "sequence_type": "WGS", "material": "feces", "project_name": "TLR5KO_454_Metagenome", "longitude": -76.501893, "country": "USA", "collection_date": "2009-11-16T12:00:00-0500", "PI_lastname": "Ley", "PI_firstname": "Ruth", "env_package_type": "host-associated", "seq_method": "454", "latitude": 42.444015, "project_id": "mgp6244"}, "metadata": {"library": {"id": "mgl138921", "data": {"metagenome_id": "4447455.3", "seq_meth": "454", "metagenome_name": "TLR5KO2", "file_checksum": "e5ff74fee85d98e534b63578178c8805", "investigation_type": "metagenome", "sample_name": "TLR5KO2"}, "name": "TLR5KO2", "type": "WGS"}, "project": {"name": "TLR5KO_454_Metagenome", "public": "TLR5KO_454_Metagenome", "data": {"project_name": "T5KO_454_MetaG", "PI_lastname": "Ley", "PI_firstname": "Ruth", "PI_organization": "Cornell", "mgrast_id": "mgp6244", "PI_email": "rel222@cornell.edu", "PI_organization_address": "467 Biotechnology Building, Ithaca, NY, 14853", "PI_organization_country": "USA"}, "id": "mgp6244"}, "sample": {"id": "mgs138919", "data": {"collection_timezone": "UTC-5", "latitude": 42.444015, "sample_name": "TLR5KO2", "collection_date": "2009-11-16", "country": "USA", "longitude": -76.501893, "material": "feces", "env_package": "host-associated", "feature": "animal-associated habitat", "biome": "Temperate grasslands", "collection_time": "12:00:00", "location": "Ithaca, NY"}, "name": "TLR5KO2"}, "env_package": {"id": "mge138920", "data": {"body_site": "cecum", "sample_name": "TLR5KO2", "env_package": "host-associated", "mgrast_id": "mge138920"}, "name": "TLR5KO2: host-associated", "type": "host-associated"}}, "owner": "mgu18732", "created": "2010-04-08 15:38:24", "name": "TLR5KO2", "md5_checksum": "e5ff74fee85d98e534b63578178c8805", "status": "public", "version": 1, "project_alpha_diversity": {"stdv": 27.5564022215991, "min": 289.817944669576, "avg": 343.089591581615, "max": 377.946691310169}, "url": "https://api.mg-rast.org/metagenome/mgm4447455.3?verbosity=full", "pipeline_parameters": {"filter_ln_mult": "2.0", "aa_pid": "90", "bowtie": "yes", "filter_ln": "yes", "prefix_length": "50", "dereplicate": "yes", "file_type": "fna", "max_ambig": "5", "rna_pid": "97", "m5rna_sims_version": "7", "fgs_type": "454", "priority": "never", "m5nr_sims_version": "7", "screen_indexes": "h_sapiens", "m5rna_annotation_version": "1", "m5nr_annotation_version": "1", "filter_ambig": "yes", "assembled": "no"}, "sample": ["mgs138919", "https://api.mg-rast.org/sample/mgs138919"], "project_metagenomes": ["4447454.3", "4447455.3", "4447456.3", "4447457.3", "4447449.3", "4447448.3", "4447447.3", "4447446.3"], "project": ["mgp6244", "https://api.mg-rast.org/project/mgp6244"], "statistics": {}, "id": "mgm4447455.3", "job_id": 7281, "sequence_type": "WGS", "mixs_compliant": 1, "library": ["mgl138921", "https://api.mg-rast.org/library/mgl138921"]}