{"library": ["mgl48964", "https://api.mg-rast.org/library/mgl48964"], "job_id": 5635, "sequence_type": "WGS", "pipeline_parameters": {"max_ambig": "5", "m5rna_annotation_version": "1", "rna_pid": "97", "m5nr_annotation_version": "1", "prefix_length": "50", "assembled": "no", "fgs_type": "454", "m5nr_sims_version": "7", "priority": "never", "m5rna_sims_version": "7", "filter_ambig": "yes", "aa_pid": "90", "filter_ln": "yes", "filter_ln_mult": "2.0", "screen_indexes": "h_sapiens", "file_type": "fna", "dereplicate": "yes", "bowtie": "yes"}, "metadata": {"project": {"public": "Project for: PhagesSub5Day1", "name": "Project for: PhagesSub5Day1", "id": "mgp485", "data": {"lastname": "Pride", "organization_country": "United States of America", "project_description": "Analysis of saliva viromes", "administrative-contact_PI_lastname": "Pride", "project_name": "Saliva Virome", "firstname": "David", "administrative-contact_PI_organization_country": "United States of America", "administrative-contact_PI_firstname": "David", "email": "pridedt9@gmail.com", "administrative-contact_PI_email": "pridedt9@gmail.com"}}, "library": {"data": {"metagenome_id": "4445735.3", "pubmed_id": "22158393", "metagenome_name": "PhagesSub5Day1", "file_checksum": "cd714555913d6eede8cc979f61c35e6c", "seq_meth": "454", "investigation_type": "metagenome"}, "type": "WGS", "name": "mgl48964", "id": "mgl48964"}, "sample": {"data": {"biome": "human-associated habitat", "material": "human-associated habitat", "location": "California", "longitude": -117.2, "continent": "north_america", "feature": "human-associated habitat", "collection_date": "2008-06-01", "env_package": "human-associated", "latitude": 32.9, "country": "United States of America", "collection_timezone": "UTC", "collection_time": "12:00:00", "isol_growth_condt": "22158393"}, "name": "mgs15589", "id": "mgs15589"}, "env_package": {"data": {"sex": "Male", "profile_rating_demo 2": "bronze", "age": "36 ; Second", "env_package": "human-associated", "host_subject_id": "3"}, "name": "mge48965", "id": "mge48965", "type": "human-associated"}}, "md5_checksum": "cd714555913d6eede8cc979f61c35e6c", "project_metagenomes": ["4445735.3"], "status": "public", "owner": "mgu13502", "pipeline_version": "3.0", "statistics": {}, "mixs": {"PI_firstname": null, "sequence_type": "WGS", "env_package_type": "human-associated", "project_id": "mgp485", "seq_method": "454", "project_name": "Project for: PhagesSub5Day1", "collection_date": "2008-06-01T12:00:00Z", "PI_lastname": null, "latitude": 32.9, "country": "United States of America", "longitude": -117.2, "feature": "human-associated habitat", "biome": "human-associated habitat", "material": "human-associated habitat", "location": "California"}, "name": "PhagesSub5Day1", "id": "mgm4445735.3", "sample": ["mgs15589", "https://api.mg-rast.org/sample/mgs15589"], "mixs_compliant": 1, "project_alpha_diversity": {"stdv": 0, "min": 20.1489761939227, "max": 20.1489761939227, "avg": 20.1489761939227}, "created": "2009-12-04 02:44:37", "version": 1, "url": "https://api.mg-rast.org/metagenome/mgm4445735.3?verbosity=full", "project": ["mgp485", "https://api.mg-rast.org/project/mgp485"]}