{"sequence_type": "WGS", "mixs": {"project_id": "mgp4747", "collection_date": "2009-10-06T09:00:00ERROR timezone has no sign in (1)", "latitude": 51.9673749, "sequence_type": "WGS", "biome": "terrestrial biome", "longitude": 5.663678, "feature": "field", "PI_firstname": "Jos", "project_name": "Hoeven metatranscriptome", "env_package_type": "plant-associated", "location": "wageningen", "PI_lastname": "Raaijmakers", "material": "rhizosphere", "seq_method": "illumina", "country": "Netherlands"}, "url": "https://api.mg-rast.org/metagenome/mgm4477703.3?verbosity=full", "project": ["mgp4747", "https://api.mg-rast.org/project/mgp4747"], "sample": ["mgs268214", "https://api.mg-rast.org/sample/mgs268214"], "statistics": {}, "md5_checksum": "3bc90170c22f288a60ac9b6b9781a1bd", "owner": "mgu49827", "library": ["mgl268216", "https://api.mg-rast.org/library/mgl268216"], "pipeline_version": "3.0", "project_metagenomes": ["4481670.3", "4481669.3", "4481668.3", "4481667.3", "4481666.3", "4481665.3", "4477709.3", "4477703.3", "4477702.3", "4478287.3", "4478286.3", "4477704.3", "4479548.3", "4479547.3", "4478289.3", "4477983.3", "4480877.3", "4480797.3", "4480777.3", "4480766.3", "4480765.3", "4480759.3"], "created": "2011-11-22 09:45:16", "job_id": 37300, "metadata": {"env_package": {"data": {"climate_environment": "Growthchamber, 70% humidity, 16h daylight", "life_stage": "seedling", "host_taxid": "161934", "sample_name": "mRNA_S3", "fertilizer_regm": "Hoagland macronutrients", "phenotype": "healthy", "host_common_name": "sugarbeet", "env_package": "plant-associated", "plant_body_site": "rhizosphere", "fungicide_regm": "Hymexazol, Thiram seed coating", "age": "21 days", "air_temp_regm": "22", "infra_specific_rank": "Aligator", "misc_param_1": "env_package: plant-associated"}, "id": "mge268215", "type": "plant-associated", "name": "mRNA_S3: plant-associated"}, "sample": {"name": "mRNA_S3", "data": {"sample_name": "mRNA_S3", "latitude": 51.9673749, "temperature": 22, "continent": "europe", "biome": "terrestrial biome", "longitude": 5.663678, "collection_date": "2009-10-06", "collection_time": "9:00:00", "material": "rhizosphere", "country": "Netherlands", "env_package": "plant-associated", "feature": "field", "ph": 5.8, "collection_timezone": "UTC1", "location": "wageningen"}, "id": "mgs268214"}, "library": {"data": {"investigation_type": "metagenome", "seq_make": "Illumina", "sample_name": "mRNA_S3", "file_name": "5_S6_clean.fasta", "metagenome_name": "RMcleanS6derep", "file_checksum": "3bc90170c22f288a60ac9b6b9781a1bd", "seq_center": "Vertis Biotech, Germany", "seq_meth": "illumina", "metagenome_id": "4477703.3", "seq_model": "HiSeq"}, "id": "mgl268216", "type": "WGS", "name": "RMcleanS6derep"}, "project": {"name": "Hoeven metatranscriptome", "public": "Hoeven metatranscriptome", "data": {"firstname": "Emilie", "PI_organization": "Wageningen University", "project_description": "This project aim at comparing the soil metatranscriptome in the rhizosphere of sugarbeet plants grown in a suppressive soil in the presence (Sr) or absence (S) of the fungal pathogen Rhizoctonia solani.\nThe dataset comprises 3 biological replicates (pooled rhizosphere soil from 12 21-days-old sugarbeet plants) of each S and Sr treatments.", "project_funding": "NWO / EU", "PI_lastname": "Raaijmakers", "project_name": "Hoeven metatranscriptome", "organization_address": "Droevendaalsesteeg 1, Radix", "PI_firstname": "Jos", "PI_email": "jos.raaijmakers@wur.nl", "organization_url": "http://www.wageningenur.nl/en/Expertise-Services/Chair-groups/Plant-Sciences/Laboratory-of-Phytopathology/Research/Bacterial-Ecology-Genomics.htm", "lastname": "Chapelle", "PI_organization_address": "Droevendaalsesteeg 1, Radix", "email": "emilie.chapelle@wur.nl", "organization_country": "Netherlands", "PI_organization_url": "http://www.wageningenur.nl/en/Expertise-Services/Chair-groups/Plant-Sciences/Laboratory-of-Phytopathology/Research/Bacterial-Ecology-Genomics.htm", "PI_organization_country": "Netherlands", "organization": "Wageningen University"}, "id": "mgp4747"}}, "version": 1, "status": "public", "project_alpha_diversity": {"max": 913.922525876901, "min": 59.3762830326442, "stdv": 317.110157649563, "avg": 570.395555136054}, "pipeline_parameters": {"aa_pid": "90", "filter_ambig": "no", "file_type": "fna", "filter_ln": "no", "bowtie": "no", "max_ambig": "5", "m5rna_sims_version": "1", "fgs_type": "454", "filter_ln_mult": "-12.18", "m5rna_annotation_version": "1", "prefix_length": "50", "priority": "never", "m5nr_sims_version": "7", "assembled": "no", "rna_pid": "97", "dereplicate": "yes", "screen_indexes": "h_sapiens_asm", "m5nr_annotation_version": "1"}, "name": "RMcleanS6derep", "mixs_compliant": 1, "id": "mgm4477703.3"}