{"version": 1, "sequence_type": "WGS", "status": "public", "created": "2010-07-12 16:42:03", "pipeline_version": "3.0", "md5_checksum": "0f6e2795f277d15a19c978e9f310eb7a", "library": ["mgl363273", "https://api.mg-rast.org/library/mgl363273"], "statistics": {}, "mixs": {"latitude": 44.24, "collection_date": "2009-09-18T10:14:59+0100", "PI_lastname": "Lettieri", "PI_firstname": "Teresa", "location": "Genova Port", "longitude": -8.55, "country": "Italy", "sequence_type": "WGS", "feature": "harbor", "project_id": "mgp2901", "project_name": "Monitoring Mediterranean Sea", "material": "water", "biome": "sea", "seq_method": "454", "env_package_type": "water"}, "mixs_compliant": 0, "project_metagenomes": ["4451593.3", "4451102.3", "4449685.3", "4449589.3"], "pipeline_parameters": {"dereplicate": "yes", "screen_indexes": "h_sapiens", "rna_pid": "97", "m5rna_annotation_version": "1", "priority": "never", "filter_ln_mult": "2.0", "fgs_type": "454", "m5nr_sims_version": "7", "m5nr_annotation_version": "1", "file_type": "fna", "m5rna_sims_version": "7", "assembled": "no", "prefix_length": "50", "filter_ln": "yes", "bowtie": "yes", "max_ambig": "5", "filter_ambig": "yes", "aa_pid": "90"}, "owner": "mgu23972", "id": "mgm4449685.3", "project": ["mgp2901", "https://api.mg-rast.org/project/mgp2901"], "name": "PolS2", "metadata": {"sample": {"name": "PolS2", "data": {"longitude": -8.55, "location": "Genova Port", "collection_time": "10:14:59", "collection_timezone": "UTC+1", "sample_name": "PolS2", "country": "Italy", "latitude": 44.24, "collection_date": "2009-09-18", "env_package": "water", "material": "water", "biome": "sea", "feature": "harbor"}, "id": "mgs363271"}, "env_package": {"id": "mge363272", "data": {"env_package": "water", "sample_name": "PolS2"}, "name": "PolS2: water", "type": "water"}, "library": {"data": {"investigation_type": "metagenome", "metagenome_name": "PolS2", "metagenome_id": "4449685.3", "file_checksum": "0f6e2795f277d15a19c978e9f310eb7a", "seq_meth": "454", "sample_name": "PolS2"}, "id": "mgl363273", "name": "PolS2", "type": "WGS"}, "project": {"id": "mgp2901", "public": "Monitoring Mediterranean Sea", "data": {"firstname": "Veljo", "project_name": "Monitoring Mediterranean Sea", "PI_organization_country": "Italy", "PI_email": "teresa.lettieri@jrc.ec.europa.eu", "PI_organization_address": "Institute for Environment and Sustainability, Water  Resources Unit, TP 121, Via E.Fermi, 2749, 21027 Ispra (VA)", "lastname": "Kisand", "PI_firstname": "Teresa", "envo_release": "2013-04-27", "PI_lastname": "Lettieri", "PI_organization": "European Commission, DG Joint Research Centre", "email": "kisand@ut.ee"}, "name": "Monitoring Mediterranean Sea"}}, "project_alpha_diversity": {"min": 388.994876606732, "max": 641.486448958875, "avg": 497.585917807694, "stdv": 106.059947160785}, "url": "https://api.mg-rast.org/metagenome/mgm4449685.3?verbosity=full", "sample": ["mgs363271", "https://api.mg-rast.org/sample/mgs363271"], "job_id": 9416}