{"created": "2011-12-14 10:58:54", "url": "https://api.mg-rast.org/metagenome/mgm4478936.3?verbosity=full", "statistics": {}, "job_id": 39365, "sequence_type": "WGS", "md5_checksum": "021e0749187fc16d98e698ebc5b96421", "project": ["mgp7774", "https://api.mg-rast.org/project/mgp7774"], "mixs": {"PI_lastname": "Mendes", "location": "Amazonia", "sequence_type": "WGS", "seq_method": "454", "material": "bulk soil", "PI_firstname": "Lucas William", "biome": "Tropical and subtropical moist broadleaf forest biome", "project_name": "Soybean Rhizosphere from Amazon Soils", "feature": "agricultural soil", "latitude": -11.6832502, "country": "Brazil", "project_id": "mgp7774", "env_package_type": "soil", "collection_date": "2010-11-01T11:40:00ERROR tz_hour > 12 in (20)", "longitude": -55.8357663}, "pipeline_parameters": {"priority": "never", "filter_ln_mult": "1.99", "prefix_length": "50", "m5rna_sims_version": "7", "dereplicate": "yes", "m5nr_sims_version": "7", "aa_pid": "90", "m5nr_annotation_version": "1", "file_type": "fna", "filter_ambig": "yes", "bowtie": "no", "screen_indexes": "h_sapiens_asm", "rna_pid": "97", "m5rna_annotation_version": "1", "assembled": "no", "max_ambig": "5", "fgs_type": "454", "filter_ln": "yes"}, "pipeline_version": "3.0", "mixs_compliant": 0, "owner": "mgu50120", "project_alpha_diversity": {"stdv": 35.0016630073723, "max": 693.056468271845, "avg": 641.752377404847, "min": 539.324720307438}, "name": "17LM", "metadata": {"env_package": {"type": "soil", "name": "17LM: soil", "data": {"env_package": "soil", "sample_name": "17LM"}, "id": "mge159785"}, "sample": {"id": "mgs159784", "data": {"sample_name": "17LM", "country": "Brazil", "latitude": -11.6832502, "feature": "agricultural soil", "collection_time": "11:40:00", "longitude": -55.8357663, "env_package": "soil", "collection_timezone": "UTC-20", "collection_date": "2010-11-01", "location": "Amazonia", "biome": "Tropical and subtropical moist broadleaf forest biome", "material": "bulk soil"}, "name": "17LM"}, "library": {"name": "17LM", "data": {"seq_meth": "454", "metagenome_id": "4478936.3", "investigation_type": "metagenome", "sample_name": "17LM", "file_checksum": "021e0749187fc16d98e698ebc5b96421", "metagenome_name": "17LM", "file_name": "2011_12_02_EikoKuramae_17_LM_SFF.sff.fasta"}, "type": "WGS", "id": "mgl159786"}, "project": {"data": {"lastname": "Mendes", "organization": "Center for Nuclear Energy in Agriculture CENA-USP", "organization_country": "Brazil", "PI_firstname": "Lucas William", "firstname": "Lucas William", "project_name": "Soybean Rhizosphere from Amazon Soils", "envo_release": "2013-04-27", "project_description": "The selection of the rhizospheric microbial community from the bulk soil reservoir under agricultural management of soybean in Amazon forest soils. [Reference: Mendes LW, Kuramae EE, Navarrete AA, van VEEN JA, Tsai SM. (2014). Taxonomical and functional microbial community selection in soybean rhizosphere. The ISME Journal 8:1577-1587, 2014]", "project_funding": "FAPESP", "PI_lastname": "Mendes", "email": "lucaswmendes@gmail.com", "PI_organization_address": "Avenida Centen\u00e1rio 303, CEP 13400-970 Piracicaba-SP", "PI_organization_country": "Brazil", "organization_url": "www.cena.usp.br", "PI_organization_url": "www.cena.usp.br", "PI_email": "lucaswmendes@gmail.com", "PI_organization": "Center for Nuclear Energy in Agriculture CENA-USP", "organization_address": "Avenida Centenario 303", "mgrast_id": "mgp7774"}, "name": "Soybean Rhizosphere from Amazon Soils", "public": "Soybean Rhizosphere from Amazon Soils", "id": "mgp7774"}}, "sample": ["mgs159784", "https://api.mg-rast.org/sample/mgs159784"], "version": 1, "id": "mgm4478936.3", "project_metagenomes": ["4477751.3", "4477749.3", "4477755.3", "4477757.3", "4478037.3", "4478030.3", "4477790.3", "4477789.3", "4478936.3", "4478934.3", "4478294.3", "4478292.3", "4478291.3", "4478290.3", "4478283.3", "4478222.3", "4478038.3", "4479311.3", "4478943.3", "4478941.3", "4478940.3", "4478939.3", "4478938.3", "4478937.3"], "status": "public", "library": ["mgl159786", "https://api.mg-rast.org/library/mgl159786"]}