{"version": 1, "sample": ["mgs187563", "https://api.mg-rast.org/sample/mgs187563"], "status": "public", "project_metagenomes": ["4470910.3", "4470909.3", "4470908.3", "4470907.3", "4470906.3", "4470905.3", "4470904.3", "4492779.3", "4492778.3", "4492777.3", "4492776.3", "4492775.3", "4492774.3", "4492772.3", "4492771.3", "4492770.3", "4492765.3", "4492763.3", "4492624.3", "4492623.3", "4492620.3", "4492619.3", "4507667.3", "4507668.3", "4507669.3", "4507670.3", "4507672.3", "4507673.3", "4507688.3", "4507689.3", "4507690.3", "4507691.3", "4507777.3", "4507778.3", "4509196.3", "4509197.3", "4509513.3", "4509514.3", "4509515.3", "4509516.3", "4509517.3", "4509518.3", "4509519.3", "4509520.3", "4523100.3", "4523101.3", "4523103.3", "4523104.3", "4524037.3", "4527898.3", "4527899.3", "4527900.3", "4527901.3", "4559933.3", "4559934.3", "4559935.3", "4559936.3", "4564416.3", "4564417.3"], "md5_checksum": "b3f206502d90cf87c62bcc417afd28cc", "mixs": {"biome": "freshwater biome", "project_id": "mgp2360", "env_package_type": "wastewater|sludge", "feature": "mine tailing", "PI_lastname": "Caffrey", "project_name": "Hydrocarbon Metagenomics Project", "country": "Canada", "longitude": -111.55, "collection_date": "2008-10-10T12:00:00-0600", "PI_firstname": "Sean", "location": "Alberta", "sequence_type": "WGS", "latitude": 57.02, "material": "waste water", "seq_method": "454"}, "pipeline_version": "3.0", "id": "mgm4470909.3", "name": "GV_TDS_TP6_30ft_2008 454 QC Reads", "project_alpha_diversity": {"stdv": 236.932679568181, "avg": 443.108947178597, "max": 907.374663189357, "min": 36.5201302260894}, "library": ["mgl187565", "https://api.mg-rast.org/library/mgl187565"], "statistics": {}, "url": "https://api.mg-rast.org/metagenome/mgm4470909.3?verbosity=full", "mixs_compliant": 1, "pipeline_parameters": {"fgs_type": "454", "screen_indexes": "h_sapiens_asm", "filter_ln_mult": "-4.45", "m5nr_sims_version": "7", "dereplicate": "yes", "rna_pid": "97", "assembled": "no", "filter_ambig": "yes", "m5rna_sims_version": "7", "file_type": "fna", "max_ambig": "5", "m5nr_annotation_version": "1", "bowtie": "no", "priority": "never", "m5rna_annotation_version": "1", "prefix_length": "50", "aa_pid": "90", "filter_ln": "no"}, "sequence_type": "WGS", "metadata": {"library": {"data": {"sample_name": "GV_TDS_TP6_30ft_2008 454 QC Reads", "seq_center": "McGill Univ", "metagenome_name": "GV_TDS_TP6_30ft_2008 454 QC Reads", "metagenome_id": "4470909.3", "file_name": "GV_TDS_TP6_30ft_2008.seed.fasta", "file_checksum": "b3f206502d90cf87c62bcc417afd28cc", "seq_meth": "454", "investigation_type": "metagenome"}, "name": "GV_TDS_TP6_30ft_2008 454 QC Reads", "id": "mgl187565", "type": "WGS"}, "env_package": {"data": {"sample_name": "GV_TDS_TP6_30ft_2008 454 QC Reads", "env_package": "wastewater|sludge"}, "type": "wastewater|sludge", "name": "GV_TDS_TP6_30ft_2008 454 QC Reads: wastewater|sludge", "id": "mge187564"}, "project": {"name": "Hydrocarbon Metagenomics Project", "id": "mgp2360", "data": {"PI_lastname": "Caffrey", "project_name": "Hydrocarbon Metagenomics Project", "PI_organization_url": "http://www.hydrocarbonmetagenomics.com", "project_funding": "Genome Canada, Genome Alberta, GenomeBC", "PI_organization_country": "Canada", "project_description": "Metagenomics for Greener Production and Extraction of Hydrocarbon Energy:\r\nCreating Opportunities for Enhanced Recovery with Reduced Environmental Impact", "PI_organization_address": "Genome Alberta, Calgary, Alberta", "PI_email": "scaffrey@genomealberta.ca", "PI_firstname": "Sean", "PI_organization": "Genome Alberta"}, "public": "Hydrocarbon Metagenomics Project"}, "sample": {"id": "mgs187563", "name": "GV_TDS_TP6_30ft_2008 454 QC Reads", "data": {"env_package": "wastewater|sludge", "biome": "freshwater biome", "country": "Canada", "feature": "mine tailing", "continent": "north america", "longitude": -111.55, "misc_param": "22 months of storage in an anaerobic chamber containing 90% N2 and 10% CO2 at room temperature (23\u00b0C)", "collection_date": "2008-10-10", "collection_time": "12:00:00", "location": "Alberta", "depth": 9.14, "samp_collect_device": "Anaerobic Sample collection (Nalgene bottles filled till brim)", "latitude": 57.02, "material": "waste water", "sample_id": "4470909.3", "sample_name": "GV_TDS_TP6_30ft_2008 454 QC Reads", "collection_timezone": "UTC-6"}}}, "created": "2011-08-22 19:26:10", "job_id": 30506, "project": ["mgp2360", "https://api.mg-rast.org/project/mgp2360"], "owner": "mgu49672"}