{"status": "public", "created": "2009-12-04 02:16:57", "mixs": {"biome": "human-associated habitat", "latitude": 15, "collection_date": "2008-06-01T12:22:00Z", "seq_method": "454", "project_name": "Project for: PhagesSub2Day90", "PI_lastname": null, "PI_firstname": null, "feature": "human-associated habitat", "location": "California", "project_id": "mgp577", "env_package_type": "human-associated", "country": "United States of America", "longitude": -15, "sequence_type": "WGS", "material": "human-associated habitat"}, "sample": ["mgs21337", "https://api.mg-rast.org/sample/mgs21337"], "project": ["mgp577", "https://api.mg-rast.org/project/mgp577"], "metadata": {"project": {"data": {"project_name": "Saliva Virome", "firstname": "David", "project_description": "Analysis of saliva virome", "administrative-contact_PI_lastname": "Pride", "email": "pridedt9@gmail.com", "administrative-contact_PI_firstname": "David", "lastname": "Pride", "administrative-contact_PI_email": "pridedt9@gmail.com"}, "name": "Project for: PhagesSub2Day90", "public": "Project for: PhagesSub2Day90", "id": "mgp577"}, "sample": {"data": {"feature": "human-associated habitat", "location": "California", "country": "United States of America", "longitude": -15, "continent": "north_america", "material": "human-associated habitat", "isol_growth_condt": "22158393", "env_package": "human-associated", "latitude": 15, "biome": "human-associated habitat", "collection_date": "2008-06-01", "collection_timezone": "UTC", "collection_time": "12:22:00"}, "name": "mgs21337", "id": "mgs21337"}, "env_package": {"type": "human-associated", "data": {"age": "28 ; Year", "sex": "Female", "profile_rating_demo 2": "bronze", "host_subject_id": "2", "env_package": "human-associated"}, "id": "mge52127", "name": "mge52127"}, "library": {"id": "mgl52126", "name": "mgl52126", "type": "WGS", "data": {"metagenome_id": "4445734.3", "seq_meth": "454", "file_checksum": "8abce53489fb59a9c823a5ae09fab877", "investigation_type": "metagenome", "pubmed_id": "22158393", "metagenome_name": "PhagesSub2Day90"}}}, "mixs_compliant": 1, "owner": "mgu13502", "url": "https://api.mg-rast.org/metagenome/mgm4445734.3?verbosity=full", "md5_checksum": "8abce53489fb59a9c823a5ae09fab877", "job_id": 5634, "pipeline_version": "3.0", "version": 1, "pipeline_parameters": {"filter_ln": "yes", "assembled": "no", "dereplicate": "yes", "filter_ambig": "yes", "m5rna_sims_version": "7", "m5nr_annotation_version": "1", "max_ambig": "5", "aa_pid": "90", "fgs_type": "454", "prefix_length": "50", "screen_indexes": "h_sapiens", "filter_ln_mult": "2.0", "m5rna_annotation_version": "1", "m5nr_sims_version": "7", "bowtie": "yes", "priority": "never", "file_type": "fna", "rna_pid": "97"}, "id": "mgm4445734.3", "project_alpha_diversity": {"stdv": 0, "min": 363.059635224791, "max": 363.059635224791, "avg": 363.059635224791}, "sequence_type": "WGS", "project_metagenomes": ["4445734.3"], "name": "PhagesSub2Day90", "library": ["mgl52126", "https://api.mg-rast.org/library/mgl52126"], "statistics": {}}