{"pipeline_parameters": {"m5rna_annotation_version": "1", "m5rna_sims_version": "7", "filter_ln_mult": "2.0", "dereplicate": "yes", "fgs_type": "454", "priority": "never", "bowtie": "yes", "max_ambig": "5", "filter_ln": "yes", "aa_pid": "90", "screen_indexes": "h_sapiens", "m5nr_annotation_version": "1", "prefix_length": "50", "filter_ambig": "yes", "assembled": "no", "file_type": "fna", "rna_pid": "97", "m5nr_sims_version": "7"}, "sample": ["mgs15577", "https://api.mg-rast.org/sample/mgs15577"], "created": "2009-12-04 01:57:19", "project": ["mgp474", "https://api.mg-rast.org/project/mgp474"], "metadata": {"env_package": {"data": {"env_package": "human-associated", "host_subject_id": "2", "profile_rating_demo 2": "bronze", "age": "34 ; Year", "sex": "Female"}, "type": "human-associated", "id": "mge48943", "name": "mge48943"}, "library": {"type": "WGS", "data": {"seq_meth": "454", "file_checksum": "b44390b4fec12d486420d3662fac759b", "pubmed_id": "22158393", "metagenome_name": "PhagesSub2Day1", "investigation_type": "metagenome", "metagenome_id": "4445731.3"}, "id": "mgl48942", "name": "mgl48942"}, "sample": {"data": {"location": "California", "samp_collect_device": "Salivary virome from Subject #2 on Day 1 of study", "biome": "human-associated habitat", "geodetic_system": "na", "longitude": -117.2, "collection_timezone": "UTC", "feature": "human-associated habitat", "material": "human-associated habitat", "collection_date": "2008-06-01", "latitude": 32.9, "continent": "north_america", "isol_growth_condt": "22158393", "env_package": "human-associated", "country": "United States of America", "collection_time": "12:00:00"}, "id": "mgs15577", "name": "mgs15577"}, "project": {"name": "Project for: PhagesSub2Day1", "id": "mgp474", "public": "Project for: PhagesSub2Day1", "data": {"administrative-contact_PI_firstname": "David", "lastname": "Pride", "project_description": "Analysis of salivary viromes", "project_name": "Saliva Virome", "administrative-contact_PI_email": "pridedt9@gmail.com", "organization_country": "United States of America", "firstname": "David", "administrative-contact_PI_organization_country": "United States of America", "administrative-contact_PI_lastname": "Pride", "email": "pridedt9@gmail.com"}}}, "status": "public", "mixs_compliant": 1, "project_alpha_diversity": {"stdv": 0, "max": 110.171163103947, "min": 110.171163103947, "avg": 110.171163103947}, "sequence_type": "WGS", "pipeline_version": "3.0", "id": "mgm4445731.3", "version": 1, "name": "PhagesSub2Day1", "library": ["mgl48942", "https://api.mg-rast.org/library/mgl48942"], "statistics": {}, "md5_checksum": "b44390b4fec12d486420d3662fac759b", "project_metagenomes": ["4445731.3"], "mixs": {"country": "United States of America", "PI_lastname": null, "collection_date": "2008-06-01T12:00:00Z", "latitude": 32.9, "material": "human-associated habitat", "sequence_type": "WGS", "feature": "human-associated habitat", "env_package_type": "human-associated", "project_name": "Project for: PhagesSub2Day1", "longitude": -117.2, "project_id": "mgp474", "biome": "human-associated habitat", "PI_firstname": null, "seq_method": "454", "location": "California"}, "owner": "mgu13502", "job_id": 5632, "url": "https://api.mg-rast.org/metagenome/mgm4445731.3?verbosity=full"}