{"version": 1, "pipeline_parameters": {"filter_ln_mult": "2.0", "max_ambig": "5", "m5nr_annotation_version": "1", "bowtie": "yes", "filter_ln": "yes", "m5nr_sims_version": "7", "screen_indexes": "h_sapiens", "assembled": "no", "m5rna_annotation_version": "1", "aa_pid": "90", "rna_pid": "97", "fgs_type": "454", "file_type": "fna", "dereplicate": "yes", "priority": "never", "filter_ambig": "yes", "prefix_length": "50", "m5rna_sims_version": "7"}, "library": ["mgl138927", "https://api.mg-rast.org/library/mgl138927"], "md5_checksum": "d9f40c09b95d862ab3cb063b4a88ec44", "metadata": {"library": {"id": "mgl138927", "data": {"investigation_type": "metagenome", "sample_name": "TLR5KO4", "file_checksum": "d9f40c09b95d862ab3cb063b4a88ec44", "seq_meth": "454", "metagenome_name": "TLR5KO4", "metagenome_id": "4447457.3"}, "name": "TLR5KO4", "type": "WGS"}, "sample": {"id": "mgs138925", "name": "TLR5KO4", "data": {"country": "USA", "feature": "animal-associated habitat", "biome": "Temperate grasslands", "collection_time": "12:00:00", "location": "Ithaca, NY", "collection_timezone": "UTC-5", "latitude": 42.444015, "sample_name": "TLR5KO4", "material": "feces", "env_package": "host-associated", "longitude": -76.501893, "collection_date": "2009-11-16"}}, "project": {"name": "TLR5KO_454_Metagenome", "data": {"PI_organization": "Cornell", "PI_lastname": "Ley", "PI_firstname": "Ruth", "PI_organization_country": "USA", "PI_organization_address": "467 Biotechnology Building, Ithaca, NY, 14853", "project_name": "T5KO_454_MetaG", "mgrast_id": "mgp6244", "PI_email": "rel222@cornell.edu"}, "public": "TLR5KO_454_Metagenome", "id": "mgp6244"}, "env_package": {"name": "TLR5KO4: host-associated", "type": "host-associated", "data": {"env_package": "host-associated", "mgrast_id": "mge138926", "sample_name": "TLR5KO4", "body_site": "cecum"}, "id": "mge138926"}}, "owner": "mgu18732", "statistics": {}, "sample": ["mgs138925", "https://api.mg-rast.org/sample/mgs138925"], "url": "https://api.mg-rast.org/metagenome/mgm4447457.3?verbosity=full", "project_alpha_diversity": {"min": 289.817944669576, "avg": 343.089591581615, "stdv": 27.5564022215991, "max": 377.946691310169}, "mixs": {"biome": "Temperate grasslands", "location": "Ithaca, NY", "feature": "animal-associated habitat", "PI_firstname": "Ruth", "country": "USA", "sequence_type": "WGS", "longitude": -76.501893, "collection_date": "2009-11-16T12:00:00-0500", "project_name": "TLR5KO_454_Metagenome", "material": "feces", "seq_method": "454", "PI_lastname": "Ley", "latitude": 42.444015, "env_package_type": "host-associated", "project_id": "mgp6244"}, "status": "public", "pipeline_version": "3.0", "sequence_type": "WGS", "mixs_compliant": 1, "job_id": 7283, "name": "TLR5KO4", "project": ["mgp6244", "https://api.mg-rast.org/project/mgp6244"], "created": "2010-04-08 15:43:12", "id": "mgm4447457.3", "project_metagenomes": ["4447454.3", "4447455.3", "4447456.3", "4447457.3", "4447449.3", "4447448.3", "4447447.3", "4447446.3"]}