{"status": "public", "project": ["mgp6244", "https://api.mg-rast.org/project/mgp6244"], "pipeline_parameters": {"m5rna_annotation_version": "1", "filter_ambig": "yes", "bowtie": "yes", "filter_ln_mult": "2.0", "assembled": "no", "priority": "never", "screen_indexes": "h_sapiens", "m5nr_annotation_version": "1", "max_ambig": "5", "filter_ln": "yes", "aa_pid": "90", "prefix_length": "50", "fgs_type": "454", "m5rna_sims_version": "7", "file_type": "fna", "rna_pid": "97", "m5nr_sims_version": "7", "dereplicate": "yes"}, "id": "mgm4447448.3", "statistics": {}, "sample": ["mgs138934", "https://api.mg-rast.org/sample/mgs138934"], "url": "https://api.mg-rast.org/metagenome/mgm4447448.3?verbosity=full", "mixs_compliant": 1, "name": "WT3", "library": ["mgl138936", "https://api.mg-rast.org/library/mgl138936"], "version": 1, "md5_checksum": "f2362ef6bc7f5faa37726f211448210b", "pipeline_version": "3.0", "sequence_type": "WGS", "project_alpha_diversity": {"stdv": 27.5564022215991, "avg": 343.089591581615, "min": 289.817944669576, "max": 377.946691310169}, "owner": "mgu18732", "project_metagenomes": ["4447454.3", "4447455.3", "4447456.3", "4447457.3", "4447449.3", "4447448.3", "4447447.3", "4447446.3"], "job_id": 7278, "created": "2010-04-08 15:22:33", "metadata": {"sample": {"name": "WT3", "id": "mgs138934", "data": {"collection_date": "2009-11-16", "sample_name": "WT3", "country": "USA", "location": "Ithaca, NY", "collection_time": "12:00:00", "biome": "Temperate grasslands", "longitude": -76.501893, "latitude": 42.444015, "material": "feces", "feature": "animal-associated habitat", "collection_timezone": "UTC-5", "env_package": "host-associated"}}, "env_package": {"name": "WT3: host-associated", "id": "mge138935", "data": {"sample_name": "WT3", "mgrast_id": "mge138935", "env_package": "host-associated", "body_site": "cecum"}, "type": "host-associated"}, "project": {"id": "mgp6244", "data": {"project_name": "T5KO_454_MetaG", "mgrast_id": "mgp6244", "PI_organization_country": "USA", "PI_organization": "Cornell", "PI_firstname": "Ruth", "PI_email": "rel222@cornell.edu", "PI_lastname": "Ley", "PI_organization_address": "467 Biotechnology Building, Ithaca, NY, 14853"}, "name": "TLR5KO_454_Metagenome", "public": "TLR5KO_454_Metagenome"}, "library": {"id": "mgl138936", "data": {"investigation_type": "metagenome", "metagenome_name": "WT3", "seq_meth": "454", "sample_name": "WT3", "metagenome_id": "4447448.3", "file_checksum": "f2362ef6bc7f5faa37726f211448210b"}, "type": "WGS", "name": "WT3"}}, "mixs": {"project_id": "mgp6244", "sequence_type": "WGS", "env_package_type": "host-associated", "feature": "animal-associated habitat", "material": "feces", "PI_firstname": "Ruth", "PI_lastname": "Ley", "biome": "Temperate grasslands", "latitude": 42.444015, "longitude": -76.501893, "seq_method": "454", "project_name": "TLR5KO_454_Metagenome", "collection_date": "2009-11-16T12:00:00-0500", "country": "USA", "location": "Ithaca, NY"}}