{"created": "2011-06-22 23:28:20", "job_id": 26337, "id": "mgm4466740.3", "library": ["mgl470611", "https://api.mg-rast.org/library/mgl470611"], "md5_checksum": "17f8791e24d2911bb6183b5824c8837c", "mixs": {"longitude": -162.3486, "PI_lastname": "Rohwer", "latitude": 6.3856, "location": "Pacific Ocean", "collection_date": "2005-08-25T10:00:00-1000", "feature": "coral reef", "country": "USA", "PI_firstname": "Forest", "sequence_type": "WGS", "env_package_type": "water", "project_name": "Global Microbialization On Reefs", "material": "water", "biome": "coral reef", "project_id": "mgp16895", "seq_method": "454"}, "project": ["mgp16895", "https://api.mg-rast.org/project/mgp16895"], "sequence_type": "WGS", "sample": ["mgs470609", "https://api.mg-rast.org/sample/mgs470609"], "status": "public", "owner": "mgu333", "project_alpha_diversity": {"stdv": 149.40546087881, "max": 536.002088402223, "min": 104.599259832891, "avg": 356.001397593201}, "mixs_compliant": 0, "name": "CoralKingman2005BMic20050821_NP", "metadata": {"project": {"data": {"PI_lastname": "Rohwer", "project_description": "Metagenomes from watercolumn above coral reefs", "organization": "San Diego State University", "lastname": "Kelly", "organization_address": "LS301 Biology Department, San Diego State University, 5500 Campanile Drive, San Diego, CA 92182", "PI_email": "frohwer@gmail.com", "email": "lwegley@gmail.com", "organization_country": "USA", "PI_organization": "San Diego State University", "PI_firstname": "Forest", "firstname": "Linda", "envo_release": "2013-04-27", "project_name": "Global Microbialization on Reefs", "PI_organization_address": "LS301 Biology Department, San Diego State University, 5500 Campanile Drive, San Diego, CA 92182", "PI_organization_url": "coralandphage.org", "PI_organization_country": "USA", "project_funding": "NSF", "organization_url": "coralandphage.org"}, "name": "Global Microbialization On Reefs", "public": "Global Microbialization On Reefs", "id": "mgp16895"}, "library": {"id": "mgl470611", "type": "WGS", "name": "CoralKingman2005BMic20050821_NP", "data": {"seq_center": "SDSU", "investigation_type": "metagenome", "metagenome_id": "4466740.3", "file_checksum": "17f8791e24d2911bb6183b5824c8837c", "seq_meth": "454", "metagenome_name": "CoralKingman2005BMic20050821_NP", "seq_quality_check": "Prinseq", "seq_chem": "Titanium", "file_name": "CoralKingman2005BMic20050821_NPFinal.fasta", "sample_name": "King2005"}}, "env_package": {"data": {"sample_name": "King2005", "env_package": "water"}, "name": "King2005: water", "id": "mge470610", "type": "water"}, "sample": {"name": "King2005", "data": {"sample_id": "4466740.3", "country": "USA", "env_package": "water", "longitude": -162.3486, "latitude": 6.3856, "location": "Pacific Ocean", "sample_name": "King2005", "depth": 10, "collection_date": "2005-08-25", "feature": "coral reef", "material": "water", "biome": "coral reef", "collection_time": "10:00:00", "collection_timezone": "UTC-10"}, "id": "mgs470609"}}, "url": "https://api.mg-rast.org/metagenome/mgm4466740.3?verbosity=full", "project_metagenomes": ["4466813.3", "4466742.3", "4466740.3", "4466841.3", "4449259.3", "4449268.3", "4442653.3", "4442652.3", "4442643.3"], "pipeline_version": "3.0", "statistics": {}, "version": 1, "pipeline_parameters": {"file_type": "fna", "rna_pid": "97", "bowtie": "no", "filter_ln_mult": "-3.36", "max_ambig": "5", "dereplicate": "no", "m5rna_annotation_version": "1", "filter_ln": "no", "m5nr_annotation_version": "1", "prefix_length": "50", "assembled": "no", "priority": "never", "m5rna_sims_version": "7", "screen_indexes": "h_sapiens_asm", "aa_pid": "90", "fgs_type": "454", "m5nr_sims_version": "7", "filter_ambig": "no"}}