{"statistics": {}, "project_metagenomes": ["4477751.3", "4477749.3", "4477755.3", "4477757.3", "4478037.3", "4478030.3", "4477790.3", "4477789.3", "4478936.3", "4478934.3", "4478294.3", "4478292.3", "4478291.3", "4478290.3", "4478283.3", "4478222.3", "4478038.3", "4479311.3", "4478943.3", "4478941.3", "4478940.3", "4478939.3", "4478938.3", "4478937.3"], "library": ["mgl159789", "https://api.mg-rast.org/library/mgl159789"], "sequence_type": "WGS", "mixs_compliant": 0, "url": "https://api.mg-rast.org/metagenome/mgm4478937.3?verbosity=full", "pipeline_parameters": {"filter_ln_mult": "2.00", "file_type": "fna", "fgs_type": "454", "bowtie": "no", "m5rna_sims_version": "7", "filter_ln": "yes", "dereplicate": "yes", "assembled": "no", "prefix_length": "50", "filter_ambig": "yes", "max_ambig": "5", "m5rna_annotation_version": "1", "screen_indexes": "h_sapiens_asm", "aa_pid": "90", "m5nr_annotation_version": "1", "rna_pid": "97", "priority": "never", "m5nr_sims_version": "7"}, "id": "mgm4478937.3", "mixs": {"material": "bulk soil", "project_name": "Soybean Rhizosphere from Amazon Soils", "env_package_type": "soil", "biome": "Tropical and subtropical moist broadleaf forest biome", "sequence_type": "WGS", "collection_date": "2010-11-01T11:50:00ERROR tz_hour > 12 in (21)", "country": "Brazil", "latitude": -11.6832502, "project_id": "mgp7774", "seq_method": "454", "location": "Amazonia", "feature": "agricultural soil", "longitude": -55.8357663, "PI_lastname": "Mendes", "PI_firstname": "Lucas William"}, "md5_checksum": "6366f94d27703927017b1abaaaf1e50f", "pipeline_version": "3.0", "metadata": {"env_package": {"name": "18LM: soil", "data": {"sample_name": "18LM", "env_package": "soil"}, "type": "soil", "id": "mge159788"}, "project": {"public": "Soybean Rhizosphere from Amazon Soils", "data": {"email": "lucaswmendes@gmail.com", "organization": "Center for Nuclear Energy in Agriculture CENA-USP", "project_name": "Soybean Rhizosphere from Amazon Soils", "organization_url": "www.cena.usp.br", "firstname": "Lucas William", "project_description": "The selection of the rhizospheric microbial community from the bulk soil reservoir under agricultural management of soybean in Amazon forest soils. [Reference: Mendes LW, Kuramae EE, Navarrete AA, van VEEN JA, Tsai SM. (2014). Taxonomical and functional microbial community selection in soybean rhizosphere. The ISME Journal 8:1577-1587, 2014]", "envo_release": "2013-04-27", "mgrast_id": "mgp7774", "project_funding": "FAPESP", "PI_organization_url": "www.cena.usp.br", "PI_firstname": "Lucas William", "PI_email": "lucaswmendes@gmail.com", "organization_country": "Brazil", "PI_organization_address": "Avenida Centen\u00e1rio 303, CEP 13400-970 Piracicaba-SP", "organization_address": "Avenida Centenario 303", "PI_organization": "Center for Nuclear Energy in Agriculture CENA-USP", "PI_organization_country": "Brazil", "lastname": "Mendes", "PI_lastname": "Mendes"}, "id": "mgp7774", "name": "Soybean Rhizosphere from Amazon Soils"}, "sample": {"data": {"material": "bulk soil", "collection_date": "2010-11-01", "biome": "Tropical and subtropical moist broadleaf forest biome", "sample_name": "18LM", "latitude": -11.6832502, "env_package": "soil", "country": "Brazil", "collection_timezone": "UTC-21", "location": "Amazonia", "collection_time": "11:50:00", "longitude": -55.8357663, "feature": "agricultural soil"}, "id": "mgs159787", "name": "18LM"}, "library": {"data": {"investigation_type": "metagenome", "metagenome_name": "18LM", "seq_meth": "454", "file_name": "2011_12_02_EikoKuramae_18_LM_SFF.sff.fasta", "metagenome_id": "4478937.3", "sample_name": "18LM", "file_checksum": "6366f94d27703927017b1abaaaf1e50f"}, "type": "WGS", "id": "mgl159789", "name": "18LM"}}, "created": "2011-12-14 11:00:08", "version": 1, "job_id": 39366, "sample": ["mgs159787", "https://api.mg-rast.org/sample/mgs159787"], "name": "18LM", "owner": "mgu50120", "status": "public", "project": ["mgp7774", "https://api.mg-rast.org/project/mgp7774"], "project_alpha_diversity": {"max": 693.056468271845, "avg": 641.752377404847, "stdv": 35.0016630073723, "min": 539.324720307438}}