{"id": "mgm4466846.3", "project_alpha_diversity": {"stdv": 120.439104940246, "min": 256.005423264818, "max": 739.242402937356, "avg": 453.581479636971}, "project_metagenomes": ["4466846.3", "4466845.3", "4466844.3", "4466835.3", "4466825.3", "4466820.3", "4466814.3", "4466812.3", "4466810.3", "4466809.3", "4466745.3", "4466741.3", "4466739.3", "4466738.3", "4466737.3", "4466736.3", "4466599.3", "4466597.3", "4466596.3", "4466592.3", "4466582.3", "4466309.3"], "statistics": {}, "pipeline_parameters": {"aa_pid": "90", "filter_ln": "no", "bowtie": "no", "filter_ambig": "no", "max_ambig": "5", "dereplicate": "no", "m5nr_sims_version": "7", "priority": "never", "filter_ln_mult": "-3.89", "fgs_type": "454", "m5rna_annotation_version": "1", "assembled": "no", "m5rna_sims_version": "7", "m5nr_annotation_version": "1", "prefix_length": "50", "file_type": "fna", "rna_pid": "97", "screen_indexes": "h_sapiens_asm"}, "sequence_type": "WGS", "mixs_compliant": 0, "status": "public", "url": "https://api.mg-rast.org/metagenome/mgm4466846.3?verbosity=full", "version": 1, "sample": ["mgs192797", "https://api.mg-rast.org/sample/mgs192797"], "created": "2011-06-23 20:15:20", "mixs": {"sequence_type": "WGS", "latitude": 4.6867167, "PI_firstname": "Forest", "seq_method": "454", "biome": "coral reef", "longitude": -160.42023, "feature": "coral reef", "project_name": "Pacific Reef Microbiomes", "PI_lastname": "Rohwer", "material": "water", "env_package_type": "water", "country": "Kiribati", "location": "Pacific Ocean", "collection_date": "2010-11-08T10:00:00-1000", "project_id": "mgp9220"}, "job_id": 26443, "name": "CoralWashingtonTentMic20101108_NP", "metadata": {"env_package": {"id": "mge192798", "type": "water", "data": {"sample_name": "CoralWashingtonTentMic20101108_NP", "env_package": "water"}, "name": "CoralWashingtonTentMic20101108_NP: water"}, "library": {"id": "mgl192799", "type": "WGS", "data": {"metagenome_name": "CoralWashingtonTentMic20101108_NP", "seq_meth": "454", "file_name": "CoralWashingtonTentMic20101108_NPFinal.fasta", "investigation_type": "metagenome", "sample_name": "CoralWashingtonTentMic20101108_NP", "seq_chem": "Titanium", "file_checksum": "ca6077372af184ae91869be3e750a0a0", "metagenome_id": "4466846.3", "seq_quality_check": "Prinseq", "seq_center": "SDSU"}, "name": "CoralWashingtonTentMic20101108_NP"}, "project": {"id": "mgp9220", "public": "Pacific Reef Microbiomes", "name": "Pacific Reef Microbiomes", "data": {"PI_organization_country": "USA", "project_description": "Metagenomes from the Line Islands", "lastname": "Kelly", "PI_firstname": "Forest", "PI_organization": "San Diego State University", "email": "lwegley@gmail.com", "project_name": "Pacific Reef Microbiomes", "PI_organization_address": "LS301 Biology Department, San Diego State University, 5500 Campanile Drive, San Diego, CA 92182", "PI_lastname": "Rohwer", "organization_address": "LS301 Biology Department, San Diego State University, 5500 Campanile Drive, San Diego, CA 92182", "organization": "San Diego State University", "firstname": "Linda", "project_funding": "NSF", "organization_country": "USA", "PI_email": "forest@sunstroke.sdsu.edu", "organization_url": "coralandphage.org", "PI_organization_url": "coralandphage.org"}}, "sample": {"id": "mgs192797", "data": {"sample_name": "CoralWashingtonTentMic20101108_NP", "country": "Kiribati", "location": "Pacific Ocean", "depth": 30, "sample_id": "4466846.3", "collection_date": "2010-11-08", "biome": "coral reef", "longitude": -160.42023, "latitude": 4.6867167, "collection_timezone": "UTC-10", "material": "water", "collection_time": "10:00:00", "feature": "coral reef", "env_package": "water"}, "name": "CoralWashingtonTentMic20101108_NP"}}, "md5_checksum": "ca6077372af184ae91869be3e750a0a0", "library": ["mgl192799", "https://api.mg-rast.org/library/mgl192799"], "owner": "mgu333", "project": ["mgp9220", "https://api.mg-rast.org/project/mgp9220"], "pipeline_version": "3.0"}