{"pipeline_version": "3.0", "version": 1, "statistics": {}, "project": ["mgp7774", "https://api.mg-rast.org/project/mgp7774"], "pipeline_parameters": {"max_ambig": "5", "priority": "never", "m5rna_sims_version": "7", "screen_indexes": "h_sapiens_asm", "aa_pid": "90", "filter_ambig": "yes", "filter_ln_mult": "1.99", "m5rna_annotation_version": "1", "bowtie": "no", "m5nr_sims_version": "7", "fgs_type": "454", "dereplicate": "yes", "rna_pid": "97", "filter_ln": "yes", "assembled": "no", "prefix_length": "50", "file_type": "fna", "m5nr_annotation_version": "1"}, "library": ["mgl159801", "https://api.mg-rast.org/library/mgl159801"], "md5_checksum": "5930952844647d832e637c8e7dc61657", "metadata": {"sample": {"data": {"material": "bulk soil", "collection_time": "11:30:00", "latitude": -11.7412664, "collection_timezone": "UTC-25", "feature": "agricultural soil", "env_package": "soil", "sample_name": "22LM", "biome": "Tropical and subtropical moist broadleaf forest biome", "location": "Amazonia", "country": "Brazil", "collection_date": "2010-11-02", "longitude": -56.2533385}, "id": "mgs159799", "name": "22LM"}, "env_package": {"id": "mge159800", "data": {"sample_name": "22LM", "env_package": "soil"}, "type": "soil", "name": "22LM: soil"}, "library": {"data": {"metagenome_name": "22LM", "seq_meth": "454", "investigation_type": "metagenome", "file_name": "2011_12_02_EikoKuramae_22_LM_SFF.sff.fasta", "metagenome_id": "4478940.3", "sample_name": "22LM", "file_checksum": "5930952844647d832e637c8e7dc61657"}, "id": "mgl159801", "name": "22LM", "type": "WGS"}, "project": {"id": "mgp7774", "data": {"PI_organization_address": "Avenida Centen\u00e1rio 303, CEP 13400-970 Piracicaba-SP", "PI_organization_url": "www.cena.usp.br", "organization_address": "Avenida Centenario 303", "project_name": "Soybean Rhizosphere from Amazon Soils", "organization_country": "Brazil", "envo_release": "2013-04-27", "organization": "Center for Nuclear Energy in Agriculture CENA-USP", "email": "lucaswmendes@gmail.com", "firstname": "Lucas William", "PI_email": "lucaswmendes@gmail.com", "PI_organization_country": "Brazil", "lastname": "Mendes", "mgrast_id": "mgp7774", "organization_url": "www.cena.usp.br", "PI_organization": "Center for Nuclear Energy in Agriculture CENA-USP", "PI_lastname": "Mendes", "PI_firstname": "Lucas William", "project_funding": "FAPESP", "project_description": "The selection of the rhizospheric microbial community from the bulk soil reservoir under agricultural management of soybean in Amazon forest soils. [Reference: Mendes LW, Kuramae EE, Navarrete AA, van VEEN JA, Tsai SM. (2014). Taxonomical and functional microbial community selection in soybean rhizosphere. The ISME Journal 8:1577-1587, 2014]"}, "public": "Soybean Rhizosphere from Amazon Soils", "name": "Soybean Rhizosphere from Amazon Soils"}}, "job_id": 39371, "url": "https://api.mg-rast.org/metagenome/mgm4478940.3?verbosity=full", "sequence_type": "WGS", "mixs": {"PI_firstname": "Lucas William", "PI_lastname": "Mendes", "feature": "agricultural soil", "sequence_type": "WGS", "latitude": -11.7412664, "material": "bulk soil", "env_package_type": "soil", "longitude": -56.2533385, "project_id": "mgp7774", "collection_date": "2010-11-02T11:30:00ERROR tz_hour > 12 in (25)", "project_name": "Soybean Rhizosphere from Amazon Soils", "country": "Brazil", "seq_method": "454", "location": "Amazonia", "biome": "Tropical and subtropical moist broadleaf forest biome"}, "owner": "mgu50120", "sample": ["mgs159799", "https://api.mg-rast.org/sample/mgs159799"], "created": "2011-12-14 11:47:04", "mixs_compliant": 0, "id": "mgm4478940.3", "project_alpha_diversity": {"max": 693.056468271845, "min": 539.324720307438, "stdv": 35.0016630073723, "avg": 641.752377404847}, "project_metagenomes": ["4477751.3", "4477749.3", "4477755.3", "4477757.3", "4478037.3", "4478030.3", "4477790.3", "4477789.3", "4478936.3", "4478934.3", "4478294.3", "4478292.3", "4478291.3", "4478290.3", "4478283.3", "4478222.3", "4478038.3", "4479311.3", "4478943.3", "4478941.3", "4478940.3", "4478939.3", "4478938.3", "4478937.3"], "name": "22LM", "status": "public"}