{"statistics": {}, "created": "2011-08-22 19:47:18", "pipeline_parameters": {"m5nr_sims_version": "7", "prefix_length": "50", "priority": "never", "fgs_type": "454", "m5rna_sims_version": "7", "m5rna_annotation_version": "1", "screen_indexes": "h_sapiens_asm", "rna_pid": "97", "assembled": "no", "dereplicate": "yes", "file_type": "fna", "m5nr_annotation_version": "1", "max_ambig": "5", "filter_ln_mult": "-4.34", "filter_ambig": "yes", "filter_ln": "no", "aa_pid": "90", "bowtie": "no"}, "md5_checksum": "0b3f69b4f32c493338c4259f0b71cd35", "library": ["mgl187538", "https://api.mg-rast.org/library/mgl187538"], "job_id": 30507, "version": 1, "mixs_compliant": 1, "project_alpha_diversity": {"avg": 443.108947178597, "stdv": 236.932679568181, "min": 36.5201302260894, "max": 907.374663189357}, "project": ["mgp2360", "https://api.mg-rast.org/project/mgp2360"], "url": "https://api.mg-rast.org/metagenome/mgm4470910.3?verbosity=full", "status": "public", "project_metagenomes": ["4470910.3", "4470909.3", "4470908.3", "4470907.3", "4470906.3", "4470905.3", "4470904.3", "4492779.3", "4492778.3", "4492777.3", "4492776.3", "4492775.3", "4492774.3", "4492772.3", "4492771.3", "4492770.3", "4492765.3", "4492763.3", "4492624.3", "4492623.3", "4492620.3", "4492619.3", "4507667.3", "4507668.3", "4507669.3", "4507670.3", "4507672.3", "4507673.3", "4507688.3", "4507689.3", "4507690.3", "4507691.3", "4507777.3", "4507778.3", "4509196.3", "4509197.3", "4509513.3", "4509514.3", "4509515.3", "4509516.3", "4509517.3", "4509518.3", "4509519.3", "4509520.3", "4523100.3", "4523101.3", "4523103.3", "4523104.3", "4524037.3", "4527898.3", "4527899.3", "4527900.3", "4527901.3", "4559933.3", "4559934.3", "4559935.3", "4559936.3", "4564416.3", "4564417.3"], "sample": ["mgs187536", "https://api.mg-rast.org/sample/mgs187536"], "owner": "mgu49672", "sequence_type": "WGS", "pipeline_version": "3.0", "mixs": {"collection_date": "2010-07-01T12:00:00-0600", "biome": "freshwater biome", "env_package_type": "wastewater|sludge", "PI_firstname": "Sean", "PI_lastname": "Caffrey", "feature": "mine tailing", "latitude": 57.02, "longitude": -111.55, "country": "Canada", "project_id": "mgp2360", "sequence_type": "WGS", "material": "waste water", "project_name": "Hydrocarbon Metagenomics Project", "location": "Alberta", "seq_method": "454"}, "id": "mgm4470910.3", "metadata": {"library": {"name": "Pond6_2008_2010 454 QC Reads", "type": "WGS", "id": "mgl187538", "data": {"file_name": "Pond6_2008_2010.seed.fasta", "sample_name": "Pond6_2008_2010 454 QC Reads", "metagenome_id": "4470910.3", "seq_center": "McGill Univ", "seq_meth": "454", "file_checksum": "0b3f69b4f32c493338c4259f0b71cd35", "investigation_type": "metagenome", "metagenome_name": "Pond6_2008_2010 454 QC Reads"}}, "project": {"id": "mgp2360", "data": {"PI_organization_address": "Genome Alberta, Calgary, Alberta", "PI_organization_url": "http://www.hydrocarbonmetagenomics.com", "project_description": "Metagenomics for Greener Production and Extraction of Hydrocarbon Energy:\r\nCreating Opportunities for Enhanced Recovery with Reduced Environmental Impact", "project_name": "Hydrocarbon Metagenomics Project", "project_funding": "Genome Canada, Genome Alberta, GenomeBC", "PI_organization": "Genome Alberta", "PI_organization_country": "Canada", "PI_email": "scaffrey@genomealberta.ca", "PI_firstname": "Sean", "PI_lastname": "Caffrey"}, "name": "Hydrocarbon Metagenomics Project", "public": "Hydrocarbon Metagenomics Project"}, "env_package": {"type": "wastewater|sludge", "id": "mge187537", "data": {"sample_name": "Pond6_2008_2010 454 QC Reads", "env_package": "wastewater|sludge"}, "name": "Pond6_2008_2010 454 QC Reads: wastewater|sludge"}, "sample": {"id": "mgs187536", "data": {"collection_time": "12:00:00", "location": "Alberta", "country": "Canada", "elevation": 258, "material": "waste water", "depth": 18, "feature": "mine tailing", "latitude": 57.02, "sample_name": "Pond6_2008_2010 454 QC Reads", "continent": "north america", "longitude": -111.55, "sample_id": "4470910.3", "collection_timezone": "UTC-6", "env_package": "wastewater|sludge", "collection_date": "2010-07-01", "biome": "freshwater biome"}, "name": "Pond6_2008_2010 454 QC Reads"}}, "name": "Pond6_2008_2010 454 QC Reads"}