{"name": "Beer_CE_Day_132", "owner": "mgu20062", "metadata": {"env_package": {"id": "mge62873", "type": "wastewater|sludge", "name": "Beer_CE_Day_132: wastewater|sludge", "data": {"env_package": "wastewater|sludge", "ph": "5.5", "sample_name": "Beer_CE_Day_132", "samp_store_temp": "-80"}}, "library": {"type": "WGS", "name": "Beer_CE_Day_132", "id": "mgl62874", "data": {"file_name": "1d96all_seqs_unique_nodots.fna", "metagenome_name": "Beer_CE_Day_132", "metagenome_id": "4480867.3", "seq_meth": "illumina", "investigation_type": "metagenome", "file_checksum": "237e951e085458c9c411616b654781f5", "sample_name": "Beer_CE_Day_132"}}, "sample": {"name": "Beer_CE_Day_132", "id": "mgs62872", "data": {"country": "United States of America", "sample_name": "Beer_CE_Day_132", "longitude": -76.5, "env_package": "wastewater|sludge", "collection_timezone": "UTC-5", "location": "Ithaca, New York", "collection_date": "2011-08-01", "temperature": 30, "ph": 5.5, "depth": 0, "biome": "anaerobic digester sludge", "latitude": 42.44, "material": "anaerobic digester sludge", "feature": "anaerobic digester sludge", "collection_time": "13:00:00"}}, "project": {"id": "mgp397", "name": "Beer-to-Caproate", "data": {"PI_email": "la249@cornell.edu", "organization_address": "214 Riley-Robb Hall, Ithaca, NY 14853", "organization_country": "USA", "project_funding": "USDA through the National Institutes of Food and Agriculture (NIFA), grant number 2007-35504-05381", "PI_lastname": "Angenent", "email": "matthewtagler@gmail.com", "organization": "Cornell University", "project_description": "Chain elongation with reactor microbiomes: upgrading dilute ethanol to medium-chain carboxylates", "lastname": "Agler", "PI_organization_address": "214 Riley-Robb Hall, Ithaca, NY 14853", "PI_organization": "Cornell Univeristy", "project_name": "Beer-to-Caproate", "PI_firstname": "Largus", "PI_organization_country": "USA", "firstname": "Matthew", "organization_url": "http://angenent.bee.cornell.edu/", "PI_organization_url": "http://angenent.bee.cornell.edu/"}, "public": "Beer-to-Caproate"}}, "project": ["mgp397", "https://api.mg-rast.org/project/mgp397"], "project_metagenomes": ["4480867.3", "4480865.3", "4480864.3", "4480863.3", "4480861.3", "4480859.3", "4480858.3", "4480849.3", "4480815.3", "4480776.3", "4480764.3", "4480719.3", "4493574.3", "4493577.3", "4493578.3", "4493579.3", "4493580.3", "4493575.3", "4493576.3"], "statistics": {}, "created": "2012-01-22 18:23:32", "sequence_type": "WGS", "id": "mgm4480867.3", "md5_checksum": "237e951e085458c9c411616b654781f5", "job_id": 41571, "url": "https://api.mg-rast.org/metagenome/mgm4480867.3?verbosity=full", "pipeline_version": "3.0", "sample": ["mgs62872", "https://api.mg-rast.org/sample/mgs62872"], "status": "public", "version": 1, "mixs_compliant": 1, "library": ["mgl62874", "https://api.mg-rast.org/library/mgl62874"], "project_alpha_diversity": {"max": 855.684392784736, "stdv": 350.570605652042, "avg": 482.921152331943, "min": 20.0230642565395}, "pipeline_parameters": {"filter_ln_mult": "1.99", "filter_ln": "yes", "aa_pid": "90", "m5nr_sims_version": "7", "fgs_type": "454", "filter_ambig": "yes", "bowtie": "no", "dereplicate": "no", "screen_indexes": "h_sapiens_asm", "rna_pid": "97", "m5nr_annotation_version": "1", "prefix_length": "50", "m5rna_annotation_version": "1", "m5rna_sims_version": "7", "max_ambig": "5", "file_type": "fna", "assembled": "no", "priority": "never"}, "mixs": {"project_name": "Beer-to-Caproate", "PI_firstname": "Largus", "location": "Ithaca, New York", "country": "United States of America", "longitude": -76.5, "project_id": "mgp397", "biome": "anaerobic digester sludge", "latitude": 42.44, "material": "anaerobic digester sludge", "env_package_type": "wastewater|sludge", "feature": "anaerobic digester sludge", "PI_lastname": "Angenent", "seq_method": "illumina", "collection_date": "2011-08-01T13:00:00-0500", "sequence_type": "WGS"}}