{"pipeline_parameters": {"filter_ln_mult": "2.00", "prefix_length": "50", "dereplicate": "yes", "filter_ln": "yes", "assembled": "no", "bowtie": "no", "screen_indexes": "h_sapiens_asm", "fgs_type": "454", "m5nr_annotation_version": "1", "m5nr_sims_version": "7", "m5rna_annotation_version": "1", "m5rna_sims_version": "7", "file_type": "fna", "aa_pid": "90", "max_ambig": "5", "priority": "never", "rna_pid": "97", "filter_ambig": "yes"}, "project": ["mgp16102", "https://api.mg-rast.org/project/mgp16102"], "metadata": {"env_package": {"type": "water", "name": "DAV_Mount_W2: water", "data": {"sample_name": "DAV_Mount_W2", "env_package": "water"}, "id": "mge411798"}, "library": {"id": "mgl411799", "data": {"file_name": "brazilA25b.RL4.fasta", "investigation_type": "metagenome", "seq_meth": "454", "sample_name": "DAV_Mount_W2", "metagenome_name": "DAV_Mount_W2", "metagenome_id": "4480749.3", "file_checksum": "a08536dd55573b832bb877c200d8b87e"}, "name": "DAV_Mount_W2", "type": "WGS"}, "sample": {"name": "DAV_Mount_W2", "data": {"longitude": -34.80645, "env_package": "water", "country": "Brazil", "sample_name": "DAV_Mount_W2", "latitude": -20.57671667, "collection_time": "09:00:00", "feature": "coral reef", "collection_timezone": "UTC-03:00", "material": "water", "biome": "coral reef", "sample_id": "4480749.3", "location": "Vitoria-Trindade Chain", "collection_date": "2011-02-11"}, "id": "mgs411797"}, "project": {"name": "Vitoria-Trindade Seamounts Chain", "id": "mgp16102", "public": "Vitoria-Trindade Seamounts Chain", "data": {"PI_organization_country": "Brazil", "PI_organization_address": "Lab. de Microbiologia - BIOMAR UFRJ Av. Carlos Chagas Fo., 373 CCS - Bloco A (Anexo), A3 - sl 202 Cidade Universit\u00c3\u00a1ria RJ - RJ - Brasil 21941-599, Brazil", "firstname": "Pedro", "PI_firstname": "Fabiano", "PI_organization": "Federal University of Rio de Janeiro", "PI_organization_url": "http://www.microbiologia.biologia.ufrj.br", "organization_country": "Brazil", "email": "fabiano.thompson@biologia.ufrj.br", "organization": "Federal University of Rio de Janeiro", "envo_release": "2013-04-27", "lastname": "Meirelles", "organization_address": "Federal University of Rio de Janeiro", "project_name": "Vitoria-Trindade Seamounts Chain", "PI_lastname": "Thompson", "project_description": "Data from the paper \"Baseline Assessment of Mesophotic Reefs of the Vit\u00c3\u00b3ria-Trindade Seamount Chain Based on Water Quality\". If you use it please cite us: Meirelles, P. M., Amado-Filho, G. M., Pereira-Filho, G. H., et al. (2015) PLoS One, 10, e0130084, Baseline Assessment of Mesophotic Reefs of the Vit\u00c3\u00b3ria-Trindade Seamount Chain Based on Water Quality, Microbial Diversity, Benthic Cover and Fish Biomass Data. Benthic, fish, water chemistry and microbial abundance data are available at: ecogrid://knb/pmeirelles.14.1", "project_funding": "CNPq, CAPES, and FAPERJ", "PI_email": "fabianothompson1@gmail.com"}}}, "project_alpha_diversity": {"stdv": 233.248394837337, "max": 968.253047581434, "avg": 418.628891122351, "min": 168.447214621078}, "sequence_type": "WGS", "url": "https://api.mg-rast.org/metagenome/mgm4480749.3?verbosity=full", "version": 1, "statistics": {}, "md5_checksum": "a08536dd55573b832bb877c200d8b87e", "job_id": 41348, "library": ["mgl411799", "https://api.mg-rast.org/library/mgl411799"], "project_metagenomes": ["4480739.3", "4484839.3", "4487909.3", "4487910.3", "4487911.3", "4480740.3", "4480746.3", "4480747.3", "4480748.3", "4480749.3", "4480741.3", "4480742.3", "4480743.3", "4480750.3", "4480751.3", "4487651.3", "4487649.3", "4487650.3", "4487647.3"], "status": "public", "sample": ["mgs411797", "https://api.mg-rast.org/sample/mgs411797"], "id": "mgm4480749.3", "created": "2012-01-20 02:52:00", "name": "DAV_Mount_W2", "owner": "mgu9482", "mixs": {"longitude": -34.80645, "latitude": -20.57671667, "PI_firstname": "Fabiano", "country": "Brazil", "env_package_type": "water", "feature": "coral reef", "project_name": "Vitoria-Trindade Seamounts Chain", "seq_method": "454", "PI_lastname": "Thompson", "project_id": "mgp16102", "sequence_type": "WGS", "collection_date": "2011-02-11T09:00:00-0300", "location": "Vitoria-Trindade Chain", "biome": "coral reef", "material": "water"}, "pipeline_version": "3.0", "mixs_compliant": 0}