{"sequence_type": "WGS", "url": "https://api.mg-rast.org/metagenome/mgm4484859.3?verbosity=full", "library": ["mgl192559", "https://api.mg-rast.org/library/mgl192559"], "owner": "mgu49909", "pipeline_version": "3.0", "name": "lepida_foregut_568_control_ALL", "project_metagenomes": ["4486239.3", "4484865.3", "4484859.3", "4484670.3", "4483943.3", "4483883.3", "4483800.3", "4482714.3"], "mixs": {"project_id": "mgp9847", "seq_method": "illumina", "location": "Salt Lake City UT", "country": "USA", "collection_date": "2011-02-16T07:40:00-0700", "PI_lastname": "Kohl", "env_package_type": "host-associated", "feature": "organic feature", "latitude": 40.76078, "biome": "Deserts and xeric shrubland biome", "longitude": -111.89105, "project_name": "Woodrat_foregut_metagenome_creosote", "material": "chyme", "PI_firstname": "Kevin", "sequence_type": "WGS"}, "project_alpha_diversity": {"max": 797.686510607398, "avg": 463.36318850334, "min": 0, "stdv": 219.457560854748}, "created": "2012-02-28 20:15:33", "status": "public", "mixs_compliant": 1, "id": "mgm4484859.3", "job_id": 46401, "statistics": {}, "md5_checksum": "6a02c25f51eda82cdf7dc80be4fb58d1", "project": ["mgp9847", "https://api.mg-rast.org/project/mgp9847"], "pipeline_parameters": {"file_type": "fastq", "m5rna_annotation_version": "1", "dynamic_trim": "yes", "fgs_type": "454", "dereplicate": "yes", "m5nr_annotation_version": "1", "max_lqb": "5", "screen_indexes": "a_thaliana", "bowtie": "yes", "assembled": "no", "min_qual": "15", "priority": "never", "aa_pid": "90", "m5nr_sims_version": "7", "prefix_length": "50", "rna_pid": "97", "m5rna_sims_version": "7"}, "version": 1, "metadata": {"project": {"data": {"PI_lastname": "Kohl", "PI_organization": "University of Utah", "organization_country": "United States", "organization_address": "710 McClelland St", "lastname": "Kohl", "organization": "University of Utah", "email": "kkohl78@gmail.com", "project_name": "Woodrat_foregut_metagenome_creosote", "PI_firstname": "Kevin", "PI_organization_country": "USA", "PI_email": "kkohl78@gmail.com", "PI_organization_address": "257 South 1400 East", "firstname": "Kevin", "project_description": "Metagenomic shotgun sequencing of foregut contents of N. lepida fed either a control diet of high-fiber rabbit chow, or a diet amended with 2% of extracted creosote resin."}, "id": "mgp9847", "name": "Woodrat_foregut_metagenome_creosote", "public": "Woodrat_foregut_metagenome_creosote"}, "library": {"id": "mgl192559", "name": "lepida_foregut_568_control_ALL", "type": "WGS", "data": {"seq_center": "University of Utah Core Facility", "investigation_type": "metagenome", "file_name": "8872X5_111216_SN141_0431_AC09W4ACXX_8_ALL.txt.fasta", "sample_name": "4484859.3", "file_checksum": "6a02c25f51eda82cdf7dc80be4fb58d1", "metagenome_id": "4484859.3", "seq_meth": "illumina", "metagenome_name": "lepida_foregut_568_control_ALL"}}, "sample": {"name": "4484859.3", "id": "mgs192557", "data": {"collection_time": "07:40:00", "longitude": -111.89105, "sample_name": "4484859.3", "biome": "Deserts and xeric shrubland biome", "collection_timezone": "UTC-7", "latitude": 40.76078, "env_package": "host-associated", "feature": "organic feature", "collection_date": "2011-02-16", "location": "Salt Lake City UT", "country": "USA", "material": "chyme"}}, "env_package": {"id": "mge192558", "name": "4484859.3: host-associated", "type": "host-associated", "data": {"body_product": "foregut contents", "env_package": "host-associated", "host_subject_id": "568", "sample_name": "4484859.3", "diet": "control", "host_common_name": "desert woodrat", "misc_param": "Neotoma lepida"}}}, "sample": ["mgs192557", "https://api.mg-rast.org/sample/mgs192557"]}