{"statistics": {}, "md5_checksum": "d1a01a2f94133844801f3b59a1294d9c", "project_alpha_diversity": {"stdv": 0, "avg": 37.4198232988857, "min": 37.4198232988857, "max": 37.4198232988857}, "version": 1, "owner": "mgu3052", "id": "mgm4477823.3", "metadata": {"env_package": {"data": {"profile_rating_demo 2": "bronze", "env_package": "human-oral", "sex": "Male", "age": "32 ; Year"}, "type": "human-oral", "name": "mge52199", "id": "mge52199"}, "project": {"id": "mgp595", "name": "Project for: Salivary Metagenome WGS_R", "public": "Project for: Salivary Metagenome WGS_R", "data": {"lastname": "Lazarevic", "project_name": "Salivary metagenome", "organization_country": "Switzerland", "administrative-contact_PI_firstname": "Vladimir", "administrative-contact_PI_lastname": "Lazarevic", "administrative-contact_PI_organization_url": "www.genomic.ch", "organization_address": "Rue Gabrielle-Perret-Gentil 4 ; 1211 ; Geneva ;", "firstname": "Vladimir", "email": "vladimir.lazarevic@genomic.ch", "organization": "Genomic Research Laboratory, Geneva", "administrative-contact_PI_organization_address": "Rue Gabrielle-Perret-Gentil 4 ; 1211 ; Geneva ;", "administrative-contact_PI_organization": "Genomic Research Laboratory, Geneva", "administrative-contact_PI_email": "vladimir.lazarevic@genomic.ch", "project_description": "WGS, Reverse reads", "organization_url": "www.genomic.ch", "administrative-contact_PI_organization_country": "Switzerland"}}, "sample": {"data": {"feature": "human-associated habitat", "continent": "europe", "collection_date": "2010-05-05", "latitude": 46.19, "isol_growth_condt": "22300522", "collection_timezone": "UTC+1", "env_package": "human-oral", "biome": "human-associated habitat", "country": "Switzerland", "collection_time": "10:30:00", "material": "human-associated habitat", "longitude": 6.15, "location": "Geneva"}, "name": "mgs21404", "id": "mgs21404"}, "library": {"id": "mgl52198", "name": "mgl52198", "type": "WGS", "data": {"pubmed_id": "22300522", "investigation_type": "metagenome", "metagenome_name": "Salivary Metagenome WGS_R", "file_name": "All_sequences_2", "seq_center": "FASTERIS, Geneva", "seq_meth": "illumina", "seq_make": "HiSeq 2000", "file_checksum": "d1a01a2f94133844801f3b59a1294d9c", "metagenome_id": "4477823.3"}}}, "mixs_compliant": 1, "created": "2011-11-25 09:19:22", "sequence_type": "WGS", "name": "Salivary Metagenome WGS_R", "sample": ["mgs21404", "https://api.mg-rast.org/sample/mgs21404"], "status": "public", "library": ["mgl52198", "https://api.mg-rast.org/library/mgl52198"], "pipeline_parameters": {"filter_ln_mult": "2.0", "screen_indexes": "h_sapiens_asm", "assembled": "no", "file_type": "fna", "filter_ln": "yes", "fgs_type": "454", "m5rna_sims_version": "1", "m5nr_sims_version": "7", "max_ambig": "5", "prefix_length": "50", "rna_pid": "97", "bowtie": "no", "dereplicate": "no", "aa_pid": "90", "m5rna_annotation_version": "1", "priority": "never", "filter_ambig": "yes", "m5nr_annotation_version": "1"}, "project_metagenomes": ["4477823.3"], "job_id": 37420, "pipeline_version": "3.0", "url": "https://api.mg-rast.org/metagenome/mgm4477823.3?verbosity=full", "project": ["mgp595", "https://api.mg-rast.org/project/mgp595"], "mixs": {"PI_firstname": null, "feature": "human-associated habitat", "project_id": "mgp595", "PI_lastname": null, "location": "Geneva", "sequence_type": "WGS", "env_package_type": "human-oral", "latitude": 46.19, "project_name": "Project for: Salivary Metagenome WGS_R", "collection_date": "2010-05-05T10:30:00+0100", "seq_method": "illumina", "longitude": 6.15, "material": "human-associated habitat", "country": "Switzerland", "biome": "human-associated habitat"}}