{"version": 1, "project_metagenomes": ["4491569.3", "4491397.3", "4491383.3", "4491382.3", "4491237.3", "4470382.3", "4470381.3", "4470378.3", "4470334.3", "4470315.3", "4470255.3", "4470254.3", "4470253.3", "4470010.3", "4470009.3", "4469540.3", "4469539.3", "4469538.3", "4469455.3", "4469454.3", "4469453.3", "4469340.3", "4469339.3", "4469338.3", "4469328.3"], "pipeline_parameters": {"max_lqb": "5", "priority": "never", "min_qual": "15", "file_type": "fastq", "assembled": "no", "prefix_length": "50", "aa_pid": "90", "m5nr_sims_version": "7", "m5nr_annotation_version": "1", "m5rna_annotation_version": "1", "rna_pid": "97", "fgs_type": "454", "dynamic_trim": "no", "screen_indexes": "h_sapiens_asm", "dereplicate": "yes", "bowtie": "no", "m5rna_sims_version": "7"}, "project": ["mgp11953", "https://api.mg-rast.org/project/mgp11953"], "job_id": 28937, "sample": ["mgs295979", "https://api.mg-rast.org/sample/mgs295979"], "pipeline_version": "3.0", "project_alpha_diversity": {"max": 1149.14473948877, "min": 254.546180883004, "stdv": 205.198938795964, "avg": 927.508742795344}, "owner": "mgu12752", "library": ["mgl295981", "https://api.mg-rast.org/library/mgl295981"], "name": "B4_DNA_1311.4.1306", "metadata": {"env_package": {"type": "soil", "name": "B4: soil", "id": "mge295980", "data": {"sample_name": "B4", "env_package": "soil"}}, "sample": {"name": "B4", "id": "mgs295979", "data": {"longitude": -157.833252, "country": "USA", "sample_name": "B4", "feature": "permafrost", "collection_timezone": "UTC-10", "latitude": 64.677812, "collection_time": "12:00:00", "material": "soil", "collection_date": "2009-01-01", "depth": -1, "biome": "Tundra biome", "env_package": "soil", "location": "thermokarst bog"}}, "project": {"public": "Permafrost_thaw", "id": "mgp11953", "name": "Permafrost_thaw", "data": {"PI_email": "jenni.hultman@gmail.com", "project_name": "Permafrost_thaw", "mgrast_id": "mgp11953", "PI_lastname": "Hultman", "PI_organization_country": "Finland", "PI_organization": "University of Helsinki", "PI_firstname": "Jenni", "PI_organization_address": "PO Box 65, 00014 University of Helsinki"}}, "library": {"data": {"file_checksum": "b430c2ea3c56bc3529ea09feda3e9a2f", "seq_meth": "illumina", "sample_name": "B4", "investigation_type": "metagenome", "metagenome_id": "4469340.3", "file_name": "GZOT.1311-4.1306.fastq.fasta", "metagenome_name": "B4_DNA_1311.4.1306"}, "id": "mgl295981", "type": "WGS", "name": "B4_DNA_1311.4.1306"}}, "mixs_compliant": 0, "sequence_type": "WGS", "created": "2011-07-28 22:11:30", "url": "https://api.mg-rast.org/metagenome/mgm4469340.3?verbosity=full", "mixs": {"longitude": -157.833252, "PI_lastname": "Hultman", "feature": "permafrost", "country": "USA", "sequence_type": "WGS", "PI_firstname": "Jenni", "seq_method": "illumina", "collection_date": "2009-01-01T12:00:00-1000", "location": "thermokarst bog", "biome": "Tundra biome", "project_name": "Permafrost_thaw", "project_id": "mgp11953", "env_package_type": "soil", "material": "soil", "latitude": 64.677812}, "status": "public", "id": "mgm4469340.3", "statistics": {}, "md5_checksum": "b430c2ea3c56bc3529ea09feda3e9a2f"}