{"project": ["mgp9220", "https://api.mg-rast.org/project/mgp9220"], "status": "public", "url": "https://api.mg-rast.org/metagenome/mgm4466597.3?verbosity=full", "md5_checksum": "f6a9b0d4bb40a0d9ca582a0d542e1652", "id": "mgm4466597.3", "sequence_type": "WGS", "mixs_compliant": 0, "pipeline_version": "3.0", "mixs": {"feature": "coral reef", "sequence_type": "WGS", "latitude": -11.43911, "biome": "coral reef", "longitude": -151.81964, "env_package_type": "water", "country": "Kiribati", "project_id": "mgp9220", "project_name": "Pacific Reef Microbiomes", "PI_firstname": "Forest", "material": "water", "location": "Pacific Ocean", "seq_method": "454", "PI_lastname": "Rohwer", "collection_date": "2009-03-29T10:00:00-1000"}, "sample": ["mgs192743", "https://api.mg-rast.org/sample/mgs192743"], "version": 1, "name": "CoralFlint5BMic20090329_NP", "statistics": {}, "project_alpha_diversity": {"avg": 453.581479636971, "max": 739.242402937356, "stdv": 120.439104940246, "min": 256.005423264818}, "owner": "mgu333", "metadata": {"project": {"public": "Pacific Reef Microbiomes", "data": {"project_description": "Metagenomes from the Line Islands", "PI_lastname": "Rohwer", "PI_organization_country": "USA", "project_name": "Pacific Reef Microbiomes", "PI_firstname": "Forest", "PI_organization_url": "coralandphage.org", "lastname": "Kelly", "PI_email": "forest@sunstroke.sdsu.edu", "PI_organization_address": "LS301 Biology Department, San Diego State University, 5500 Campanile Drive, San Diego, CA 92182", "project_funding": "NSF", "email": "lwegley@gmail.com", "organization_address": "LS301 Biology Department, San Diego State University, 5500 Campanile Drive, San Diego, CA 92182", "firstname": "Linda", "organization_url": "coralandphage.org", "organization_country": "USA", "PI_organization": "San Diego State University", "organization": "San Diego State University"}, "name": "Pacific Reef Microbiomes", "id": "mgp9220"}, "sample": {"data": {"feature": "coral reef", "biome": "coral reef", "latitude": -11.43911, "longitude": -151.81964, "sample_name": "CoralFlint5BMic20090329_NP", "sample_id": "4466597.3", "country": "Kiribati", "depth": 30, "env_package": "water", "location": "Pacific Ocean", "material": "water", "collection_date": "2009-03-29", "collection_timezone": "UTC-10", "collection_time": "10:00:00"}, "id": "mgs192743", "name": "CoralFlint5BMic20090329_NP"}, "library": {"type": "WGS", "name": "CoralFlint5BMic20090329_NP", "data": {"file_checksum": "f6a9b0d4bb40a0d9ca582a0d542e1652", "metagenome_id": "4466597.3", "sample_name": "CoralFlint5BMic20090329_NP", "seq_chem": "Titanium", "seq_center": "SDSU", "seq_meth": "454", "investigation_type": "metagenome", "metagenome_name": "CoralFlint5BMic20090329_NP", "file_name": "CoralFlint5BMic20090329_NPFinal.fasta", "seq_quality_check": "Prinseq"}, "id": "mgl192745"}, "env_package": {"name": "CoralFlint5BMic20090329_NP: water", "type": "water", "data": {"env_package": "water", "sample_name": "CoralFlint5BMic20090329_NP"}, "id": "mge192744"}}, "pipeline_parameters": {"priority": "never", "prefix_length": "50", "max_ambig": "5", "fgs_type": "454", "m5rna_sims_version": "7", "filter_ln_mult": "-3.33", "m5nr_annotation_version": "1", "m5nr_sims_version": "7", "assembled": "no", "aa_pid": "90", "file_type": "fna", "m5rna_annotation_version": "1", "rna_pid": "97", "filter_ambig": "no", "dereplicate": "no", "filter_ln": "no", "bowtie": "no", "screen_indexes": "h_sapiens_asm"}, "created": "2011-06-21 23:13:17", "library": ["mgl192745", "https://api.mg-rast.org/library/mgl192745"], "project_metagenomes": ["4466846.3", "4466845.3", "4466844.3", "4466835.3", "4466825.3", "4466820.3", "4466814.3", "4466812.3", "4466810.3", "4466809.3", "4466745.3", "4466741.3", "4466739.3", "4466738.3", "4466737.3", "4466736.3", "4466599.3", "4466597.3", "4466596.3", "4466592.3", "4466582.3", "4466309.3"], "job_id": 26194}