{"url": "https://api.mg-rast.org/metagenome/mgm4461588.3?verbosity=full", "owner": "mgu25612", "pipeline_version": "3.0", "sequence_type": "WGS", "project_alpha_diversity": {"avg": 694.760598422866, "min": 290.049698431873, "stdv": 223.226790747773, "max": 941.564002785273}, "sample": ["mgs164970", "https://api.mg-rast.org/sample/mgs164970"], "metadata": {"project": {"public": "Peru OMZ - Meteor Cruise M77/3", "data": {"project_description": "Oceanographic research cruise to the oxygen minimum zone off the coast of Ecuador and Peru", "PI_organization_url": "www.geomar.de & www.sfb754.de", "organization_country": "Germany", "organization_url": "www.geomar.de & www.sfb754.de", "organization": "GEOMAR Helmholtz Centre for Ocean Research Kiel & Collaborative Research Center 754 (Sonderforschungsbreich 754)", "PI_email": "julie.laroche@dal.ca", "PI_organization_address": "1355 Oxford Street, Halifax", "PI_organization_country": "Canada", "project_funding": "GEOMAR Helmholtz Centre for Ocean Research Kiel & Collaborative Research Center 754 (Sonderforschungsbreich 754)", "PI_organization": "Department of Biology, Dalhousie University", "project_name": "Peru OMZ - Meteor Cruise M77/3", "PI_firstname": "Julie", "PI_lastname": "LaRoche", "organization_address": "D\u00fcsternbrooker Weg 20, 24105 Kiel, Germany"}, "name": "Peru OMZ - Meteor Cruise M77/3", "id": "mgp6556"}, "library": {"data": {"file_checksum": "2d6c980d7c6230c7141caac11c8f6b48", "metagenome_name": "Sulfidic Event in Peruvian OMZ Metagenome 60m", "file_name": "3.GAC.454Reads.RL9.fna", "metagenome_id": "4461588.3", "sample_name": "Sulfidic Event in Peruvian OMZ Metagenome 60m", "seq_meth": "pyrosequencing", "investigation_type": "metagenome"}, "type": "WGS", "id": "mgl164972", "name": "Sulfidic Event in Peruvian OMZ Metagenome 60m"}, "sample": {"name": "Sulfidic Event in Peruvian OMZ Metagenome 60m", "id": "mgs164970", "data": {"latitude": -12.37444, "collection_time": "19:08:00", "continent": "south america", "collection_timezone": "UTC-5", "location": "Coastal waters off Lima", "temperature": 13.7979, "material": "coastal water", "collection_date": "2009-01-09", "samp_collect_device": "Pump-conductivity-temperature-depth (pump-CTD) water sampler", "country": "Pacific Ocean", "env_package": "water", "biome": "Neritic epipelagic zone biome", "longitude": -77, "sample_name": "Sulfidic Event in Peruvian OMZ Metagenome 60m", "depth": 60, "feature": "coastal water body"}}, "env_package": {"name": "Sulfidic Event in Peruvian OMZ Metagenome 60m: water", "id": "mge164971", "type": "water", "data": {"nitrite": "0", "phosphate": "3.328", "diss_oxygen": "0", "sulfide": "0.51", "ammonium": "2.99732038835", "nitrate": "0", "salinity": "34.9702444444", "env_package": "water", "sample_name": "Sulfidic Event in Peruvian OMZ Metagenome 60m"}}}, "project": ["mgp6556", "https://api.mg-rast.org/project/mgp6556"], "job_id": 21185, "id": "mgm4461588.3", "created": "2011-05-19 16:13:41", "pipeline_parameters": {"rna_pid": "97", "max_ambig": "5", "m5rna_annotation_version": "1", "assembled": "no", "m5rna_sims_version": "7", "m5nr_annotation_version": "1", "dereplicate": "yes", "fgs_type": "454", "filter_ln": "yes", "priority": "never", "bowtie": "no", "filter_ambig": "yes", "m5nr_sims_version": "7", "prefix_length": "50", "filter_ln_mult": "1.99", "screen_indexes": "h_sapiens_asm", "file_type": "fna", "aa_pid": "90"}, "project_metagenomes": ["4461589.3", "4461588.3", "4460736.3", "4460735.3", "4460734.3", "4460677.3", "4460676.3", "4452043.3", "4452042.3", "4452039.3", "4452038.3", "4450892.3", "4450891.3"], "library": ["mgl164972", "https://api.mg-rast.org/library/mgl164972"], "statistics": {}, "mixs_compliant": 0, "mixs": {"project_name": "Peru OMZ - Meteor Cruise M77/3", "longitude": -77, "seq_method": "pyrosequencing", "country": "Pacific Ocean", "biome": "Neritic epipelagic zone biome", "PI_firstname": "Julie", "feature": "coastal water body", "PI_lastname": "LaRoche", "collection_date": "2009-01-09T19:08:00-0500", "material": "coastal water", "project_id": "mgp6556", "env_package_type": "water", "location": "Coastal waters off Lima", "sequence_type": "WGS", "latitude": -12.37444}, "version": 1, "name": "Sulfidic Event in Peruvian OMZ Metagenome 60m", "status": "public", "md5_checksum": "2d6c980d7c6230c7141caac11c8f6b48"}