{"metadata": {"sample": {"data": {"material": "feces", "sample_name": "T5KO2_2012", "env_package": "host-associated", "collection_time": "12:00:00", "feature": "animal-associated habitat", "longitude": -76.501893, "country": "USA", "collection_timezone": "UTC-5", "collection_date": "2011-08-02", "biome": "Temperate grasslands", "latitude": 42.444015, "location": "Ithaca, NY"}, "name": "T5KO2_2012", "id": "mgs138991"}, "env_package": {"id": "mge138992", "data": {"sample_name": "T5KO2_2012", "env_package": "host-associated", "body_site": "cecum"}, "name": "T5KO2_2012: host-associated", "type": "host-associated"}, "library": {"name": "T5KO2_2012", "type": "WGS", "data": {"file_checksum": "6a25125bc335e617beb08e36af6bd0dd", "sample_name": "T5KO2_2012", "seq_meth": "illumina", "file_name": "KO2_cleaned.fastq.fasta", "metagenome_id": "4481563.3", "metagenome_name": "T5KO2_2012", "investigation_type": "metagenome"}, "id": "mgl138993"}, "project": {"id": "mgp6393", "data": {"PI_organization": "Cornell University", "PI_lastname": "Cornell", "PI_firstname": "Ruth", "project_name": "TLR5KO_Metagenome", "PI_organization_address": "467 Biotechnology Building, Ithaca, NY, 14853", "PI_organization_country": "USA", "mgrast_id": "mgp6393", "PI_email": "rel222@cornell.edu"}, "name": "TLR5KO_Metagenome", "public": "TLR5KO_Metagenome"}}, "version": 1, "project": ["mgp6393", "https://api.mg-rast.org/project/mgp6393"], "sequence_type": "WGS", "name": "T5KO2_2012", "project_metagenomes": ["4481524.3", "4481526.3", "4481527.3", "4481530.3", "4481562.3", "4481563.3", "4481574.3", "4481575.3", "4489569.3", "4489582.3"], "url": "https://api.mg-rast.org/metagenome/mgm4481563.3?verbosity=full", "id": "mgm4481563.3", "pipeline_version": "3.0", "sample": ["mgs138991", "https://api.mg-rast.org/sample/mgs138991"], "project_alpha_diversity": {"min": 312.16307990822, "stdv": 63.1817776552373, "max": 498.19967560089, "avg": 396.078485673021}, "mixs_compliant": 1, "job_id": 43037, "created": "2012-02-01 18:59:30", "md5_checksum": "6a25125bc335e617beb08e36af6bd0dd", "statistics": {}, "status": "public", "library": ["mgl138993", "https://api.mg-rast.org/library/mgl138993"], "mixs": {"collection_date": "2011-08-02T12:00:00-0500", "biome": "Temperate grasslands", "seq_method": "illumina", "latitude": 42.444015, "location": "Ithaca, NY", "env_package_type": "host-associated", "sequence_type": "WGS", "project_id": "mgp6393", "country": "USA", "PI_firstname": "Ruth", "project_name": "TLR5KO_Metagenome", "feature": "animal-associated habitat", "longitude": -76.501893, "material": "feces", "PI_lastname": "Cornell"}, "owner": "mgu18732", "pipeline_parameters": {"dereplicate": "yes", "aa_pid": "90", "file_type": "fastq", "m5nr_sims_version": "7", "screen_indexes": "h_sapiens_asm", "priority": "never", "bowtie": "no", "max_lqb": "5", "rna_pid": "97", "min_qual": "15", "assembled": "no", "fgs_type": "454", "dynamic_trim": "no", "m5nr_annotation_version": "1", "m5rna_annotation_version": "1", "prefix_length": "50", "m5rna_sims_version": "7"}}