{"created": "2008-05-30 23:14:06", "status": "public", "pipeline_parameters": {"rna_pid": "97", "max_ambig": "5", "filter_ln": "yes", "m5nr_annotation_version": "1", "priority": "never", "file_type": "fna", "m5rna_sims_version": "7", "m5nr_sims_version": "7", "prefix_length": "50", "bowtie": "yes", "fgs_type": "454", "filter_ln_mult": "2.0", "m5rna_annotation_version": "1", "screen_indexes": "h_sapiens", "filter_ambig": "yes", "aa_pid": "90", "assembled": "no", "dereplicate": "yes"}, "project_alpha_diversity": {"stdv": 107.039801096664, "min": 40.4979876564927, "avg": 203.918078451095, "max": 413.734708580468}, "pipeline_version": "3.0", "mixs_compliant": 0, "sequence_type": "WGS", "id": "mgm4440946.3", "job_id": 803, "project_metagenomes": ["4440943.3", "4440945.3", "4440949.3", "4440944.3", "4440946.3", "4440941.3", "4440947.3", "4440948.3", "4440951.3", "4440942.3", "4440940.3", "4440939.3", "4440950.3"], "version": 1, "mixs": {"seq_method": "other", "PI_lastname": "hattori", "sequence_type": "WGS", "PI_firstname": "Masahira", "collection_date": "2007-01-01", "biome": "animal-associated habitat", "feature": "animal-associated habitat", "project_name": "Human Faeces - Kurokawa", "longitude": 139.7623, "country": "Japan", "project_id": "mgp29", "material": "animal-associated habitat", "latitude": 35.7134, "location": "", "env_package_type": "human-gut"}, "url": "https://api.mg-rast.org/metagenome/mgm4440946.3?verbosity=full", "library": ["mgl46060", "https://api.mg-rast.org/library/mgl46060"], "name": "human In-A", "project": ["mgp29", "https://api.mg-rast.org/project/mgp29"], "owner": "mgu252", "metadata": {"project": {"id": "mgp29", "data": {"PI_lastname": "hattori", "PI_firstname": "Masahira", "PI_organization_country": "Japan", "project_description": "Project data\r\nNumerous microbes inhabit the human intestine, many of which are uncharacterized or uncultivable. They form a complex microbial community that deeply affects human physiology. To identify the genomic features common to all human gut microbiomes as well as those variable among them, we performed a large-scale comparative metagenomic analysis of fecal samples from 13 healthy individuals of various ages, including unweaned infants. All the subjects were healthy Japanese individuals. All subjects or their parents were informed of the purpose and protocol of this study. None of the subjects were given dietary restrictions except for antibiotics, probiotics, fermented foods (fermented beans, yogurt, etc.), and well-known functional foods for at least 4 weeks prior to sampling. None had a history of gastrointestinal disorder at the time of sampling, and none had unusual eating behaviors.", "PI_organization_address": "Tokyo, Japan", "project_funding": "Grants-in-Aid for Scientific Research on Priority Areas .Comprehensive Genomics. (M.H.) and .Applied Genomics. (T.H. and T.K.) from the Ministry of Education, Science, and Technology of Japan, and a Grant-in-Aid from the Institute for Bioinformatics Research and Development, the Japan Science and Technology Agency (BIRD-JST) (K.K.)", "PI_email": "hattori@k.u-tokyo.ac.jp", "PI_organization_url": "http://www.cb.k.u-tokyo.ac.jp", "project_name": "Human Faeces - Kurokawa", "ncbi_id": "28117", "PI_organization": "The University of Tokyo and the University of Miyazaki"}, "public": "Human Faeces - Kurokawa", "name": "Human Faeces - Kurokawa"}, "sample": {"name": "mgs13993", "data": {"collection_date": "2007-01-01", "geodetic_system": "wgs_84", "feature": "animal-associated habitat", "biome": "animal-associated habitat", "samp_size": "3 grams of wet fecal matter", "continent": "asia", "material": "animal-associated habitat", "latitude": 35.7134, "samp_collect_device": "The collected fecal samples were immediately placed under anaerobic conditions using the Anaero-Pack system (Mitsubishi Gas Chemical Co.), and transported at 4\u00c2\u00b0C to the laboratory within 24 h. Three grams of wet fecal sample were suspended vigorously in phosphate-buffered saline (8 mM Na2HPO4, 137 mM NaCl, 2.7 mM KCl, and 1.5 mM KH2PO4). The suspension was filtered through a 100 \u00c2\u00b5m mesh nylon filter (Falcon). The bacterial cells in the filtrates were collected by centrifugation at 5000 x g for 10 min at 4\u00c2\u00b0C, suspended in 10 ml of Tris-EDTA containing 10 mM Tris-HCl and 1 mM EDTA (pH 8), and then used for DNA isolation. The lysis of bacterial cells was carried out under almost the same conditions as those described in the literature.26Go In brief, 1.5 mg of lysozyme was added to 10 ml of cell suspension. After incubation at 37\u00c2\u00b0C for 1 h with gentle mixing, 2 mg of proteinase K were added and the mixture was incubated at 55\u00c2\u00b0C for 5 min. Subsequently, 1.2 ml of 10% (wt/vol) sodium dodecyl sulfate was added to the cell suspension, which was further incubated at 55\u00c2\u00b0C for 1 h with gentle mixing. High-molecular-weight DNA was isolated and purified by phenol/chloroform extraction, RNase A treatment, ethanol, and finally polyethyleneglycol precipitation.", "env_package": "human-gut", "samp_mat_process": "filtering", "longitude": 139.7623, "country": "Japan", "isol_growth_condt": "17916580", "collection_timezone": "UTC"}, "id": "mgs13993"}, "env_package": {"name": "mge46061", "type": "human-gut", "id": "mge46061", "data": {"profile_rating_demo 2": "bronze", "body_product": "stool", "samp_store_dur": "24 hs", "env_package": "human-gut", "medic_hist_perform": "yes", "ihmc_ethnicity": "02", "host_subject_id": "In-A", "samp_store_temp": "4", "sex": "male", "age": "45 yrs", "body_site": "gut", "special_diet": "None of the subjects were given dietary restrictions except for antibiotics, probiotics, fermented foods (fermented beans, yogurt, etc.), and well-known functional foods for at least 4 weeks prior to sampling"}}, "library": {"id": "mgl46060", "data": {"metagenome_id": "4440946.3", "sequences_sequences_assembled": "Assembled contigs", "sequences_sequences_predicted_genes": "Hidden Markov Model (HMM) algorithm, was employed to predict potential protein-coding regions", "sequences_sequences_filtered": "To avoid the effect of multiply sequenced species, we selected one representative strain from each species.", "pubmed_id": "17916580", "metagenome_name": "human In-A", "lib_size_mean": 2809, "gold_id": "Gm00100", "investigation_type": "metagenome", "file_checksum": "9c54f451c9939514d216801e5d46e456", "lib_type": "small insert shotgun", "seq_meth": "other"}, "name": "mgl46060", "type": "WGS"}}, "sample": ["mgs13993", "https://api.mg-rast.org/sample/mgs13993"], "md5_checksum": "9c54f451c9939514d216801e5d46e456", "statistics": {}}