{"job_id": 6003, "metadata": {"env_package": {"data": {"profile_rating_demo 2": "bronze", "env_package": "human-associated", "sex": "Female", "host_subject_id": "4", "age": "33 ; Second"}, "type": "human-associated", "id": "mge48959", "name": "mge48959"}, "sample": {"name": "mgs15586", "id": "mgs15586", "data": {"longitude": -117.2, "isol_growth_condt": "22158393", "material": "human-associated habitat", "feature": "human-associated habitat", "env_package": "human-associated", "collection_time": "12:00:00", "collection_date": "2008-06-01", "country": "United States of America", "latitude": 32.9, "continent": "north_america", "collection_timezone": "UTC", "location": "California", "biome": "human-associated habitat"}}, "project": {"id": "mgp482", "name": "Project for: 5-10", "data": {"project_name": "Saliva Virome", "email": "pridedt9@gmail.com", "firstname": "David", "administrative-contact_PI_lastname": "Pride", "organization_country": "United States of America", "administrative-contact_PI_email": "pridedt9@gmail.com", "lastname": "Pride", "administrative-contact_PI_organization_country": "United States of America", "administrative-contact_PI_firstname": "David", "project_description": "Analysis of saliva viromes"}, "public": "Project for: 5-10"}, "library": {"type": "WGS", "id": "mgl48958", "name": "mgl48958", "data": {"metagenome_name": "5-10", "investigation_type": "metagenome", "seq_meth": "454", "pubmed_id": "22158393", "file_checksum": "03a1713782c8f8dd865b6692a7d88416", "metagenome_id": "4446121.3"}}}, "md5_checksum": "03a1713782c8f8dd865b6692a7d88416", "project_metagenomes": ["4446121.3"], "id": "mgm4446121.3", "sample": ["mgs15586", "https://api.mg-rast.org/sample/mgs15586"], "library": ["mgl48958", "https://api.mg-rast.org/library/mgl48958"], "name": "5-10", "version": 1, "created": "2010-01-19 13:57:54", "project": ["mgp482", "https://api.mg-rast.org/project/mgp482"], "statistics": {}, "project_alpha_diversity": {"avg": 158.398116392334, "stdv": 0, "max": 158.398116392334, "min": 158.398116392334}, "status": "public", "pipeline_parameters": {"max_ambig": "5", "bowtie": "yes", "priority": "never", "m5nr_annotation_version": "1", "filter_ln_mult": "2.0", "m5rna_sims_version": "7", "prefix_length": "50", "m5rna_annotation_version": "1", "assembled": "no", "rna_pid": "97", "m5nr_sims_version": "7", "file_type": "fna", "filter_ln": "yes", "screen_indexes": "h_sapiens", "aa_pid": "90", "dereplicate": "yes", "fgs_type": "454", "filter_ambig": "yes"}, "pipeline_version": "3.0", "mixs_compliant": 1, "mixs": {"env_package_type": "human-associated", "project_name": "Project for: 5-10", "longitude": -117.2, "feature": "human-associated habitat", "material": "human-associated habitat", "seq_method": "454", "project_id": "mgp482", "sequence_type": "WGS", "collection_date": "2008-06-01T12:00:00Z", "PI_lastname": null, "latitude": 32.9, "country": "United States of America", "location": "California", "biome": "human-associated habitat", "PI_firstname": null}, "sequence_type": "WGS", "owner": "mgu13502", "url": "https://api.mg-rast.org/metagenome/mgm4446121.3?verbosity=full"}