{"version": 1, "pipeline_parameters": {"fgs_type": "454", "rna_pid": "97", "prefix_length": "50", "m5rna_annotation_version": "1", "m5rna_sims_version": "7", "screen_indexes": "h_sapiens", "assembled": "no", "max_ambig": "5", "filter_ln": "yes", "file_type": "fna", "filter_ln_mult": "2.0", "m5nr_annotation_version": "1", "m5nr_sims_version": "7", "priority": "never", "dereplicate": "yes", "bowtie": "yes", "aa_pid": "90", "filter_ambig": "yes"}, "mixs_compliant": 1, "pipeline_version": "3.0", "metadata": {"env_package": {"id": "mge52427", "data": {"nose_mouth_teeth_throat_disord": "no Epstein-Barr Virus", "age": "23 to 56 y old", "sex": "8 females and 11 males", "body_product": "swab of the area posterior and superior to the palatopharyngeal arch (lower border of the nasopharynx) on both the right and left sides", "env_package": "human-oral", "body_site": "oral cavity", "profile_rating_demo 2": "bronze"}, "type": "human-oral", "name": "mge52427"}, "sample": {"id": "mgs22444", "data": {"samp_size": "oropharangeal swab samples pooled from 19 individuals", "longitude": -117.0717, "geodetic_system": "wgs_84", "country": "United States of America", "location": "San Diego University, San Diego, California", "feature": "animal-associated habitat", "samp_collect_device": "Samples were obtained by swabbing the area posterior and superior to the palatopharyngeal arch (lower border of the nasopharynx) on both the right and left sides with a sterile swab. Swabs were replaced into their original self-sealing specimen containers and transported to the laboratory. Viral concentrates from 19 individual samples were comb xined to form a pooled sample. Half of the pooled sample was filtered with a 0.22-&#956;m Millex-HV filter to remove cellular material. DNase I was added to the sample to a final concentration of 10 &#956;g\u00c2\u00b7mL&#8722;1, followed by incubation at 37 \u00c2\u00b0C for 1 h to degrade free DNA. The other half of the pooled sample was treated with chloroform but not filtered. Twenty microliters of chlorofrom was added per milliliter of viral concentrate, and the sample was then incubated at 4 \u00c2\u00b0C for 2 h and centrifuged at 2155 \u00c3\u0097 g for 15 min. The supernatant containing the viral concentrate was col- lected and treated with DNase I as described above. DNA was extracted from the filtered and chloroformed samples using a cetyltrimethylammonium bromide (CTAB)/formamide protocol", "material": "animal-associated habitat", "collection_timezone": "UTC", "collection_date": "2007-07-01", "isol_growth_condt": "19300441, 20547834", "continent": "north_america", "samp_mat_process": "DNA extraction", "latitude": 32.7729, "env_package": "human-oral", "biome": "animal-associated habitat"}, "name": "mgs22444"}, "project": {"public": "Human Oropharyngeal Metagenome", "name": "Human Oropharyngeal Metagenome", "data": {"PI_organization_address": "San Diego, CA", "project_name": "Human Oropharyngeal Metagenome", "PI_organization_country": "USA", "PI_organization_url": "http://www.sci.sdsu.edu/cos/index.php", "ncbi_id": "43627", "PI_email": "willner9@aol.com", "PI_firstname": "Dana", "project_funding": "Robert Wood Johnson Foundation, the United Negro Col- lege Fund\u00e2\u0080\u0093Merck Science Initiative, and the Burroughs Wellcome Fund (to D.T.P.); the National Institutes of Health Director's Pioneer Award DP1OD- 000964 (to D.A.R.); and a grant from Cystic Fibrosis Research Inc. (to F.L.R.).", "project_description": "We conducted a metagenomic study to determine the composition of oropharyngeal DNA viral communities (both phage and eukaryotic viruses) in healthy individ- uals and to evaluate oropharyngeal swabs as a rapid method for viral detection. Viral DNA was extracted from 19 pooled oropharyngeal swabs and sequenced. Viral communities consisted almost exclu- sively of phage, and complete genomes of several phage were recovered, including Escherichia coli phage T3, Propionibacterium acnes phage PA6, and Streptococcus mitis phage SM1.", "PI_organization": "Department of Biology, bComputational Science Research Center, and fCenter for Microbial Sciences, San Diego State University", "PI_lastname": "Willner"}, "id": "mgp32"}, "library": {"id": "mgl52426", "data": {"seq_meth": "454", "sequences_sequences_filtered": "Removed redundant contigs", "metagenome_id": "4444196.3", "lib_size_mean": 206, "gold_id": "Gm00246", "metagenome_name": "FYGT", "file_checksum": "61e4e8d94d399c41db35e5afa57bc648", "pubmed_id": "20547834", "sequences_sequences_combined_libraries": "Sequences are from combined libraries", "investigation_type": "metagenome"}, "type": "WGS", "name": "mgl52426"}}, "mixs": {"seq_method": "454", "feature": "animal-associated habitat", "location": "San Diego University, San Diego, California", "country": "United States of America", "longitude": -117.0717, "sequence_type": "WGS", "PI_firstname": "Dana", "collection_date": "2007-07-01", "material": "animal-associated habitat", "PI_lastname": "Willner", "project_name": "Human Oropharyngeal Metagenome", "latitude": 32.7729, "env_package_type": "human-oral", "biome": "animal-associated habitat", "project_id": "mgp32"}, "owner": "mgu183", "project": ["mgp32", "https://api.mg-rast.org/project/mgp32"], "job_id": 4123, "id": "mgm4444196.3", "project_metagenomes": ["4444196.3", "4444195.3"], "sample": ["mgs22444", "https://api.mg-rast.org/sample/mgs22444"], "statistics": {}, "md5_checksum": "61e4e8d94d399c41db35e5afa57bc648", "sequence_type": "WGS", "library": ["mgl52426", "https://api.mg-rast.org/library/mgl52426"], "status": "public", "created": "2009-07-22 23:55:29", "project_alpha_diversity": {"min": 292.217896796462, "max": 571.465162380391, "stdv": 139.623632791964, "avg": 431.841529588427}, "url": "https://api.mg-rast.org/metagenome/mgm4444196.3?verbosity=full", "name": "FYGT"}