{"mixs": {"latitude": 21.434, "project_name": "Stressed Coral Holobionts", "location": "Hawaii Institute of Marine Biology", "PI_firstname": "Rebecca", "country": "United States of America", "feature": "animal-associated habitat", "longitude": -157.7878, "material": "animal-associated habitat", "env_package_type": "host-associated", "seq_method": "454", "project_id": "mgp16", "collection_date": "2006-02-22", "sequence_type": "WGS", "PI_lastname": "Vega  Thurber", "biome": "animal-associated habitat"}, "status": "public", "project_alpha_diversity": {"stdv": 134.717305474331, "min": 138.940406910059, "avg": 344.076724334809, "max": 640.366857523245}, "sequence_type": "WGS", "project": ["mgp16", "https://api.mg-rast.org/project/mgp16"], "project_metagenomes": ["4440373.3", "4440375.3", "4440379.3", "4440371.3", "4440381.3", "4440377.3", "4440380.3", "4440376.3", "4440378.3", "4440374.3", "4440372.3", "4440370.3", "4440319.3"], "job_id": 260, "library": ["mgl56658", "https://api.mg-rast.org/library/mgl56658"], "created": "2007-12-15 05:14:33", "statistics": {}, "url": "https://api.mg-rast.org/metagenome/mgm4440370.3?verbosity=full", "owner": "mgu342", "version": 1, "sample": ["mgs28776", "https://api.mg-rast.org/sample/mgs28776"], "md5_checksum": "804edd174bbb0d557e0fbfd20531168e", "pipeline_version": "3.0", "metadata": {"env_package": {"name": "mge56659", "type": "host-associated", "id": "mge56659", "data": {"body_site": "Nubbins", "disease_stat": "healthy", "env_package": "host-associated", "_temp": "20", "body_habitat": "25 m offshore", "host_subject_id": "DOCPorCompVirHaw200602", "host_common_name": "Coral", "host_growth_cond": "was an addition of 25 mg 1-1 glucose was added to growth medium", "host_taxid": "46720", "samp_store_temp": "-20", "height_or_length": "20 cm in diameter"}}, "library": {"id": "mgl56658", "type": "WGS", "data": {"file_checksum": "804edd174bbb0d557e0fbfd20531168e", "pubmed_id": "19397678, 18337718", "metagenome_id": "4440370.3", "gold_id": "Gm00087,  Gm00193", "investigation_type": "metagenome", "metagenome_name": "DOCPorCompVirHaw200602", "seq_meth": "454", "seq_center": "454 Life Sciences, Inc, Branford, CT"}, "name": "mgl56658"}, "project": {"public": "Stressed Coral Holobionts", "name": "Stressed Coral Holobionts", "data": {"PI_firstname": "Rebecca", "PI_organization_country": "USA", "project_description": "The coral holobiont is the community of metazoans, protists and microbes associated with scleractinian corals. Disruptions in these associations have been correlated with coral disease, but little is known about the series of events involved in the shift from mutualism to pathogenesis. To evaluate structural and functional changes in coral microbial communities, Porites compressa was exposed to four stressors: increased temperature, elevated nutrients, dissolved organic carbon loading and reduced pH. Microbial metagenomic samples were collected and pyrosequenced. Functional gene analysis demonstrated that stressors increased the abundance of microbial genes involved in virulence, stress resistance, sulfur and nitrogen metabolism, motility and chemotaxis, fatty acid and lipid utilization, and secondary metabolism. Relative changes in taxonomy also demonstrated that coral-associated microbiota (Archaea, Bacteria, protists) shifted from a healthy-associated coral community (e.g. Cyanobacteria, Proteobacteria and the zooxanthellae Symbiodinium) to a community (e.g. Bacteriodetes, Fusobacteria and Fungi) of microbes often found on diseased corals. Additionally, low-abundance Vibrio spp. were found to significantly alter microbiome metabolism, suggesting that the contribution of a just a few members of a community can profoundly shift the health status of the coral holobiont.", "project_name": "Stressed Coral Holobionts", "ncbi_id": "28595, 28433", "PI_lastname": "Vega  Thurber", "PI_organization": "San Diego State University", "project_funding": "NSF, the Gordon and Betty Moore Foundation", "PI_organization_url": "http://www.sci.sdsu.edu/cos/index.php", "PI_organization_address": "San Diego, CA", "PI_email": "rvega@mail.sdsu.edu"}, "id": "mgp16"}, "sample": {"data": {"collection_date": "2006-02-22", "env_package": "host-associated", "temperature": 20, "biome": "animal-associated habitat", "samp_size": "3 coral heads", "ph": 8.1, "material": "animal-associated habitat", "geodetic_system": "wgs_84", "country": "United States of America", "samp_collect_device": "Coral specimens were collected at the Hawaii Institute of Marine Biology (HIMB) on 22 February 2006. All P. compressa samples were collected 25 m offshore at 1 m depth and 5 m apart. Ambient sea surface water temperature was 24\u00c2\u00b0C. Three apparently healthy coral heads of approximately 20 cm in diameter were removed with hammer and chisel at the base of the colony to avoid polyp damage. Specimens were placed in a 3 l seawater-cured bucket, carried to shore, and immediately transferred to open outdoor aquaria that contained continuous flowing seawater.", "longitude": -157.7878, "feature": "animal-associated habitat", "isol_growth_condt": "19397678", "latitude": 21.434, "continent": "north_america", "location": "Hawaii Institute of Marine Biology", "samp_mat_process": "DNA extraction", "collection_timezone": "UTC"}, "id": "mgs28776", "name": "mgs28776"}}, "mixs_compliant": 1, "pipeline_parameters": {"file_type": "fna", "aa_pid": "90", "priority": "never", "filter_ln_mult": "2.0", "rna_pid": "97", "dereplicate": "yes", "filter_ln": "yes", "screen_indexes": "h_sapiens", "m5rna_sims_version": "7", "max_ambig": "5", "assembled": "no", "m5nr_annotation_version": "1", "fgs_type": "454", "m5nr_sims_version": "7", "prefix_length": "50", "m5rna_annotation_version": "1", "filter_ambig": "yes", "bowtie": "yes"}, "id": "mgm4440370.3", "name": "DOCPorCompVirHaw200602"}