{"library": ["mgl109311", "https://api.mg-rast.org/library/mgl109311"], "metadata": {"env_package": {"type": "soil", "id": "mge109310", "name": "METASOIL J1 Rothamsted 2009 July 0-21cm Direct MPBIO1O1: soil", "data": {"env_package": "soil", "sample_name": "METASOIL J1 Rothamsted 2009 July 0-21cm Direct MPBIO1O1"}}, "sample": {"data": {"material": "soil", "longitude": 0.222231, "collection_timezone": "UTC-0", "latitude": 51.481481, "country": "England", "biome": "Temperate grasslands", "sample_name": "METASOIL J1 Rothamsted 2009 July 0-21cm Direct MPBIO1O1", "collection_date": "2009-06-01", "location": "Rothamsted", "feature": "prairie", "collection_time": "12:00:00", "env_package": "soil"}, "id": "mgs109309", "name": "METASOIL J1 Rothamsted 2009 July 0-21cm Direct MPBIO1O1"}, "library": {"type": "WGS", "id": "mgl109311", "name": "METASOIL J1 Rothamsted 2009 July 0-21cm Direct MPBIO1O1", "data": {"metagenome_id": "4453261.3", "sample_name": "METASOIL J1 Rothamsted 2009 July 0-21cm Direct MPBIO1O1", "file_checksum": "0b6c86c9c40dc3fdd665b4726409f8b8", "investigation_type": "metagenome", "metagenome_name": "METASOIL J1 Rothamsted 2009 July 0-21cm Direct MPBIO1O1", "seq_meth": "454"}}, "project": {"public": "Soil microbial community from Rothamsted, Park Grass (METASOIL project)", "name": "Soil microbial community from Rothamsted, Park Grass (METASOIL project)", "id": "mgp405", "data": {"PI_firstname": "Tim M Vogel and", "PI_email": "timothy.vogel@ec-lyon.fr", "organization": "Ecole centrale de Lyon", "PI_organization": "Ecole centrale de Lyon", "PI_organization_country": "France", "firstname": "Tom", "project_name": "Soil microbial community from Rothamsted, Park Grass (METASOIL project)", "PI_lastname": "Tom O Delmont", "project_funding": "French National Research Agency (ANR) Projet ANR-08-GENM-025", "email": "tomdelmont@hotmail.fr", "mgrast_id": "mgp405", "lastname": "Delmont", "project_description": "Metagenomic analyse of soil microbial communities from Rothamsted, UK.\nRelated article on http://www.ncbi.nlm.nih.gov/pubmed/22297556.\nMore information (including Metadata) on the project at http://www.genomenviron.org/Projects/METASOIL.html", "PI_organization_address": "Ecully"}}}, "sequence_type": "WGS", "mixs_compliant": 0, "project_alpha_diversity": {"avg": 603.087339105196, "min": 540.408521458922, "max": 650.454442800207, "stdv": 28.9576263798265}, "id": "mgm4453261.3", "pipeline_version": "3.0", "version": 1, "status": "public", "url": "https://api.mg-rast.org/metagenome/mgm4453261.3?verbosity=full", "name": "METASOIL J1 Rothamsted 2009 July 0-21cm Direct MPBIO1O1", "mixs": {"sequence_type": "WGS", "collection_date": "2009-06-01T12:00:00-0000", "PI_firstname": "Tim M Vogel and", "location": "Rothamsted", "biome": "Temperate grasslands", "latitude": 51.481481, "country": "England", "longitude": 0.222231, "project_name": "Soil microbial community from Rothamsted, Park Grass (METASOIL project)", "PI_lastname": "Tom O Delmont", "material": "soil", "env_package_type": "soil", "project_id": "mgp405", "seq_method": "454", "feature": "prairie"}, "project_metagenomes": ["4453261.3", "4453247.3", "4453246.3", "4453254.3", "4453256.3", "4453257.3", "4453274.3", "4453406.3", "4453407.3", "4453433.3", "4453434.3", "4453435.3", "4453436.3"], "job_id": 12858, "created": "2010-12-06 12:47:51", "sample": ["mgs109309", "https://api.mg-rast.org/sample/mgs109309"], "statistics": {}, "pipeline_parameters": {"assembled": "no", "fgs_type": "454", "filter_ambig": "yes", "aa_pid": "90", "m5nr_sims_version": "7", "filter_ln": "yes", "m5nr_annotation_version": "1", "rna_pid": "97", "max_ambig": "5", "screen_indexes": "h_sapiens", "m5rna_annotation_version": "1", "m5rna_sims_version": "7", "prefix_length": "50", "bowtie": "yes", "dereplicate": "yes", "file_type": "fna", "priority": "never", "filter_ln_mult": "2.0"}, "md5_checksum": "0b6c86c9c40dc3fdd665b4726409f8b8", "project": ["mgp405", "https://api.mg-rast.org/project/mgp405"], "owner": "mgu11652"}