{"pipeline_parameters": {"m5nr_sims_version": "7", "file_type": "fna", "m5rna_annotation_version": "1", "m5nr_annotation_version": "1", "screen_indexes": "h_sapiens", "fgs_type": "454", "filter_ambig": "yes", "max_ambig": "5", "rna_pid": "97", "filter_ln_mult": "2.0", "bowtie": "yes", "assembled": "no", "aa_pid": "90", "prefix_length": "50", "dereplicate": "yes", "filter_ln": "yes", "priority": "never", "m5rna_sims_version": "7"}, "statistics": {}, "metadata": {"library": {"id": "mgl108258", "name": "K1b_metagenome", "data": {"metagenome_name": "K1b_metagenome", "file_checksum": "f24a90922a405fe4d94d15784a459b88", "metagenome_id": "4450126.3", "investigation_type": "metagenome", "seq_meth": "454", "sample_name": "K1b"}, "type": "WGS"}, "sample": {"id": "mgs108256", "name": "K1b", "data": {"material": "peat soil", "collection_timezone": "UTC+2", "collection_date": "2009-08-01", "feature": "peat soil", "env_package": "soil", "longitude": 13.48425, "location": "Ny \u00c3\u0085lesund, Svalbard", "country": "Norway", "sample_name": "K1b", "biome": "Tundra biome", "collection_time": "12:00:00", "latitude": 80.6090666666667}}, "env_package": {"type": "soil", "data": {"env_package": "soil", "sample_name": "K1b"}, "name": "K1b: soil", "id": "mge108257"}, "project": {"public": "Organic carbon transformations in high-Arctic peat soils: key functions and microorganisms", "data": {"PI_firstname": "Mette", "PI_lastname": "Svenning", "PI_organization": "University of Troms\u00c3\u00b8", "PI_organization_country": "Norway", "project_name": "Organic carbon transformations in high-Arctic peat soils: key functions and microorganisms", "PI_organization_address": "Dramsveien 201, 9037, Troms\u00c3\u00b8", "PI_email": "mette.svenning@uit.no"}, "name": "Organic carbon transformations in high-Arctic peat soils: key functions and microorganisms", "id": "mgp4192"}}, "mixs_compliant": 0, "library": ["mgl108258", "https://api.mg-rast.org/library/mgl108258"], "created": "2010-07-27 08:52:38", "status": "public", "job_id": 9860, "project": ["mgp4192", "https://api.mg-rast.org/project/mgp4192"], "sequence_type": "WGS", "owner": "mgu24522", "mixs": {"PI_lastname": "Svenning", "sequence_type": "WGS", "country": "Norway", "collection_date": "2009-08-01T12:00:00+0200", "feature": "peat soil", "env_package_type": "soil", "biome": "Tundra biome", "project_id": "mgp4192", "location": "Ny \u00c3\u0085lesund, Svalbard", "PI_firstname": "Mette", "material": "peat soil", "longitude": 13.48425, "latitude": 80.6090666666667, "seq_method": "454", "project_name": "Organic carbon transformations in high-Arctic peat soils: key functions and microorganisms"}, "sample": ["mgs108256", "https://api.mg-rast.org/sample/mgs108256"], "project_alpha_diversity": {"avg": 763.606978894591, "stdv": 20.8781854970513, "min": 729.747479578911, "max": 786.968886392106}, "pipeline_version": "3.0", "project_metagenomes": ["4450124.3", "4450123.3", "4450125.3", "4450126.3", "4450127.3", "4450249.3", "4450250.3"], "id": "mgm4450126.3", "name": "K1b_metagenome", "version": 1, "url": "https://api.mg-rast.org/metagenome/mgm4450126.3?verbosity=full", "md5_checksum": "f24a90922a405fe4d94d15784a459b88"}