{"url": "https://api.mg-rast.org/metagenome/mgm4440425.3?verbosity=full", "owner": "mgu163", "project": ["mgp11", "https://api.mg-rast.org/project/mgp11"], "id": "mgm4440425.3", "name": "MedSalternSDbayMic20051116", "project_metagenomes": ["4440435.3", "4440426.3", "4440437.3", "4440427.3", "4440144.4", "4440145.4", "4440433.3", "4440419.3", "4440416.3", "4440425.3", "4440431.3", "4440417.3", "4440432.3", "4440434.3", "4440436.3", "4440421.3", "4440428.3", "4440324.3", "4440325.3", "4440420.3", "4440430.3", "4440429.3", "4440438.3", "4440090.3"], "metadata": {"project": {"name": "Chula Vista, CA Solar Saltern Study", "public": "Chula Vista, CA Solar Saltern Study", "id": "mgp11", "data": {"ncbi_id": "28377, 28725", "project_name": "Chula Vista, CA Solar Saltern Study", "PI_organization_url": "www.csrc.sdsu.edu/", "PI_firstname": "Beltran", "PI_organization_address": "San Diego, CA", "PI_organization": "Computational Science Research Center, San Diego State University", "project_funding": "NSF, Gordon and Betty Moore Foundation, ARCS Fellowship, NSF Postdoctoral Fellowship #DBI-0511948, ATP/Kent Sea Tech and EMBO ASTF366-2007 short-term fellowship.", "project_description": "Water samples from the solar saltern of South Bay Salt Works (Chula Vista, CA, USA) were collected from three ponds with different salinities: low (6-8%), medium (12-14%), and high (27-30%). In this study, we used metagenomics to monitor the viral and microbial communities in this and 3 other distinctive, stable, human-controlled aquatic environments over time. The study environments included a freshwater aquaculture system and three solar saltern environments of differing salinity. Populations within the communities were monitored at both the coarse-grained level of species and the fine-grained level of strains. On the basis of our results, we propose a model for these stable aquatic environments that is consistent with a Kill-the-Winner cycling of predator and prey populations and in which sensitive microbial strains are killed off by viral predators and are replaced by phage-resistant strains of the same species.", "PI_lastname": "Rodriguez-Brito", "PI_email": "beltran.rodriguezbrito@gmail.com", "PI_organization_country": "USA"}}, "library": {"type": "WGS", "name": "MedSalternSDbayMic20051116", "id": "mgl69220", "data": {"misc_param": "sequences_sequences_filtered: Removed redundant contigs", "pubmed_id": "18337718, 20147985", "lib_size_mean": 97.1, "metagenome_id": "4440425.3", "seq_meth": "454", "file_checksum": "a9223e6af062efc5180a190c587646ea", "sample_name": "MedSalternSDbayMic20051116", "seq_center": "454 Life Sciences, Inc, Branford, CT", "file_name": "MedSalternSDbayMic20051116.fna", "metagenome_name": "MedSalternSDbayMic20051116", "investigation_type": "metagenome", "gold_id": "Gm00134"}}, "sample": {"data": {"misc_param": "geodetic_system: wgs_84", "country": "United States of America", "location": "Chula Vista, CA", "samp_collect_device": "Water samples from the solar saltern of South Bay Salt Works (Chula Vista, CA, USA) were collected from three ponds with different salinities: low (6-8%), medium (12-14%), and high (27-30%). Salinity was measured with a hand refractometer. The time between samplings ranged from 1 day to ~1.33 years (Table 1). Viral and microbial fractions were isolated from each water sample by passage through a 0.2-&#956;m tangential flow filter (TFF, Millipore, Westborough, MA, USA). The filtrate and the retentate were collected in separate tanks.", "collection_time": "00:00:00", "feature": "saline evaporation pond", "continent": "north america", "sample_name": "MedSalternSDbayMic20051116", "isol_growth_condt": "20147985", "material": "saline water", "biome": "marine biome", "longitude": -117.1072, "env_package": "water", "collection_timezone": "UTC", "latitude": 32.6, "collection_date": "2005-11-16"}, "id": "mgs69218", "name": "MedSalternSDbayMic20051116"}, "env_package": {"id": "mge69219", "data": {"salinity": "12-14%", "sample_name": "MedSalternSDbayMic20051116", "biomass": "5.89E7 cells/ml", "env_package": "water"}, "type": "water", "name": "MedSalternSDbayMic20051116: water"}}, "mixs_compliant": 0, "pipeline_parameters": {"m5nr_annotation_version": "1", "aa_pid": "90", "file_type": "fna", "m5nr_sims_version": "7", "m5rna_annotation_version": "1", "prefix_length": "50", "fgs_type": "454", "priority": "never", "max_ambig": "5", "assembled": "no", "dereplicate": "yes", "filter_ln": "yes", "rna_pid": "97", "filter_ln_mult": "2.0", "bowtie": "yes", "screen_indexes": "h_sapiens", "filter_ambig": "yes", "m5rna_sims_version": "7"}, "pipeline_version": "3.0", "project_alpha_diversity": {"avg": 287.597157489909, "stdv": 214.92260101415, "min": 25.0416487709006, "max": 769.523606831403}, "created": "2007-12-23 20:44:28", "sequence_type": "WGS", "version": 1, "mixs": {"sequence_type": "WGS", "country": "United States of America", "project_id": "mgp11", "location": "Chula Vista, CA", "PI_lastname": "Rodriguez-Brito", "env_package_type": "water", "feature": "saline evaporation pond", "PI_firstname": "Beltran", "seq_method": "454", "biome": "marine biome", "material": "saline water", "longitude": -117.1072, "collection_date": "2005-11-16T00:00:00Z", "project_name": "Chula Vista, CA Solar Saltern Study", "latitude": 32.6}, "sample": ["mgs69218", "https://api.mg-rast.org/sample/mgs69218"], "job_id": 320, "status": "public", "md5_checksum": "a9223e6af062efc5180a190c587646ea", "statistics": {}, "library": ["mgl69220", "https://api.mg-rast.org/library/mgl69220"]}