{"library": ["mgl192556", "https://api.mg-rast.org/library/mgl192556"], "mixs_compliant": 1, "name": "lepida_foregut_566_control_ALL", "job_id": 46407, "project_alpha_diversity": {"max": 797.686510607398, "min": 0, "avg": 463.36318850334, "stdv": 219.457560854748}, "project": ["mgp9847", "https://api.mg-rast.org/project/mgp9847"], "id": "mgm4484865.3", "project_metagenomes": ["4486239.3", "4484865.3", "4484859.3", "4484670.3", "4483943.3", "4483883.3", "4483800.3", "4482714.3"], "statistics": {}, "md5_checksum": "a1eeaa156debba29b4fcd1d31c26ca50", "created": "2012-02-29 00:25:22", "version": 1, "url": "https://api.mg-rast.org/metagenome/mgm4484865.3?verbosity=full", "pipeline_version": "3.0", "metadata": {"env_package": {"name": "4484865.3: host-associated", "data": {"diet": "control", "host_subject_id": "566", "sample_name": "4484865.3", "body_product": "foregut contents", "misc_param": "Neotoma lepida", "host_common_name": "desert woodrat", "env_package": "host-associated"}, "id": "mge192555", "type": "host-associated"}, "library": {"type": "WGS", "id": "mgl192556", "name": "lepida_foregut_566_control_ALL", "data": {"file_checksum": "a1eeaa156debba29b4fcd1d31c26ca50", "seq_meth": "illumina", "metagenome_name": "lepida_foregut_566_control_ALL", "metagenome_id": "4484865.3", "file_name": "8872X7_111216_SN141_0431_AC09W4ACXX_8_ALL.txt.fasta", "seq_center": "University of Utah Core Facility", "sample_name": "4484865.3", "investigation_type": "metagenome"}}, "sample": {"id": "mgs192554", "data": {"feature": "organic feature", "location": "Salt Lake City UT", "material": "chyme", "longitude": -111.89105, "biome": "Deserts and xeric shrubland biome", "collection_timezone": "UTC-7", "env_package": "host-associated", "country": "USA", "collection_date": "2011-02-16", "latitude": 40.76078, "sample_name": "4484865.3", "collection_time": "07:19:59"}, "name": "4484865.3"}, "project": {"id": "mgp9847", "data": {"organization": "University of Utah", "email": "kkohl78@gmail.com", "PI_organization": "University of Utah", "organization_country": "United States", "PI_firstname": "Kevin", "PI_lastname": "Kohl", "lastname": "Kohl", "project_description": "Metagenomic shotgun sequencing of foregut contents of N. lepida fed either a control diet of high-fiber rabbit chow, or a diet amended with 2% of extracted creosote resin.", "organization_address": "710 McClelland St", "PI_email": "kkohl78@gmail.com", "firstname": "Kevin", "PI_organization_address": "257 South 1400 East", "project_name": "Woodrat_foregut_metagenome_creosote", "PI_organization_country": "USA"}, "name": "Woodrat_foregut_metagenome_creosote", "public": "Woodrat_foregut_metagenome_creosote"}}, "sample": ["mgs192554", "https://api.mg-rast.org/sample/mgs192554"], "owner": "mgu49909", "status": "public", "mixs": {"PI_firstname": "Kevin", "feature": "organic feature", "sequence_type": "WGS", "biome": "Deserts and xeric shrubland biome", "longitude": -111.89105, "material": "chyme", "location": "Salt Lake City UT", "seq_method": "illumina", "PI_lastname": "Kohl", "env_package_type": "host-associated", "latitude": 40.76078, "collection_date": "2011-02-16T07:19:59-0700", "country": "USA", "project_id": "mgp9847", "project_name": "Woodrat_foregut_metagenome_creosote"}, "pipeline_parameters": {"m5nr_annotation_version": "1", "aa_pid": "90", "dynamic_trim": "yes", "max_lqb": "5", "m5nr_sims_version": "7", "min_qual": "15", "rna_pid": "97", "fgs_type": "454", "bowtie": "yes", "dereplicate": "yes", "screen_indexes": "a_thaliana", "assembled": "no", "priority": "never", "file_type": "fastq", "m5rna_annotation_version": "1", "prefix_length": "50", "m5rna_sims_version": "7"}, "sequence_type": "WGS"}