"samples","file_size","total_number_of_reads","GC_content","total_number_of_bases","complete_sequence_length","average_read_size","read_size_mode","read_size_median","lowest_read_size","highest_read_size","life_style","biosphere","ecosystem","habitat","country","latitude","longitude","seq_method"
"mgm4440939",34575313,25195,0.483787561592226,33830568,33830568,1342.74927564993,947,1081,92,16490,"host-associated","terrestrial","human_host-associated","human_feces","Japan",35.7134,139.7623,"sanger"
"mgm4440940",19926737,12410,0.515523284991375,19565543,19565543,1576.59492344883,969,989,65,18617,"host-associated","terrestrial","human_host-associated","human_feces","Japan",35.7134,139.7623,"sanger"
"mgm4440941",37914500,30080,0.511048286850145,37023206,37023206,1230.82466755319,956,1065,98,16076,"host-associated","terrestrial","human_host-associated","human_feces","Japan",35.7134,139.7623,"sanger"
"mgm4440942",41237809,30905,0.533419334863905,40321763,40321763,1304.70030739363,1108,1116,103,12316,"host-associated","terrestrial","human_host-associated","human_feces","Japan",35.7134,139.7623,"sanger"
"mgm4440943",35893404,25936,0.506585440455261,35126428,35126428,1354.35024676126,977,1087,78,16833,"host-associated","terrestrial","human_host-associated","human_feces","Japan",35.7134,139.7623,"sanger"
"mgm4440944",30805837,22778,0.501380718144673,30133594,30133594,1322.92536658179,1082,1086,85,17639,"host-associated","terrestrial","human_host-associated","human_feces","Japan",35.7134,139.7623,"sanger"
"mgm4440945",13437030,8849,0.556979788971162,13181516,13181516,1489.60515312465,888,961,97,25762,"host-associated","terrestrial","human_host-associated","human_feces","Japan",35.7134,139.7623,"sanger"
"mgm4440946",23500095,14881,0.447037689676338,23064751,23064751,1549.94630737182,1107,1070,79,21267,"host-associated","terrestrial","human_host-associated","human_feces","Japan",35.7134,139.7623,"sanger"
"mgm4440947",40602143,29810,0.483409302955824,39718946,39718946,1332.40342167058,969,1080,83,16773,"host-associated","terrestrial","human_host-associated","human_feces","Japan",35.7134,139.7623,"sanger"
"mgm4440948",37479069,28390,0.481807656614853,36638463,36638463,1290.54114124692,1064,1051,88,18571,"host-associated","terrestrial","human_host-associated","human_feces","Japan",35.7134,139.7623,"sanger"
"mgm4440949",21985761,12748,0.500197946876583,21614385,21614385,1695.51184499529,1077,1075,74,19264,"host-associated","terrestrial","human_host-associated","human_feces","Japan",35.7134,139.7623,"sanger"
"mgm4440950",17791630,12146,0.5369264740323,17438356,17438356,1435.72830561502,1039,1063,63,21374,"host-associated","terrestrial","human_host-associated","human_feces","Japan",35.7134,139.7623,"sanger"
"mgm4441092",34673329,34060,0.571810287578498,33662635,33662635,988.333382266588,976,977,168,1464,"free-living","freshwater","wastewater","sludge","Australia",-27.467,153.01667,"sanger"
"mgm4441093",57487238,58485,0.613265359006531,55743791,55743791,953.129708472258,1028,990,211,1378,"free-living","freshwater","wastewater","sludge","United States of America",43.0667,-89.4,"sanger"
"mgm4441102",70967205,85367,0.384781833751778,68417297,68417297,801.449002541966,691,759,110,2994,"host-associated","marine","animal_host-associated","animal_skin",NA,9.84,-104.28,"sanger"
"mgm4441205",136042434,495641,0.63012801526304,120787472,120787472,243.699516383834,241,246,50,12888,"host-associated","terrestrial","plant_associated","rhizosphere","Switzerland",47.44611,8.68694,"454"
"mgm4441570",675844943,642321,0.523856396384672,656044096,656044096,1021.36485651255,1032,1023,335,2048,"free-living","marine","saline_water","oceanic_seawater","Bermuda",31.175,-64.324,"sanger"
"mgm4441571",675844943,642321,0.523856396384672,656044096,656044096,1021.36485651255,1032,1023,335,2048,"free-living","marine","saline_water","oceanic_seawater","Bermuda",31.175,-64.324,"sanger"
"mgm4441573",330455919,316901,0.36050343810411,320742905,320742905,1012.12336029233,993,1007,413,2048,"free-living","marine","saline_water","oceanic_seawater","Bermuda",31.175,-64.324,"sanger"
"mgm4441574",382849716,368680,0.372821043808814,371531678,371531678,1007.73483237496,1008,1007,518,2048,"free-living","marine","saline_water","oceanic_seawater","Bermuda",32.1748,-64.01017,"sanger"
"mgm4441663",70968357,85369,0.384783520921787,68418390,68418390,801.443029671192,691,759,110,2994,"host-associated","marine","animal_host-associated","animal_skin",NA,9.84,-104.28,"sanger"
"mgm4442467",8171959,22486,0.553277936368961,7508474,7508474,333.917726585431,241,239,95,12866,"free-living","marine","saline_water","salt_lake","Mexico",26.8713889,-102.0198056,"454"
"mgm4445728",40416799,90534,0.513334955282594,37711825,37711825,416.548755163806,490,454,100,902,"host-associated","terrestrial","human_host-associated","saliva","United States of America",14,-14,"454"
"mgm4445731",32639842,73070,0.442203237989046,30458843,30458843,416.844710551526,501,451,100,1666,"host-associated","terrestrial","human_host-associated","saliva","United States of America",32.9,-117.2,"454"
"mgm4445735",192140012,560395,0.440457604473878,174871105,174871105,312.049723855495,316,315,100,1242,"host-associated","terrestrial","human_host-associated","saliva","United States of America",32.9,-117.2,"454"
"mgm4445737",34117445,104420,0.491682050553132,30983718,30983718,296.722064738556,339,298,100,1080,"host-associated","terrestrial","human_host-associated","saliva","United States of America",32.9,-117.2,"454"
"mgm4446075",72759022,179311,0.483696514648475,67311374,67311374,375.388983386407,463,406,100,790,"host-associated","terrestrial","human_host-associated","saliva","United States of America",32.9,-117.2,"454"
"mgm4446120",57099124,126452,0.421688287993016,53290209,53290209,421.426383133521,502,456,100,2017,"host-associated","terrestrial","human_host-associated","saliva","United States of America",32.9,-117.2,"454"
"mgm4446126",47692335,111548,0.563039272771767,44345253,44345253,397.544133467207,465,448,100,759,"host-associated","terrestrial","human_host-associated","saliva","United States of America",14,-14,"454"
"mgm4446411",16218997,46805,0.446393287014101,14825951,14825951,316.759982907809,364,328,50,738,"free-living","marine","saline_water","estuarine_seawater","Australia",-36.16,139.65,"454"
"mgm4446437",7314787,26039,0.403694275690939,6544720,6544720,251.342985521717,241,225,93,5112,"free-living","marine","saline_water","oceanic_seawater","United Kingdom",23.7803,9.0914,"454"
"mgm4447101",138431458,291400,0.461867575394756,129509074,129509074,444.437453671929,502,485,50,861,"host-associated","terrestrial","human_host-associated","saliva","Spain",39.481448,0.353066,"454"
"mgm4447102",74867241,160712,0.491311526765096,69959472,69959472,435.309572402808,496,480,50,1137,"host-associated","terrestrial","human_host-associated","saliva","Spain",39.481448,0.353066,"454"
"mgm4447103",217269378,458589,0.435324983388555,203164138,203164138,443.020085523203,505,484,50,878,"host-associated","terrestrial","human_host-associated","saliva","Spain",39.481448,0.353066,"454"
"mgm4447447",36118901,79673,0.448617794259317,33739297,33739297,423.47215493329,492,462,50,802,"host-associated","terrestrial","animal_host-associated","animal_feces","USA",42.444015,-76.501893,"454"
"mgm4447449",32936552,73026,0.459037711440234,30756741,30756741,421.175211568482,499,461,50,747,"host-associated","terrestrial","animal_host-associated","animal_feces","USA",42.444015,-76.501893,"454"
"mgm4447810",288788703,1094449,0.594979601203682,254873617,254873617,232.878477663189,250,245,60,6136,"host-associated","terrestrial","plant_associated","rhizosphere","Spain",41.21333,-4.54556,"454"
"mgm4447811",271506879,1024182,0.593881116342268,239839239,239839239,234.176385642396,248,243,60,38489,"host-associated","terrestrial","plant_associated","rhizosphere","Switzerland",47.44083,8.49833,"454"
"mgm4447903",131797758,300604,0.470034333700283,122590049,122590049,407.812434298945,495,451,50,1116,"host-associated","terrestrial","human_host-associated","saliva","Spain",39.481448,0.353066,"454"
"mgm4447943",151863421,333415,0.452495790782984,141638575,141638575,424.811646146694,495,472,50,1080,"host-associated","terrestrial","human_host-associated","saliva","Spain",39.481448,0.353066,"454"
"mgm4447970",29141918,65421,0.559546228285771,27190236,27190236,415.619388269822,507,472,50,1049,"host-associated","terrestrial","human_host-associated","saliva","Spain",39.481448,0.353066,"454"
"mgm4447971",39858162,92869,0.486563975697289,37083105,37083105,399.305527140381,487,443,50,1062,"host-associated","terrestrial","human_host-associated","saliva","Spain",39.481448,0.353066,"454"
"mgm4449103",295161434,660270,0.42839255182041,274803739,274803739,416.199038272222,510,469,50,741,"free-living","marine","saline_water","oceanic_seawater","Bermuda",32.17,-64.5,"454"
"mgm4449104",284560250,627174,0.391329452358665,265228391,265228391,422.894429616024,503,466,50,821,"free-living","marine","saline_water","oceanic_seawater","Bermuda",32.17,-64.5,"454"
"mgm4449589",270274788,442403,0.451191043169942,256671343,256671343,580.175412463297,543,565,50,1200,"free-living","marine","saline_water","coastal_seawater","Italy",44.24,-8.55,"454"
"mgm4449956",425129525,1021284,0.583330196103143,393553100,393553100,385.35128328653,483,416,60,2870,"host-associated","terrestrial","plant_associated","rhizosphere","Philippines",14.1387,121.26159,"454"
"mgm4450130",318963922,723582,0.632022814449941,296643926,296643926,409.965872561783,491,446,50,951,"host-associated","terrestrial","plant_associated","rhizosphere","Czech Republic",48.99,14.16,"454"
"mgm4450131",296876926,661949,0.641034220138761,276467523,276467523,417.656833079286,496,468,50,850,"host-associated","terrestrial","plant_associated","rhizosphere","Czech Republic",48.99,14.16,"454"
"mgm4450171",307833729,708939,0.60750694304078,285967642,285967642,403.374115403441,492,437,50,964,"host-associated","terrestrial","plant_associated","rhizosphere","Czech Republic",48.99,14.16,"454"
"mgm4450172",331058994,753075,0.611528868854545,307824735,307824735,408.757075988447,492,443,50,1022,"host-associated","terrestrial","plant_associated","rhizosphere","Czech Republic",48.99,14.16,"454"
"mgm4450328",899611433,2208943,0.583299653094413,830034195,830034195,375.760802791199,496,400,60,16773,"host-associated","terrestrial","plant_associated","rhizosphere","Philippines",14.1387,121.26159,"454"
"mgm4450628",263050742,580667,0.619956877586189,245161137,245161137,422.206078526935,499,471,50,1068,"host-associated","terrestrial","plant_associated","rhizosphere","Czech Republic",48.99,14.16,"454"
"mgm4450629",295567205,651889,0.626301884459012,275469722,275469722,422.571514475624,497,469,50,927,"host-associated","terrestrial","plant_associated","rhizosphere","Czech Republic",48.99,14.16,"454"
"mgm4450630",348895247,791219,0.6260481116936,324478538,324478538,410.099527438042,484,438,50,1075,"host-associated","terrestrial","plant_associated","rhizosphere","Czech Republic",48.99,14.16,"454"
"mgm4450631",323288562,731763,0.626138370338785,300714968,300714968,410.945849954152,490,441,50,788,"host-associated","terrestrial","plant_associated","rhizosphere","Czech Republic",48.99,14.16,"454"
"mgm4450891",127401922,291787,0.422479761480825,118467289,118467289,406.00605578727,493,448,50,921,"free-living","marine","saline_water","coastal_seawater","Pacific Ocean",-12.37444,-77,"454"
"mgm4451102",289452469,667075,0.505863496341199,268883855,268883855,403.078896675786,499,445,50,758,"free-living","marine","saline_water","coastal_seawater","Italy",42.19,-10.17,"454"
"mgm4451593",265644459,688359,0.485057831748568,244415833,244415833,355.070294715403,413,377,50,1196,"free-living","marine","saline_water","coastal_seawater","Italy",42.19,-10.17,"454"
"mgm4453246",387263149,970670,0.605126734515336,357283451,357283451,368.079214357094,497,395,50,1771,"free-living","terrestrial","soil","grassland","England",51.481481,0.222231,"454"
"mgm4453247",503604445,1090815,0.614158045308766,469809402,469809402,430.695766009818,500,481,50,2041,"free-living","terrestrial","soil","grassland","England",51.481481,0.222231,"454"
"mgm4453254",347757770,886361,0.619951418463194,320391676,320391676,361.468607034831,493,382,50,1643,"free-living","terrestrial","soil","grassland","England",51.481481,0.222231,"454"
"mgm4453256",539802173,1130769,0.613678300995095,504728431,504728431,446.358567488143,507,494,50,1705,"free-living","terrestrial","soil","grassland","England",51.481481,0.222231,"454"
"mgm4453257",419671703,942243,0.612127932298561,390573206,390573206,414.514308941536,499,464,50,1555,"free-living","terrestrial","soil","grassland","England",51.481481,0.222231,"454"
"mgm4453261",499227905,1125888,0.614450905626221,464310485,464310485,412.394914058947,500,453,50,1967,"free-living","terrestrial","soil","grassland","England",51.481481,0.222231,"454"
"mgm4453274",277884747,738829,0.603959069126302,255092136,255092136,345.265461967519,499,402,50,794,"free-living","terrestrial","soil","grassland","England",51.481481,0.222231,"454"
"mgm4453371",31880283,79154,0.394645408780089,29516763,29516763,372.902986583116,490,414,100,711,"free-living","marine","saline_water","coral_reef_seawater","Brazil",-17.4784166666667,-39.0280833333333,"454"
"mgm4453407",334076241,751799,0.623016705237091,310881550,310881550,413.516844262895,501,468,50,1454,"free-living","terrestrial","soil","grassland","England",51.481481,0.222231,"454"
"mgm4453433",333173909,820013,0.629541439107085,307864609,307864609,375.43869304511,498,412,50,748,"free-living","terrestrial","soil","grassland","England",51.481481,0.222231,"454"
"mgm4453434",466888329,1131138,0.615932308938603,431802950,431802950,381.742059766359,491,410,50,1194,"free-living","terrestrial","soil","grassland","England",51.481481,0.222231,"454"
"mgm4453435",403144255,1061556,0.62308311698875,370285443,370285443,348.813857205837,489,371,50,750,"free-living","terrestrial","soil","grassland","England",51.481481,0.222231,"454"
"mgm4454167",4989940,6113,0.452658103731587,4813770,4813770,787.464420088336,497,581,100,7845,"free-living","marine","saline_water","saline_water_biofilm","USA",41.575836,-70.639233,"454"
"mgm4460448",285013692,465467,0.367882603388594,270695309,270695309,581.556391752799,553,563,50,2048,"free-living","freshwater","freshwater","stream_biofilm","United States of America",40.69,-111.2,"454"
"mgm4460449",279942172,456385,0.365540350409859,265905304,265905304,582.633750013695,554,563,51,2048,"free-living","freshwater","freshwater","hot_spring","United States of America",40.69,-111.2,"454"
"mgm4460677",130492139,302687,0.442905125472997,121216520,121216520,400.468206431066,485,457,50,704,"free-living","marine","saline_water","coastal_seawater","Pacific Ocean",-12.37444,-77,"454"
"mgm4460736",133130185,305906,0.410897040697729,123757618,123757618,404.560937019869,493,461,50,759,"free-living","marine","saline_water","coastal_seawater","Pacific Ocean",-12.37444,-77,"454"
"mgm4461375",53376381,120438,0.48460271988028,49748072,49748072,413.059599129843,479,459,60,1030,"host-associated","terrestrial","animal_host-associated","animal_feces","United States of America",38.633556,-90.29137,"454"
"mgm4465556",171458164,409305,0.496246837925926,158879896,158879896,388.169936844163,486,412,100,899,"host-associated","terrestrial","plant_associated","rhizosphere","Spain",36.96971,-3.46027,"454"
"mgm4466309",70861823,169976,0.372623670614068,65703644,65703644,386.546594813385,493,428,60,724,"free-living","marine","saline_water","coral_reef_seawater","USA",-17.4821083,-162.11346,"454"
"mgm4466597",41986116,97767,0.474707183606045,39064155,39064155,399.563809874498,478,441,60,724,"free-living","marine","saline_water","coral_reef_seawater","Kiribati",-17.9139694,-151.81964,"454"
"mgm4466736",73544823,170735,0.486310645561283,68362464,68362464,400.400995695083,490,445,60,811,"free-living","marine","saline_water","coral_reef_seawater","USA",-160.006,-159.998,"454"
"mgm4466737",99359183,226595,0.508676128467116,92441462,92441462,407.958966437918,489,453,60,781,"free-living","marine","saline_water","coral_reef_seawater","USA",-0.36537,-160.006,"454"
"mgm4466739",21258069,49708,0.511095046062969,19777926,19777926,397.882151766315,475,444,60,780,"free-living","marine","saline_water","coral_reef_seawater","USA",-17.9836444,-160.00819,"454"
"mgm4466740",50297140,113707,0.444591368696243,46882813,46882813,412.312460974258,474,458,60,703,"free-living","marine","saline_water","coral_reef_seawater","USA",1.99095,-162.3486,"454"
"mgm4466741",92592123,224851,0.521248565673979,85732775,85732775,381.287052314644,476,425,60,753,"free-living","marine","saline_water","coral_reef_seawater","USA",-20.504,-162.386,"454"
"mgm4466745",65987312,155662,0.512538853044404,61272869,61272869,393.627661214683,469,436,60,716,"free-living","marine","saline_water","coral_reef_seawater","Kiribati",-20.504,-157.48251,"454"
"mgm4466813",47542780,112840,0.427782840452197,44155406,44155406,391.309872385679,477,432,60,747,"free-living","marine","saline_water","coral_reef_seawater","USA",0.80418,-162.0755,"454"
"mgm4466835",32505902,73587,0.557370640410159,30309388,30309388,411.885088398766,474,454,60,836,"free-living","marine","saline_water","coral_reef_seawater","Kiribati",-20.53,-159.36047,"454"
"mgm4466844",32068950,82819,0.444548537021738,29595450,29595450,357.350970188,408,377,60,707,"free-living","marine","saline_water","coral_reef_seawater","Kiribati",-20.53,-152.30954,"454"
"mgm4466846",126557367,285459,0.511289706820231,117819180,117819180,412.73590953517,466,450,60,772,"free-living","marine","saline_water","coral_reef_seawater","Kiribati",-20.57671667,-160.42023,"454"
"mgm4467029",218961784,500529,0.464068900112703,203556474,203556474,406.682677726965,484,449,50,703,"free-living","freshwater","freshwater","lake","United States of America",42.14694444,-8.014444444,"454"
"mgm4467058",259064017,632812,0.514619701126789,239557770,239557770,378.560725776376,480,415,50,1189,"free-living","freshwater","freshwater","lake","People's Republic of China",31.26,120.12,"454"
"mgm4467059",94568543,217920,0.409579427110864,87923713,87923713,403.467845998532,485,449,50,915,"free-living","freshwater","freshwater","lake","United States of America",40.531,-84.499,"454"
"mgm4468639",22531741,50379,0.478387526204967,21030841,21030841,417.452529823935,484,475,50,773,"free-living","marine","saline_water","oceanic_seawater","Brazil",0.933333333333333,-29.3666666666667,"454"
"mgm4470861",297242219,536505,0.605285807171475,280721175,280721175,523.24055693796,520,521,50,1200,"free-living","terrestrial","soil","contaminated_soil","Brazil",-23.8658333,-46.4375278,"454"
"mgm4477749",77020038,139615,0.629770534579422,72802952,72802952,521.455087204097,513,519,58,1200,"host-associated","terrestrial","plant_associated","rhizosphere","Brazil",-11.6832502,-55.8357663,"454"
"mgm4477751",73435015,132931,0.628724372971931,69425042,69425042,522.263745853112,519,518,60,1200,"host-associated","terrestrial","plant_associated","rhizosphere","Brazil",-11.6832502,-55.8357663,"454"
"mgm4477755",72495197,131761,0.625321096017078,68521560,68521560,520.044322675147,512,518,53,1200,"host-associated","terrestrial","plant_associated","rhizosphere","Brazil",-11.6832502,-55.8357663,"454"
"mgm4477757",75958418,137991,0.621654072818375,71791797,71791797,520.264343326739,516,518,64,1200,"free-living","terrestrial","soil","agricultural_soil","Brazil",-11.6832502,-55.8357663,"454"
"mgm4477789",71386123,129288,0.619829215290241,67489297,67489297,522.007433017759,517,519,57,1200,"free-living","terrestrial","soil","agricultural_soil","Brazil",-11.6832502,-55.8357663,"454"
"mgm4477790",74221749,134684,0.621857063965428,70157648,70157648,520.90558640967,514,518,60,1199,"free-living","terrestrial","soil","agricultural_soil","Brazil",-11.6832502,-55.8357663,"454"
"mgm4478030",72163880,131504,0.626822588695505,68197847,68197847,518.599031208176,512,519,59,1200,"host-associated","terrestrial","plant_associated","rhizosphere","Brazil",-11.6832502,-55.8357663,"454"
"mgm4478037",62596987,112426,0.625578415448018,59222355,59222355,526.767429242346,518,521,57,1200,"host-associated","terrestrial","plant_associated","rhizosphere","Brazil",-11.7412664,-56.2533385,"454"
"mgm4478222",73217076,131922,0.620625823108916,69238255,69238255,524.842368975607,512,520,55,1200,"free-living","terrestrial","soil","agricultural_soil","Brazil",-11.7412664,-56.2533385,"454"
"mgm4478283",73300131,131994,0.625785316516921,69319343,69319343,525.170409261027,514,520,52,1200,"free-living","terrestrial","soil","agricultural_soil","Brazil",-11.7412664,-56.2533385,"454"
"mgm4478290",76798415,138616,0.634975165181569,72612369,72612369,523.838294280603,515,519,58,1200,"host-associated","terrestrial","plant_associated","rhizosphere","Brazil",-11.6832502,-55.8357663,"454"
"mgm4478291",55742385,100255,0.628300746895066,52745562,52745562,526.114029225475,519,520,53,1200,"host-associated","terrestrial","plant_associated","rhizosphere","Brazil",-11.6832502,-55.8357663,"454"
"mgm4478292",65946899,118790,0.633559853582754,62375439,62375439,525.089982321744,517,520,56,1200,"host-associated","terrestrial","plant_associated","rhizosphere","Brazil",-11.6832502,-55.8357663,"454"
"mgm4478294",70779904,127664,0.625672076555969,66933409,66933409,524.293528324351,517,520,58,1200,"free-living","terrestrial","soil","agricultural_soil","Brazil",-11.6832502,-55.8357663,"454"
"mgm4478934",13296128,10137,0.737864626456056,13003102,13003102,1282.73670711256,1600,1587,50,1601,"host-associated","terrestrial","plant_associated","rhizosphere","Brazil",-11.7412664,-56.2533385,"454"
"mgm4478936",72819621,131758,0.631493226955572,68846219,68846219,522.52021888614,513,519,59,1200,"free-living","terrestrial","soil","agricultural_soil","Brazil",-11.6832502,-55.8357663,"454"
"mgm4478937",75842215,136959,0.62767881365739,71707582,71707582,523.569696040421,512,520,65,1200,"free-living","terrestrial","soil","agricultural_soil","Brazil",-11.6832502,-55.8357663,"454"
"mgm4478938",65349674,118173,0.638168473774696,61797357,61797357,522.939732426189,522,519,55,1200,"host-associated","terrestrial","plant_associated","rhizosphere","Brazil",-11.6832502,-55.8357663,"454"
"mgm4478939",69678520,125712,0.636676758474742,65892388,65892388,524.153525518646,513,519,51,1200,"host-associated","terrestrial","plant_associated","rhizosphere","Brazil",-11.7412664,-56.2533385,"454"
"mgm4478940",72587891,131350,0.629511495277903,68627136,68627136,522.475340692806,511,519,52,1200,"free-living","terrestrial","soil","agricultural_soil","Brazil",-11.7412664,-56.2533385,"454"
"mgm4478941",74379080,134244,0.627674507863395,70328593,70328593,523.886304043384,515,520,64,1200,"free-living","terrestrial","soil","agricultural_soil","Brazil",-11.7412664,-56.2533385,"454"
"mgm4478943",61253655,110366,0.632877022551178,57943404,57943404,525.011362194879,516,520,53,1200,"free-living","terrestrial","soil","agricultural_soil","Brazil",-11.7412664,-56.2533385,"454"
"mgm4479311",76196466,137818,0.637734623710207,72035079,72035079,522.682661190846,512,519,51,1200,"host-associated","terrestrial","plant_associated","rhizosphere","Brazil",-11.7412664,-56.2533385,"454"
"mgm4479361",1166694412,1819972,0.50524728931322,1109566226,1109566226,609.66115192981,521,570,50,1200,"free-living","terrestrial","soil","compost","Brazil",-23,-46,"454"
"mgm4479944",1023111084,1618984,0.44654014732201,972414511,972414511,600.632564003103,542,569,50,1201,"free-living","terrestrial","soil","compost","Brazil",-23,-46,"454"
"mgm4481541",278207925,756582,0.365639336036781,254864720,254864720,336.863314221063,365,348,50,1015,"free-living","marine","saline_water","hydrothermal_vent","Pacific Ocean",47.95,-129.0968333,"454"
"mgm4491635",20194006,47954,0.444248054137365,18766484,18766484,391.343454143554,557,427,60,795,"free-living","freshwater","freshwater","lake","Germany",54.3333,10.3333,"454"
"mgm4491637",25075379,59774,0.462713691152224,23293255,23293255,389.688744270084,557,421,60,781,"free-living","freshwater","freshwater","lake","Germany",54.3333,10.3333,"454"
"mgm4491639",21342491,56307,0.435215313457426,19664377,19664377,349.235032944394,623,352,60,823,"free-living","freshwater","freshwater","lake","USA",32.7753,-117.0722,"454"
"mgm4491641",22448077,47696,0.375154345653134,21028289,21028289,440.881604327407,557,477,60,830,"free-living","freshwater","freshwater","lake","Germany",54.3333,10.3333,"454"
"mgm4491642",13406029,37282,0.467393033948049,12298645,12298645,329.881578241511,409,384,60,800,"free-living","freshwater","freshwater","lake","USA",32.7753,-117.0722,"454"
"mgm4491643",16997125,44475,0.620366074500088,15673968,15673968,352.421989881956,487,425,60,845,"free-living","freshwater","freshwater","lake","USA",32.5046,-117.0017,"454"
"mgm4491645",5979892,21298,0.504088147026807,5352058,5352058,251.293924312142,60,224,60,835,"free-living","freshwater","freshwater","lake","USA",32.7753,-117.0722,"454"
"mgm4491646",6624499,20345,0.606198324681121,6025241,6025241,296.153403784714,490,299,60,834,"free-living","freshwater","freshwater","lake","USA",32.5046,-117.0017,"454"
"mgm4492800",5687101,14270,0.370023508079444,5270103,5270103,369.31345480028,397,396,50,722,"host-associated","terrestrial","animal_host-associated","animal_feces","USA",42.3056,-71.52,"454"
"mgm4492801",7638844,19543,0.418466228676581,7063478,7063478,361.432635726347,408,379,50,761,"host-associated","terrestrial","animal_host-associated","animal_feces","USA",42.3056,-71.52,"454"
"mgm4492811",6249866,15932,0.378549971606452,5783004,5783004,362.980416771278,388,387,50,910,"host-associated","terrestrial","animal_host-associated","animal_feces","USA",42.3056,-71.52,"454"
"mgm4496433",243033421,495436,0.527374391037588,227785816,227785816,459.768397936363,512,511,50,1127,"host-associated","terrestrial","human_host-associated","saliva","Switzerland",46.19,6.15,"454"
"mgm4496841",14903331,39669,0.469907385143676,13724364,13724364,345.972018452696,470,388,50,757,"free-living","terrestrial","soil","meadow_soil","French Republic",45.05,6.38,"454"
"mgm4503259",35584462,77978,0.521308869706152,33256175,33256175,426.481507604709,489,464,60,842,"host-associated","terrestrial","human_host-associated","lung","USA",32.715786,-117.158339833333,"454"
"mgm4503260",26628323,54704,0.44563662286117,24998309,24998309,456.974060397777,533,492,60,863,"host-associated","terrestrial","human_host-associated","lung","USA",32.715786,-117.158339833333,"454"
"mgm4503261",20087458,43317,0.58549637271545,18799049,18799049,433.987787704596,483,468,60,718,"host-associated","terrestrial","human_host-associated","lung","USA",32.715786,-117.158339833333,"454"
"mgm4503262",26861709,58451,0.591075701398348,25119285,25119285,429.749448255804,490,470,60,831,"host-associated","terrestrial","human_host-associated","lung","USA",32.715786,-117.158339833333,"454"
"mgm4503268",22084864,48764,0.63686027998769,20633050,20633050,423.120539742433,490,471,60,705,"host-associated","terrestrial","human_host-associated","lung","USA",32.715786,-117.158339833333,"454"
"mgm4503275",16412339,36194,0.540024091083202,15337625,15337625,423.76153506106,490,459,60,705,"host-associated","terrestrial","human_host-associated","lung","USA",32.715786,-117.158339833333,"454"
"mgm4503285",62611900,134718,0.381804009770313,58546745,58546745,434.587397378227,482,467,60,752,"host-associated","terrestrial","human_host-associated","lung","USA",32.715786,-117.158339833333,"454"
"mgm4503286",5997739,13944,0.629579860794342,5590290,5590290,400.910068846816,458,436,60,917,"host-associated","terrestrial","human_host-associated","lung","USA",32.715786,-117.158339833333,"454"
"mgm4516541",315659885,652417,0.460034549132662,295546059,295546059,453.001774938421,431,432,100,1101,"host-associated","marine","animal_host-associated","coral","Brazil",-23.8436111111111,-45.1669444444444,"454"
"mgm4516694",337809609,707209,0.452825886268479,315996599,315996599,446.82208371217,457,439,100,1092,"host-associated","marine","animal_host-associated","coral","Brazil",-23.8436111111111,-45.1669444444444,"454"
"mgm4520107",44378517,90413,0.458245038875393,42841496,42841496,473.842212956101,509,487,50,758,"host-associated","terrestrial","human_host-associated","human_feces","USA",37.4225,-122.1653,"454"
"mgm4520108",66966116,136290,0.472074760539135,64649186,64649186,474.350179763739,511,488,50,792,"host-associated","terrestrial","human_host-associated","human_feces","USA",37.4225,-122.1653,"454"
"mgm4520109",26090435,53580,0.503519856868116,25179575,25179575,469.943542366555,510,493,50,833,"host-associated","terrestrial","human_host-associated","human_feces","USA",37.4225,-122.1653,"454"
"mgm4520110",48740649,101819,0.453606111211965,47009726,47009726,461.698955990532,423,476,50,800,"host-associated","terrestrial","human_host-associated","human_feces","USA",37.4225,-122.1653,"454"
"mgm4520111",73030548,144585,0.458287559550553,70572603,70572603,488.104595912439,517,499,50,809,"host-associated","terrestrial","human_host-associated","human_feces","USA",37.4225,-122.1653,"454"
"mgm4520113",21083211,42977,0.491645097761947,20352602,20352602,473.569630267352,515,499,50,725,"host-associated","terrestrial","human_host-associated","human_feces","USA",37.4225,-122.1653,"454"
"mgm4520114",85124932,180875,0.506287289964954,82050057,82050057,453.628511402903,423,467,50,728,"host-associated","terrestrial","human_host-associated","human_feces","USA",37.4225,-122.1653,"454"
"mgm4520115",38246338,76963,0.457322326374919,36937967,36937967,479.944479814976,513,493,50,725,"host-associated","terrestrial","human_host-associated","human_feces","USA",37.4225,-122.1653,"454"
"mgm4520116",58452668,147042,0.454248724741146,55952954,55952954,380.523619102025,516,422,50,785,"host-associated","terrestrial","human_host-associated","human_feces","USA",37.4225,-122.1653,"454"
"mgm4520117",108214480,217039,0.467725353683231,104524817,104524817,481.59463045812,515,495,50,815,"host-associated","terrestrial","human_host-associated","human_feces","USA",37.4225,-122.1653,"454"
"mgm4520118",32188368,65628,0.481842609581429,31072692,31072692,473.466995794478,510,486,50,778,"host-associated","terrestrial","human_host-associated","human_feces","USA",37.4225,-122.1653,"454"
"mgm4520119",50798759,103101,0.465719048236349,49046042,49046042,475.708693417135,507,488,50,720,"host-associated","terrestrial","human_host-associated","human_feces","USA",37.4225,-122.1653,"454"
"mgm4520120",52081573,105386,0.475084962697662,50290011,50290011,477.198214184047,510,490,50,738,"host-associated","terrestrial","human_host-associated","human_feces","USA",37.4225,-122.1653,"454"
"mgm4520121",45142476,89483,0.503405644013304,43621265,43621265,487.481029916297,513,498,52,758,"host-associated","terrestrial","human_host-associated","human_feces","USA",37.4225,-122.1653,"454"
"mgm4520122",26554965,55160,0.522764137985954,25617245,25617245,464.417059463379,506,489,50,796,"host-associated","terrestrial","human_host-associated","human_feces","USA",37.4225,-122.1653,"454"
"mgm4520123",43993430,91811,0.463008797260166,42432643,42432643,462.173846271144,423,476,50,743,"host-associated","terrestrial","human_host-associated","human_feces","USA",37.4225,-122.1653,"454"
"mgm4520124",38638192,78922,0.457340763017073,37296518,37296518,472.574415245432,423,486,50,714,"host-associated","terrestrial","human_host-associated","human_feces","USA",37.4225,-122.1653,"454"
"mgm4520125",36542504,76764,0.459938748236397,35237516,35237516,459.03699650878,517,485,50,710,"host-associated","terrestrial","human_host-associated","human_feces","USA",37.4225,-122.1653,"454"
"mgm4520126",58721674,115656,0.457709824252872,56755522,56755522,490.727000760877,514,502,50,741,"host-associated","terrestrial","human_host-associated","human_feces","USA",37.4225,-122.1653,"454"
"mgm4520127",57787895,115236,0.450527802965358,55828883,55828883,484.474322260405,523,498,50,743,"host-associated","terrestrial","human_host-associated","human_feces","USA",37.4225,-122.1653,"454"
"mgm4520128",27141859,56203,0.518994166744824,26186408,26186408,465.925448819458,508,493,50,744,"host-associated","terrestrial","human_host-associated","human_feces","USA",37.4225,-122.1653,"454"
"mgm4520129",46003980,92766,0.469742717923653,44426958,44426958,478.914235819158,514,492,50,729,"host-associated","terrestrial","human_host-associated","human_feces","USA",37.4225,-122.1653,"454"
"mgm4520130",41922978,85089,0.462863715989032,40476465,40476465,475.695624581321,514,489,51,730,"host-associated","terrestrial","human_host-associated","human_feces","USA",37.4225,-122.1653,"454"
"mgm4524574",33092380,30274,0.438674306961775,32195266,32195266,1063.46257514699,1154,1127,271,1878,"host-associated","terrestrial","human_host-associated","human-gut","Japan",35.490139,139.683694,"sanger"
"mgm4525093",22377892,21774,0.489153066775857,21735775,21735775,998.244465876734,1151,1044,279,1345,"host-associated","terrestrial","human_host-associated","human-gut","Japan",35.490139,139.683694,"sanger"
"mgm4525311",31402123,29314,0.47970657573096,30533807,30533807,1041.6117554752,1016,1037,319,1526,"host-associated","terrestrial","human_host-associated","human-gut","Japan",35.490139,139.683694,"sanger"
"mgm4525312",44838529,44016,0.506776343660994,43529153,43529153,988.939317520902,1016,1028,233,1471,"host-associated","terrestrial","human_host-associated","human-gut","Japan",35.490139,139.683694,"sanger"
"mgm4525314",21943801,21622,0.531969736195643,21306244,21306244,985.39654056054,1009,1009,100,1788,"host-associated","terrestrial","human_host-associated","human-gut","Japan",35.490139,139.683694,"sanger"
"mgm4525315",47509716,43142,0.534103782200185,46226559,46226559,1071.49782114876,1138,1112,144,1366,"host-associated","terrestrial","human_host-associated","human-gut","Japan",35.490139,139.683694,"sanger"
"mgm4525317",36373277,33047,0.496594055356359,35392971,35392971,1070.98892486459,1120,1085,234,1366,"host-associated","terrestrial","human_host-associated","human-gut","Japan",35.490139,139.683694,"sanger"
"mgm4525322",36373277,33047,0.496594055356359,35392971,35392971,1070.98892486459,1120,1085,234,1366,"host-associated","terrestrial","human_host-associated","human-gut","Japan",35.490139,139.683694,"sanger"
"mgm4525323",30486170,27765,0.516084726833963,29664321,29664321,1068.40702323069,1108,1094,127,1600,"host-associated","terrestrial","human_host-associated","human-gut","Japan",35.490139,139.683694,"sanger"
"mgm4525324",40539257,38940,0.477552932596892,39382160,39382160,1011.35490498202,1009,1018,318,1382,"host-associated","terrestrial","human_host-associated","human-gut","Japan",35.490139,139.683694,"sanger"
"mgm4525325",51087909,49571,0.568850992055634,49611885,49611885,1000.82477658308,935,946,272,1469,"host-associated","terrestrial","human_host-associated","human-gut","Japan",35.490139,139.683694,"sanger"
"mgm4525341",211472549,282583,0.508508643869773,202823567,202823567,717.748650838869,800,768,50,950,"host-associated","marine","animal_host-associated","sea_worm","Italy",42.807838,10.143549,"sanger"
"mgm4525701",17233874,15230,0.558769707957653,16788079,16788079,1102.30328299409,1112,1108,222,1461,"host-associated","terrestrial","human_host-associated","human-gut","Japan",35.490139,139.683694,"sanger"
"mgm4529719",27264803,55831,0.405281040255513,25600941,25600941,458.543479428991,496,415,53,20566,"free-living","freshwater","freshwater","hot_spring","USA",44.753611,-110.723611,"454"
"mgm4530050",95876711,83248,0.630869709413423,93390377,93390377,1121.83328128003,502,827,440,20028,"free-living","terrestrial","soil","permafrost","Canada",79.415,-90.7583333333,"illumina"
"mgm4530144",97210291,157356,0.432625425990574,92443360,92443360,587.479091995221,201,369,200,39081,"free-living","freshwater","freshwater","hot_spring","China",26.257222,99.990278,"illumina"
"mgm4530252",262458294,670669,0.50797487201119,241778363,241778363,360.503263159621,489,397,50,1462,"host-associated","marine","animal_host-associated","sponge","Australia",-33.983333,151.233333,"454"
"mgm4530253",512486518,1161744,0.513645057173365,476420796,476420796,410.091032103458,508,466,50,1134,"host-associated","marine","animal_host-associated","sponge","Australia",-33.983333,151.233333,"454"
"mgm4530254",559658291,1311661,0.493734912234129,518794089,518794089,395.524521198694,502,450,50,993,"host-associated","marine","animal_host-associated","sponge","Australia",-33.983333,151.233333,"454"
"mgm4530290",237541117,579817,0.590483175424198,219677812,219677812,378.874389678123,503,418,50,975,"host-associated","marine","animal_host-associated","sponge","Australia",-18.816667,147.633333,"454"
"mgm4530291",223852372,514489,0.598110329762137,208013754,208013754,404.311373032271,509,466,50,916,"host-associated","marine","animal_host-associated","sponge","Australia",-18.816667,147.633333,"454"
"mgm4530370",223764235,429703,0.469575267055214,210554305,210554305,489.999616013851,502,501,64,2044,"host-associated","marine","animal_host-associated","sponge","Australia",-18.816667,147.633333,"454"
"mgm4530372",186456103,440698,0.459903393678913,172905456,172905456,392.344544336484,493,411,64,1196,"host-associated","marine","animal_host-associated","sponge","Australia",-18.816667,147.633333,"454"
"mgm4530373",261462445,510703,0.552499218538634,245741515,245741515,481.182830333873,492,505,50,1196,"host-associated","marine","animal_host-associated","sponge","Australia",-33.983333,151.233333,"454"
"mgm4530427",374109157,888866,0.522077807367162,346665245,346665245,390.008443342416,490,436,50,1521,"host-associated","marine","animal_host-associated","sponge","Australia",-18.816667,147.633333,"454"
"mgm4530428",348033640,892683,0.540524180180352,320471369,320471369,358.997952240605,494,403,50,907,"host-associated","marine","animal_host-associated","sponge","Australia",-18.816667,147.633333,"454"
"mgm4530429",270952439,859046,0.470943121356439,244432552,244432552,284.539538045693,56,286,50,916,"host-associated","marine","animal_host-associated","sponge","Australia",-18.816667,147.633333,"454"
"mgm4530430",280618928,540493,0.487243217950888,263974644,263974644,488.396045832231,519,501,64,2044,"host-associated","marine","animal_host-associated","sponge","Australia",-33.983333,151.233333,"454"
"mgm4530431",268779030,523633,0.485838008004866,252657324,252657324,482.508405696356,511,505,64,1196,"host-associated","marine","animal_host-associated","sponge","Australia",-33.983333,151.233333,"454"
"mgm4530432",285739130,532862,0.463847171134598,269331372,269331372,505.443007758106,511,507,64,1196,"host-associated","marine","animal_host-associated","sponge","Australia",-33.983333,151.233333,"454"
"mgm4530477",249991612,677562,0.383927245422112,229098216,229098216,338.121405863965,449,365,50,2039,"free-living","marine","saline_water","oceanic_seawater","Australia",-33.983333,151.233333,"454"
"mgm4530478",422850416,1047017,0.485997223324174,390456095,390456095,372.922402406074,485,403,50,966,"free-living","marine","saline_water","oceanic_seawater","Australia",-33.983333,151.233333,"454"
"mgm4530711",17233874,15230,0.558769707957653,16788079,16788079,1102.30328299409,1112,1108,222,1461,"host-associated","terrestrial","human_host-associated","human-gut","Japan",35.490139,139.683694,"sanger"
"mgm4530717",35179479,31877,0.467587731885661,34234275,34234275,1073.94908554757,1096,1089,128,1939,"host-associated","terrestrial","human_host-associated","human-gut","Japan",35.490139,139.683694,"sanger"
"mgm4535523",2363963,7964,0.507870080760229,2134095,2134095,267.967729784028,200,240,200,2958,"host-associated","terrestrial","animal_host-associated","animal_feces","USA",14.7897,-87.5997,"illumina"
"mgm4536624",35179479,31877,0.467587731885661,34234275,34234275,1073.94908554757,1096,1089,128,1939,"host-associated","terrestrial","human_host-associated","human-gut","Japan",35.490139,139.683694,"sanger"
"mgm4539290",368237264,594465,0.466594508205661,349919695,349919695,588.629599724122,604,605,100,1036,"free-living","marine","saline_water","coastal_seawater","Brazil",-22.975369,-42.013012,"454"
"mgm4539291",292803022,466041,0.435466060909345,278464429,278464429,597.510581687019,685,639,100,1343,"free-living","marine","saline_water","coastal_seawater","Brazil",-22.975369,-42.013012,"454"
"mgm4544115",386982189,586965,0.650227085491071,368897192,368897192,628.482434216691,802,678,50,1472,"free-living","terrestrial","soil","compost","France",48.807,21.37,"454"
"mgm4544116",400528018,553681,0.651643529331434,383474872,383474872,692.591712556508,880,767,50,1761,"free-living","terrestrial","soil","compost","France",48.807,21.37,"454"
"mgm4544117",463095752,631595,0.546654289158297,443627250,443627250,702.391960037682,888,761,50,1382,"free-living","terrestrial","soil","compost","France",48.807,21.37,"454"
"mgm4544118",481661478,636279,0.539804431237151,462047715,462047715,726.17156153197,905,792,50,1199,"free-living","terrestrial","soil","compost","France",48.807,21.37,"454"
"mgm4544122",148022389,146751,0.505203438286101,145527622,145527622,991.663579805248,1000,1002,51,1706,"free-living","freshwater","wastewater","sludge","Netherlands",52.0115769,4.3570677,"454"
"mgm4544453",86986717,189384,0.485197702403131,81226782,81226782,428.899917627677,454,405,50,17255,"free-living","freshwater","freshwater","hot_spring","Russia",54.498889,159.991944,"454"
"mgm4547679",161933712,403974,0.499979041203279,155066154,155066154,383.851817196156,461,400,84,952,"free-living","marine","saline_water","oceanic_seawater","Pacific Ocean",-12.494833,-4.998667,"454"
"mgm4547780",220199265,216683,0.501350692176742,216515654,216515654,999.22769206629,1016,1009,51,1632,"free-living","freshwater","wastewater","sludge","Netherlands",52.108739,6.080888,"454"
"mgm4563526",64582185,158138,0.552967105884291,56369778,56369778,356.459408870733,314,311,141,607,"free-living","marine","sediment","coastal_marine_sediment","Finland",60.1638,21.24347,"illumina"
"mgm4565980",319257179,777508,0.549784389882563,278940528,278940528,358.76226096709,314,312,141,607,"free-living","marine","sediment","coastal_marine_sediment","Finland",60.267726,21.407676,"illumina"
"mgm4565982",279381265,651663,0.506008688414796,245694301,245694301,377.026624190724,314,314,130,607,"free-living","marine","sediment","coastal_marine_sediment","Finland",60.267726,21.407676,"illumina"
"mgm4565983",507876289,1163669,0.507893066355005,447836600,447836600,384.848784319252,314,314,112,607,"free-living","marine","sediment","coastal_marine_sediment","Finland",60.267726,21.407676,"illumina"
"mgm4565984",55219992,127048,0.499642601594035,48655785,48655785,382.971672123922,314,314,141,607,"free-living","marine","sediment","coastal_marine_sediment","Finland",60.267726,21.407676,"illumina"
"mgm4573350",26800161,67912,0.482700629259824,23604558,23604558,347.575656732242,306,326,60,604,"free-living","marine","saline_water","coastal_seawater","United States of America",32.731993,-117.211432,"illumina"
"mgm4573351",117354280,316832,0.525851378733596,102472697,102472697,323.429126477124,305,306,51,604,"free-living","marine","saline_water","coastal_seawater","United States of America",32.731993,-117.211432,"illumina"
"mgm4573352",142469092,372775,0.487437401040966,124979115,124979115,335.266890215277,305,318,51,604,"free-living","marine","saline_water","coastal_seawater","United States of America",32.731993,-117.211432,"illumina"
"mgm4573353",30513893,84312,0.485508627519166,26548072,26548072,314.878925894297,305,305,52,604,"free-living","marine","saline_water","coastal_seawater","United States of America",32.731993,-117.211432,"illumina"
"mgm4573354",2381747,6235,0.505783633316833,2086837,2086837,334.697193263833,305,313,94,604,"free-living","marine","saline_water","coastal_seawater","United States of America",32.731993,-117.211432,"illumina"
"mgm4573355",19827267,67740,0.514696558874437,16643624,16643624,245.698612341305,305,253,50,601,"free-living","marine","saline_water","coastal_seawater","United States of America",32.731993,-117.211432,"illumina"
"mgm4573356",37130856,114989,0.493551129278735,31733618,31733618,275.970901564497,305,286,50,604,"free-living","marine","saline_water","coastal_seawater","United States of America",32.731993,-117.211432,"illumina"
"mgm4573495",270176882,835945,0.51062599066726,230951031,230951031,276.275390127341,305,285,50,604,"free-living","marine","saline_water","coastal_seawater","United States of America",32.731993,-117.211432,"illumina"
"mgm4573496",30546445,81403,0.491140382517171,26715036,26715036,328.182450278245,305,307,50,603,"free-living","marine","saline_water","coastal_seawater","United States of America",32.731993,-117.211432,"illumina"
"mgm4573497",253677934,651761,0.481764899091981,223125527,223125527,342.342556550637,306,326,53,604,"free-living","marine","saline_water","coastal_seawater","United States of America",32.731993,-117.211432,"illumina"
"mgm4573676",60408530,156121,0.521586794309662,53062580,53062580,339.881117850898,306,317,50,604,"free-living","marine","saline_water","marine_biofilm","United States of America",32.731993,-117.211432,"illumina"
"mgm4573677",35899785,93972,0.53174058659873,31476986,31476986,334.961328906483,306,312,67,604,"free-living","marine","saline_water","marine_biofilm","United States of America",32.731993,-117.211432,"illumina"
"mgm4573950",51057369,156889,0.470881574724197,43706244,43706244,278.58067805901,305,287,50,604,"free-living","marine","saline_water","coastal_seawater","United States of America",32.731993,-117.211432,"illumina"
"mgm4576679",12350221,31905,0.446515168840024,11404168,11404168,357.441404168626,202,284,200,4312,"free-living","freshwater","wastewater","sludge","USA",42.7369792,-84.4838654,"illumina"
"mgm4587466",232335832,635886,0.612545439870735,212734430,212734430,334.548063646628,408,358,50,728,"free-living","terrestrial","soil","compost","Brazil",-23.651079,-46.620668,"454"
"mgm4587467",243171931,661657,0.612754294764527,222771643,222771643,336.687502739335,424,360,50,739,"free-living","terrestrial","soil","compost","Brazil",-23.651079,-46.620668,"454"
"mgm4587468",333533188,914401,0.606085097991591,305297828,305297828,333.877399521654,408,356,50,719,"free-living","terrestrial","soil","compost","Brazil",-23.651079,-46.620668,"454"
"mgm4601010",8185661,26885,0.413857847204083,7388810,7388810,274.830202715269,304,288,50,910,"host-associated","terrestrial","human_host-associated","human_feces","USA",34.0752969,-118.3805177,"454"
"mgm4601022",5947020,23028,0.480350785514421,5262475,5262475,228.525056453014,203,216,50,724,"host-associated","terrestrial","human_host-associated","human_feces","USA",34.0752969,-118.3805177,"454"
"mgm4601897",58812706,164732,0.462564113198409,53817117,53817117,326.694977296457,201,272,200,1096,"free-living","marine","saline_water","polar_seawater","Southern Ocean",-65.27,118.98,"illumina"
"mgm4601898",22068282,65821,0.418908996566882,20104758,20104758,305.44595189985,201,255,200,1144,"free-living","marine","saline_water","polar_seawater","Southern Ocean",-65.27,118.98,"illumina"
"mgm4603086",34368429,103444,0.525184308928734,31272766,31272766,302.31590039055,240,257,126,4480,"free-living","terrestrial","soil","agricultural_soil","China",26.647661,106.630154,"illumina"
"mgm4606757",2655693638,7915851,0.600074388995787,2273325486,2273325486,287.18649277254,304,295,50,602,"free-living","freshwater","sediment","river_sediment","USA",38.010278,-81.150528,"illumina"
"mgm4606758",2337866596,7021642,0.556805614364184,1999118481,1999118481,284.708118272051,304,296,50,602,"free-living","freshwater","sediment","river_sediment","USA",38.015222,-81.150917,"illumina"
"mgm4606759",2858448522,8897846,0.55756772900119,2430203083,2430203083,273.122627993337,304,293,50,602,"free-living","freshwater","sediment","river_sediment","USA",38.015222,-81.150917,"illumina"
"mgm4606760",2091360058,6461046,0.623571848168287,1779507398,1779507398,275.42094546301,304,293,50,602,"free-living","freshwater","sediment","river_sediment","USA",38.015222,-81.153083,"illumina"
"mgm4606761",3719221667,11051488,0.604697750690832,3185554659,3185554659,288.246674022539,304,296,50,602,"free-living","freshwater","sediment","river_sediment","USA",38.014944,-81.152361,"illumina"
"mgm4606762",1056590636,3393649,0.553484043182096,893482152,893482152,263.280661022987,304,290,50,602,"free-living","freshwater","sediment","river_sediment","USA",38.015194,-81.151833,"illumina"
"mgm4614547",308991923,929122,0.630921341968473,264090705,264090705,284.236844031247,304,297,50,602,"free-living","freshwater","sediment","river_sediment","USA",38.010278,-81.150528,"illumina"
"mgm4614548",597178370,1791670,0.588365519935112,510631104,510631104,285.002876645811,304,298,50,602,"free-living","freshwater","sediment","river_sediment","USA",38.015222,-81.150917,"illumina"
"mgm4614549",509731478,1576998,0.57651757148019,433699291,433699291,275.015752080852,304,296,50,602,"free-living","freshwater","sediment","river_sediment","USA",38.015222,-81.150917,"illumina"
"mgm4614550",136008020,411542,0.657955813703553,116122880,116122880,282.165319700055,304,295,50,602,"free-living","freshwater","sediment","river_sediment","USA",38.015222,-81.153083,"illumina"
"mgm4614551",528334955,1566678,0.633999891906912,452572880,452572880,288.874216654603,304,297,50,602,"free-living","freshwater","sediment","river_sediment","USA",38.014944,-81.152361,"illumina"
"mgm4614552",414888276,1325542,0.567418930042629,351094455,351094455,264.868600919473,304,295,50,602,"free-living","freshwater","sediment","river_sediment","USA",38.015194,-81.151833,"illumina"
"mgm4631155",42939523,10703,0.528835040885617,42629539,42629539,3982.95234980847,3545,3677,302,16525,"free-living","freshwater","freshwater","river","USA",37.544717,-77.454775,"ion torrent"
"mgm4635906",2079850203,5652750,0.599180616811591,1809981973,1809981973,320.194944584494,304,303,50,602,"free-living","freshwater","wastewater","sewage","USA",38.010278,-81.150528,"illumina"
"mgm4635907",1164407480,3214986,0.548856312490618,1011979619,1011979619,314.769525901512,304,303,50,602,"free-living","freshwater","wastewater","sewage","USA",38.015222,-81.150917,"illumina"
"mgm4635908",1844153416,5508465,0.561506576123223,1583835057,1583835057,287.527479433926,304,296,50,602,"free-living","freshwater","wastewater","sewage","USA",38.015222,-81.150917,"illumina"
"mgm4635909",2921762259,8461116,0.617973570864732,2516279149,2516279149,297.393292917861,304,300,50,602,"free-living","freshwater","wastewater","sewage","USA",38.015222,-81.153083,"illumina"
"mgm4635910",2448136740,6581584,0.597121117848536,2135208486,2135208486,324.421672047337,304,303,50,602,"free-living","freshwater","wastewater","sewage","USA",38.014944,-81.152361,"illumina"
"mgm4641382",30470752,13310,0.488192593196363,30082558,30082558,2260.14710743802,643,1594.5,155,20843,"free-living","freshwater","freshwater","river","USA",37.527941,-77.436144,"ion torrent"
"mgm4653307",21703808,40587,0.484875959272685,20497300,20497300,505.021312242836,533,543,50,1264,"host-associated","marine","animal_host-associated","coral","India",11.998,92.96,"454"
"mgm4706424",289837979,578562,0.664518991219451,280002425,280002425,483.962695441457,423,495,50,754,"host-associated","terrestrial","plant_associated","plant-associated","Japan",38.2737,141.533,"454"
"mgm4706425",318188477,617517,0.663163816644331,307690688,307690688,498.270797403148,512,507,50,825,"host-associated","terrestrial","plant_associated","plant-associated","Japan",38.2737,141.533,"454"
"mgm4711612",131703754,155865,0.571525034194314,126981638,126981638,814.689879062009,368,530,300,7463,"free-living","freshwater","wastewater","sludge","China",39.9075,116.3972,"illumina"
